2026-08-04 13:31:09,335 [INFO] Activator:170 - 


2026-08-04 13:31:09,335 [INFO] Activator:171 - !SESSION log4j initialized
2026-08-04 13:31:12,537 [INFO] McuFinderGlobals:40 - Set McuFinder mode to 2 (CubeIDE integrated)
2026-08-04 13:31:12,646 [INFO] ApplicationProperties:181 - Using Application install path: C:\ST\STM32CubeIDE_1.5.1\STM32CubeIDE\plugins\com.st.stm32cube.common.mx_6.1.1.202012091304
2026-08-04 13:31:12,646 [INFO] DbMcusXml:71 - Set database path to: C:\ST\STM32CubeIDE_1.5.1\STM32CubeIDE\plugins\com.st.stm32cube.common.mx_6.1.1.202012091304\\db\/mcu/
2026-08-04 13:31:12,646 [INFO] DbBoardsPdsc:57 - Set plugin database path to: C:\ST\STM32CubeIDE_1.5.1\STM32CubeIDE\plugins\com.st.stm32cube.common.mx_6.1.1.202012091304\\db\/plugins/boardmanager/
2026-08-04 13:31:12,646 [INFO] DbMcus:259 - Set plugin images path to: C:\ST\STM32CubeIDE_1.5.1\STM32CubeIDE\plugins\com.st.stm32cube.common.mx_6.1.1.202012091304\\db\/plugins/mcufinder/images/
2026-08-04 13:31:12,646 [INFO] DbBoards:265 - Set plugin images path to: C:\ST\STM32CubeIDE_1.5.1\STM32CubeIDE\plugins\com.st.stm32cube.common.mx_6.1.1.202012091304\\db\/plugins/mcufinder/images/
2026-08-04 13:31:12,646 [INFO] DbExamples:329 - Set plugin images path to: C:\ST\STM32CubeIDE_1.5.1\STM32CubeIDE\plugins\com.st.stm32cube.common.mx_6.1.1.202012091304\\db\/plugins/mcufinder/images/
2026-08-04 13:31:12,662 [INFO] DbMcusDocs:112 - Set database path to: C:\Users\Alunos\.stmcufinder\plugins\mcufinder//mcu/
2026-08-04 13:31:12,662 [INFO] DbMcusJson:63 - Set database path to: C:\Users\Alunos\.stmcufinder\plugins\mcufinder//mcu/
2026-08-04 13:31:12,662 [INFO] DbBoardsDocs:112 - Set database path to: C:\Users\Alunos\.stmcufinder\plugins\mcufinder//mcu/
2026-08-04 13:31:12,662 [INFO] DbBoardsJson:56 - Set database path to: C:\Users\Alunos\.stmcufinder\plugins\mcufinder//mcu/
2026-08-04 13:31:12,662 [INFO] CrossReferenceDbSqlite:196 - Set database path to: C:\Users\Alunos\.stmcufinder\plugins\mcufinder//mcu/cs/
2026-08-04 13:31:12,662 [INFO] DbExamplesSqlite:699 - Set database path to: C:\Users\Alunos\.stmcufinder\plugins\mcufinder//mcu/
2026-08-04 13:31:12,709 [INFO] RulesReader:52 - Compatibility file has been processed (228 Rules)
2026-08-04 13:31:12,756 [INFO] MicroXplorer:565 - Detected Java Version = 1.8.0_272
2026-08-04 13:31:12,756 [INFO] DbMcusXml:71 - Set database path to: C:\ST\STM32CubeIDE_1.5.1\STM32CubeIDE\plugins\com.st.stm32cube.common.mx_6.1.1.202012091304\\db\/mcu/
2026-08-04 13:31:12,756 [INFO] DbBoardsPdsc:57 - Set plugin database path to: C:\ST\STM32CubeIDE_1.5.1\STM32CubeIDE\plugins\com.st.stm32cube.common.mx_6.1.1.202012091304\\db\/plugins/boardmanager/
2026-08-04 13:31:12,756 [INFO] DbMcus:259 - Set plugin images path to: C:\ST\STM32CubeIDE_1.5.1\STM32CubeIDE\plugins\com.st.stm32cube.common.mx_6.1.1.202012091304\\db\/plugins/mcufinder/images/
2026-08-04 13:31:12,756 [INFO] DbBoards:265 - Set plugin images path to: C:\ST\STM32CubeIDE_1.5.1\STM32CubeIDE\plugins\com.st.stm32cube.common.mx_6.1.1.202012091304\\db\/plugins/mcufinder/images/
2026-08-04 13:31:12,756 [INFO] DbExamples:329 - Set plugin images path to: C:\ST\STM32CubeIDE_1.5.1\STM32CubeIDE\plugins\com.st.stm32cube.common.mx_6.1.1.202012091304\\db\/plugins/mcufinder/images/
2026-08-04 13:31:12,756 [WARN] DbFile:36 - Overriding database path with different value: C:\Users\Alunos\.stmcufinder\plugins\mcufinder/ => C:\Users\Alunos\.stmcufinder\plugins\mcufinder
2026-08-04 13:31:12,756 [INFO] DbMcusDocs:112 - Set database path to: C:\Users\Alunos\.stmcufinder\plugins\mcufinder//mcu/
2026-08-04 13:31:12,756 [WARN] DbFile:36 - Overriding database path with different value: C:\Users\Alunos\.stmcufinder\plugins\mcufinder/ => C:\Users\Alunos\.stmcufinder\plugins\mcufinder
2026-08-04 13:31:12,756 [INFO] DbMcusJson:63 - Set database path to: C:\Users\Alunos\.stmcufinder\plugins\mcufinder//mcu/
2026-08-04 13:31:12,756 [WARN] DbFile:36 - Overriding database path with different value: C:\Users\Alunos\.stmcufinder\plugins\mcufinder/ => C:\Users\Alunos\.stmcufinder\plugins\mcufinder
2026-08-04 13:31:12,756 [INFO] DbBoardsDocs:112 - Set database path to: C:\Users\Alunos\.stmcufinder\plugins\mcufinder//mcu/
2026-08-04 13:31:12,756 [WARN] DbFile:36 - Overriding database path with different value: C:\Users\Alunos\.stmcufinder\plugins\mcufinder/ => C:\Users\Alunos\.stmcufinder\plugins\mcufinder
2026-08-04 13:31:12,756 [INFO] DbBoardsJson:56 - Set database path to: C:\Users\Alunos\.stmcufinder\plugins\mcufinder//mcu/
2026-08-04 13:31:12,756 [WARN] DbFile:36 - Overriding database path with different value: C:\Users\Alunos\.stmcufinder\plugins\mcufinder/ => C:\Users\Alunos\.stmcufinder\plugins\mcufinder
2026-08-04 13:31:12,756 [WARN] DbFile:36 - Overriding database path with different value: C:\Users\Alunos\.stmcufinder\plugins\mcufinder/ => C:\Users\Alunos\.stmcufinder\plugins\mcufinder
2026-08-04 13:31:12,756 [INFO] CrossReferenceDbSqlite:196 - Set database path to: C:\Users\Alunos\.stmcufinder\plugins\mcufinder//mcu/cs/
2026-08-04 13:31:12,756 [WARN] DbFile:36 - Overriding database path with different value: C:\Users\Alunos\.stmcufinder\plugins\mcufinder/ => C:\Users\Alunos\.stmcufinder\plugins\mcufinder
2026-08-04 13:31:12,756 [INFO] DbExamplesSqlite:699 - Set database path to: C:\Users\Alunos\.stmcufinder\plugins\mcufinder//mcu/
2026-08-04 13:31:12,787 [INFO] MainPanel:190 - HeapMemory: 268435456
2026-08-04 13:31:12,803 [INFO] DbMcusXml:71 - Set database path to: C:\ST\STM32CubeIDE_1.5.1\STM32CubeIDE\plugins\com.st.stm32cube.common.mx_6.1.1.202012091304\\db\/mcu/
2026-08-04 13:31:12,803 [INFO] DbBoardsPdsc:57 - Set plugin database path to: C:\ST\STM32CubeIDE_1.5.1\STM32CubeIDE\plugins\com.st.stm32cube.common.mx_6.1.1.202012091304\\db\/plugins/boardmanager/
2026-08-04 13:31:12,803 [INFO] DbMcus:259 - Set plugin images path to: C:\ST\STM32CubeIDE_1.5.1\STM32CubeIDE\plugins\com.st.stm32cube.common.mx_6.1.1.202012091304\\db\/plugins/mcufinder/images/
2026-08-04 13:31:12,803 [INFO] DbBoards:265 - Set plugin images path to: C:\ST\STM32CubeIDE_1.5.1\STM32CubeIDE\plugins\com.st.stm32cube.common.mx_6.1.1.202012091304\\db\/plugins/mcufinder/images/
2026-08-04 13:31:12,803 [INFO] DbExamples:329 - Set plugin images path to: C:\ST\STM32CubeIDE_1.5.1\STM32CubeIDE\plugins\com.st.stm32cube.common.mx_6.1.1.202012091304\\db\/plugins/mcufinder/images/
2026-08-04 13:31:12,803 [WARN] DbFile:36 - Overriding database path with different value: C:\Users\Alunos\.stmcufinder\plugins\mcufinder/ => C:\Users\Alunos\.stmcufinder\plugins\mcufinder
2026-08-04 13:31:12,803 [INFO] DbMcusDocs:112 - Set database path to: C:\Users\Alunos\.stmcufinder\plugins\mcufinder//mcu/
2026-08-04 13:31:12,803 [WARN] DbFile:36 - Overriding database path with different value: C:\Users\Alunos\.stmcufinder\plugins\mcufinder/ => C:\Users\Alunos\.stmcufinder\plugins\mcufinder
2026-08-04 13:31:12,803 [INFO] DbMcusJson:63 - Set database path to: C:\Users\Alunos\.stmcufinder\plugins\mcufinder//mcu/
2026-08-04 13:31:12,803 [WARN] DbFile:36 - Overriding database path with different value: C:\Users\Alunos\.stmcufinder\plugins\mcufinder/ => C:\Users\Alunos\.stmcufinder\plugins\mcufinder
2026-08-04 13:31:12,803 [INFO] DbBoardsDocs:112 - Set database path to: C:\Users\Alunos\.stmcufinder\plugins\mcufinder//mcu/
2026-08-04 13:31:12,803 [WARN] DbFile:36 - Overriding database path with different value: C:\Users\Alunos\.stmcufinder\plugins\mcufinder/ => C:\Users\Alunos\.stmcufinder\plugins\mcufinder
2026-08-04 13:31:12,803 [INFO] DbBoardsJson:56 - Set database path to: C:\Users\Alunos\.stmcufinder\plugins\mcufinder//mcu/
2026-08-04 13:31:12,803 [WARN] DbFile:36 - Overriding database path with different value: C:\Users\Alunos\.stmcufinder\plugins\mcufinder/ => C:\Users\Alunos\.stmcufinder\plugins\mcufinder
2026-08-04 13:31:12,803 [WARN] DbFile:36 - Overriding database path with different value: C:\Users\Alunos\.stmcufinder\plugins\mcufinder/ => C:\Users\Alunos\.stmcufinder\plugins\mcufinder
2026-08-04 13:31:12,803 [INFO] CrossReferenceDbSqlite:196 - Set database path to: C:\Users\Alunos\.stmcufinder\plugins\mcufinder//mcu/cs/
2026-08-04 13:31:12,803 [WARN] DbFile:36 - Overriding database path with different value: C:\Users\Alunos\.stmcufinder\plugins\mcufinder/ => C:\Users\Alunos\.stmcufinder\plugins\mcufinder
2026-08-04 13:31:12,803 [INFO] DbExamplesSqlite:699 - Set database path to: C:\Users\Alunos\.stmcufinder\plugins\mcufinder//mcu/
2026-08-04 13:31:12,818 [INFO] ApplicationProperties:181 - Using Application install path: C:\ST\STM32CubeIDE_1.5.1\STM32CubeIDE\plugins\com.st.stm32cube.common.mx_6.1.1.202012091304
2026-08-04 13:31:12,818 [INFO] PluginManage:178 - Search for loadable plugins [exclusion list=, ]
2026-08-04 13:31:12,818 [INFO] PluginManage:292 - Check plugin analytics
2026-08-04 13:31:12,896 [INFO] AnalyticsPlugin:225 - Accepted Software Licenses: STM32CubeMX.6.11.0
2026-08-04 13:31:12,896 [INFO] AnalyticsPlugin:227 - Accepted CMSIS Pack Licenses: 
2026-08-04 13:31:12,896 [INFO] AnalyticsPlugin:229 - Accepted Firmware Licenses: 
2026-08-04 13:31:12,896 [INFO] PluginManage:342 - Loaded plugin analytics (category:tool,tabindex:-1)
2026-08-04 13:31:12,896 [INFO] PluginManage:292 - Check plugin clock
2026-08-04 13:31:12,896 [INFO] PluginManage:342 - Loaded plugin clock (category:base,tabindex:2)
2026-08-04 13:31:12,896 [INFO] PluginManage:292 - Check plugin ddr
2026-08-04 13:31:12,896 [INFO] PluginManage:342 - Loaded plugin ddr (category:tool,tabindex:6)
2026-08-04 13:31:12,896 [INFO] PluginManage:292 - Check plugin filemanager
2026-08-04 13:31:12,959 [INFO] PluginManage:342 - Loaded plugin filemanager (category:base,tabindex:10)
2026-08-04 13:31:12,959 [INFO] PluginManage:292 - Check plugin ipmanager
2026-08-04 13:31:12,959 [INFO] PluginManage:342 - Loaded plugin ipmanager (category:base,tabindex:5)
2026-08-04 13:31:12,959 [INFO] PluginManage:292 - Check plugin pinoutandconfiguration
2026-08-04 13:31:12,959 [INFO] PluginManage:342 - Loaded plugin pinoutandconfiguration (category:base,tabindex:1)
2026-08-04 13:31:12,959 [INFO] PluginManage:292 - Check plugin pinoutconfig
2026-08-04 13:31:12,974 [INFO] PluginManage:342 - Loaded plugin pinoutconfig (category:base,tabindex:0)
2026-08-04 13:31:12,974 [INFO] PluginManage:292 - Check plugin power
2026-08-04 13:31:12,974 [INFO] PluginManage:342 - Loaded plugin power (category:power,tabindex:4)
2026-08-04 13:31:12,974 [INFO] PluginManage:292 - Check plugin projectmanager
2026-08-04 13:31:12,990 [INFO] PluginManage:342 - Loaded plugin projectmanager (category:projectmanager,tabindex:3)
2026-08-04 13:31:12,990 [INFO] PluginManage:292 - Check plugin thirdparty
2026-08-04 13:31:13,037 [INFO] PluginManage:342 - Loaded plugin thirdparty (category:base,tabindex:-1)
2026-08-04 13:31:13,037 [WARN] IntegrityCheckThread:59 - waiting for thirdparty lock release [integrity check]
2026-08-04 13:31:13,037 [INFO] PluginManage:292 - Check plugin tools
2026-08-04 13:31:13,037 [INFO] IntegrityCheckThread:61 - entering critical section [integrity check]
2026-08-04 13:31:13,037 [INFO] ThirdPartyUpdaterWithRetryManager:56 - Updater plugin not ready yet. [1/15]
2026-08-04 13:31:13,037 [INFO] PluginManage:342 - Loaded plugin tools (category:base,tabindex:7)
2026-08-04 13:31:13,037 [INFO] PluginManage:292 - Check plugin tutovideos
2026-08-04 13:31:13,162 [INFO] PluginManage:342 - Loaded plugin tutovideos (category:base,tabindex:-1)
2026-08-04 13:31:13,162 [INFO] PluginManage:292 - Check plugin updater
2026-08-04 13:31:13,162 [INFO] PluginManage:342 - Loaded plugin updater (category:base,tabindex:12)
2026-08-04 13:31:13,162 [INFO] PluginManage:265 - PluginManage : Loaded plugins [13]
2026-08-04 13:31:13,242 [INFO] PinOutPanel:1434 - setPackage(No Configuration,No Configuration)
2026-08-04 13:31:13,274 [INFO] IPUIPlugin:64 - create IPUIPlugin
2026-08-04 13:31:13,274 [INFO] PluginManager:203 - loadIPPluginJar : add adc
2026-08-04 13:31:13,289 [INFO] IPUIPlugin:64 - create IPUIPlugin
2026-08-04 13:31:13,289 [INFO] PluginManager:203 - loadIPPluginJar : add aes
2026-08-04 13:31:13,289 [INFO] IPUIPlugin:64 - create IPUIPlugin
2026-08-04 13:31:13,289 [INFO] PluginManager:203 - loadIPPluginJar : add can
2026-08-04 13:31:13,305 [INFO] IPUIPlugin:64 - create IPUIPlugin
2026-08-04 13:31:13,305 [INFO] PluginManager:203 - loadIPPluginJar : add comp
2026-08-04 13:31:13,305 [INFO] IPUIPlugin:64 - create IPUIPlugin
2026-08-04 13:31:13,305 [INFO] PluginManager:203 - loadIPPluginJar : add cryp
2026-08-04 13:31:13,305 [INFO] IPUIPlugin:64 - create IPUIPlugin
2026-08-04 13:31:13,305 [INFO] PluginManager:203 - loadIPPluginJar : add dfsdm
2026-08-04 13:31:13,321 [INFO] IPUIPlugin:64 - create IPUIPlugin
2026-08-04 13:31:13,321 [INFO] PluginManager:203 - loadIPPluginJar : add dma
2026-08-04 13:31:13,321 [INFO] IPUIPlugin:64 - create IPUIPlugin
2026-08-04 13:31:13,321 [INFO] PluginManager:203 - loadIPPluginJar : add fatfs
2026-08-04 13:31:13,321 [INFO] IPUIPlugin:64 - create IPUIPlugin
2026-08-04 13:31:13,321 [INFO] PluginManager:203 - loadIPPluginJar : add fmc
2026-08-04 13:31:13,336 [INFO] IPUIPlugin:64 - create IPUIPlugin
2026-08-04 13:31:13,336 [INFO] PluginManager:203 - loadIPPluginJar : add freertos
2026-08-04 13:31:13,336 [INFO] IPUIPlugin:64 - create IPUIPlugin
2026-08-04 13:31:13,336 [INFO] PluginManager:203 - loadIPPluginJar : add genericplugin
2026-08-04 13:31:13,336 [INFO] IPUIPlugin:64 - create IPUIPlugin
2026-08-04 13:31:13,336 [INFO] PluginManager:203 - loadIPPluginJar : add gfxmmu
2026-08-04 13:31:13,336 [INFO] IPUIPlugin:64 - create IPUIPlugin
2026-08-04 13:31:13,336 [INFO] PluginManager:203 - loadIPPluginJar : add gic
2026-08-04 13:31:13,336 [INFO] IPUIPlugin:64 - create IPUIPlugin
2026-08-04 13:31:13,336 [INFO] PluginManager:203 - loadIPPluginJar : add gpio
2026-08-04 13:31:13,336 [INFO] IPUIPlugin:64 - create IPUIPlugin
2026-08-04 13:31:13,336 [INFO] PluginManager:203 - loadIPPluginJar : add gtzc
2026-08-04 13:31:13,336 [INFO] IPUIPlugin:64 - create IPUIPlugin
2026-08-04 13:31:13,336 [INFO] PluginManager:203 - loadIPPluginJar : add hash
2026-08-04 13:31:13,336 [INFO] IPUIPlugin:64 - create IPUIPlugin
2026-08-04 13:31:13,336 [INFO] PluginManager:203 - loadIPPluginJar : add i2c
2026-08-04 13:31:13,336 [INFO] IPUIPlugin:64 - create IPUIPlugin
2026-08-04 13:31:13,336 [INFO] PluginManager:203 - loadIPPluginJar : add i2s
2026-08-04 13:31:13,336 [INFO] IPUIPlugin:64 - create IPUIPlugin
2026-08-04 13:31:13,336 [INFO] PluginManager:203 - loadIPPluginJar : add ipddr
2026-08-04 13:31:13,352 [INFO] IPUIPlugin:64 - create IPUIPlugin
2026-08-04 13:31:13,352 [INFO] PluginManager:203 - loadIPPluginJar : add lorawan
2026-08-04 13:31:13,352 [INFO] IPUIPlugin:64 - create IPUIPlugin
2026-08-04 13:31:13,352 [INFO] PluginManager:203 - loadIPPluginJar : add ltdc
2026-08-04 13:31:13,352 [INFO] IPUIPlugin:64 - create IPUIPlugin
2026-08-04 13:31:13,352 [INFO] PluginManager:203 - loadIPPluginJar : add mdma
2026-08-04 13:31:13,352 [INFO] IPUIPlugin:64 - create IPUIPlugin
2026-08-04 13:31:13,352 [INFO] PluginManager:203 - loadIPPluginJar : add nvic
2026-08-04 13:31:13,352 [INFO] IPUIPlugin:64 - create IPUIPlugin
2026-08-04 13:31:13,352 [INFO] PluginManager:203 - loadIPPluginJar : add opamp
2026-08-04 13:31:13,352 [INFO] IPUIPlugin:64 - create IPUIPlugin
2026-08-04 13:31:13,352 [INFO] PluginManager:203 - loadIPPluginJar : add openamp
2026-08-04 13:31:13,352 [INFO] IPUIPlugin:64 - create IPUIPlugin
2026-08-04 13:31:13,352 [INFO] PluginManager:203 - loadIPPluginJar : add pdm2pcm
2026-08-04 13:31:13,352 [INFO] IPUIPlugin:64 - create IPUIPlugin
2026-08-04 13:31:13,352 [INFO] PluginManager:203 - loadIPPluginJar : add plateformsettings
2026-08-04 13:31:13,352 [INFO] IPUIPlugin:64 - create IPUIPlugin
2026-08-04 13:31:13,352 [INFO] PluginManager:203 - loadIPPluginJar : add quadspi
2026-08-04 13:31:13,368 [INFO] IPUIPlugin:64 - create IPUIPlugin
2026-08-04 13:31:13,368 [INFO] PluginManager:203 - loadIPPluginJar : add resmgrutility
2026-08-04 13:31:13,368 [INFO] IPUIPlugin:64 - create IPUIPlugin
2026-08-04 13:31:13,368 [INFO] PluginManager:203 - loadIPPluginJar : add sai
2026-08-04 13:31:13,368 [INFO] IPUIPlugin:64 - create IPUIPlugin
2026-08-04 13:31:13,368 [INFO] PluginManager:203 - loadIPPluginJar : add spi
2026-08-04 13:31:13,368 [INFO] IPUIPlugin:64 - create IPUIPlugin
2026-08-04 13:31:13,368 [INFO] PluginManager:203 - loadIPPluginJar : add stm32_wpan
2026-08-04 13:31:13,368 [INFO] IPUIPlugin:64 - create IPUIPlugin
2026-08-04 13:31:13,368 [INFO] PluginManager:203 - loadIPPluginJar : add tim
2026-08-04 13:31:13,368 [INFO] IPUIPlugin:64 - create IPUIPlugin
2026-08-04 13:31:13,368 [INFO] PluginManager:203 - loadIPPluginJar : add touchsensing
2026-08-04 13:31:13,368 [INFO] IPUIPlugin:64 - create IPUIPlugin
2026-08-04 13:31:13,368 [INFO] PluginManager:203 - loadIPPluginJar : add tracer_emb
2026-08-04 13:31:13,368 [INFO] IPUIPlugin:64 - create IPUIPlugin
2026-08-04 13:31:13,368 [INFO] PluginManager:203 - loadIPPluginJar : add ts
2026-08-04 13:31:13,368 [INFO] IPUIPlugin:64 - create IPUIPlugin
2026-08-04 13:31:13,368 [INFO] PluginManager:203 - loadIPPluginJar : add tsc
2026-08-04 13:31:13,368 [INFO] IPUIPlugin:64 - create IPUIPlugin
2026-08-04 13:31:13,368 [INFO] PluginManager:203 - loadIPPluginJar : add ucpd
2026-08-04 13:31:13,368 [INFO] IPUIPlugin:64 - create IPUIPlugin
2026-08-04 13:31:13,368 [INFO] PluginManager:203 - loadIPPluginJar : add usart
2026-08-04 13:31:13,540 [FATAL] Updater:284 - Updater called before beeing initialized
2026-08-04 13:31:13,602 [FATAL] Updater:284 - Updater called before beeing initialized
2026-08-04 13:31:13,618 [WARN] DetailPanel:347 - Failed to get advertising image, set to default
2026-08-04 13:31:13,618 [FATAL] Updater:284 - Updater called before beeing initialized
2026-08-04 13:31:13,618 [WARN] DetailPanel:347 - Failed to get advertising image, set to default
2026-08-04 13:31:13,649 [FATAL] Updater:284 - Updater called before beeing initialized
2026-08-04 13:31:13,649 [WARN] ThirdParty:783 - waiting for thirdparty lock release [close project]
2026-08-04 13:31:16,040 [INFO] ThirdPartyUpdaterWithRetryManager:56 - Updater plugin not ready yet. [2/15]
2026-08-04 13:31:19,054 [FATAL] Updater:284 - Updater called before beeing initialized
2026-08-04 13:31:19,054 [ERROR] AbstractThirdPartyUpdaterManager:153 - java.lang.Integer cannot be cast to java.util.List
2026-08-04 13:31:19,054 [INFO] ThirdParty:887 - Integrity check success = false
2026-08-04 13:31:19,054 [INFO] IntegrityCheckThread:75 - exiting critical section [integrity check]
2026-08-04 13:31:19,054 [INFO] IntegrityCheckThread:78 - End integrity checks thread
2026-08-04 13:31:19,054 [INFO] ThirdParty:785 - entering critical section [close project]
2026-08-04 13:31:19,054 [INFO] ThirdParty:796 - exiting critical section [close project]
2026-08-04 13:31:19,054 [INFO] PinOutPanel:1434 - setPackage(No Configuration,No Configuration)
2026-08-04 13:31:19,054 [FATAL] Updater:284 - Updater called before beeing initialized
2026-08-04 13:31:19,070 [ERROR] Updater:1065 - MainUpdater not yet initialized. External WinMGr cannot be set.
2026-08-04 13:31:19,070 [INFO] Updater:1002 - Updater Version found : 6.1.1
2026-08-04 13:31:19,086 [INFO] ApplicationProperties:181 - Using Application install path: C:\ST\STM32CubeIDE_1.5.1\STM32CubeIDE\plugins\com.st.stm32cube.common.mx_6.1.1.202012091304
2026-08-04 13:31:19,289 [INFO] MainUpdater:2644 - connection check result : 10
2026-08-04 13:31:19,289 [INFO] MainUpdater:249 - Updater Check For Update Now.
2026-08-04 13:31:19,289 [INFO] MicroXplorer:415 - Change Database Version : DB.6.0.10
2026-08-04 13:31:19,351 [INFO] CheckServerUpdateThread:102 - End of CheckServer Thread
2026-08-04 13:31:19,414 [INFO] MainUpdater:2644 - connection check result : 10
2026-08-04 13:31:19,778 [INFO] CrossSelectorPresenter:1330 - Cross Selector saved comparison directory: C:\Users\Alunos\.stmcufinder\plugins\mcufinder\mcu\cs_comparisons_mx
2026-08-04 13:31:19,778 [INFO] MultiScanPanel:198 - Auto-refresh data requested => check proxy status ongoing
2026-08-04 13:31:19,793 [INFO] FinderPluginLoader:87 - Searching for filters in installed packs
2026-08-04 13:31:19,793 [INFO] DbMcusXml:97 - Load MCU database from C:\ST\STM32CubeIDE_1.5.1\STM32CubeIDE\plugins\com.st.stm32cube.common.mx_6.1.1.202012091304\\db\/mcu/families.xml
2026-08-04 13:31:20,139 [INFO] DbMcusJson:92 - JSON generation date=Tue Nov 16 13:17:54 BRT 2021 (1637079474)
2026-08-04 13:31:20,547 [INFO] DbMcus:176 - Found 1835 MCUs (1796 are supported by CubeMX, 1920 are visible in CubeMX)
2026-08-04 13:31:20,547 [INFO] ApiDb:238 - Load user favorites file C:\Users\Alunos/.stm32cubeide/favorites.mcus.txt: 1 item(s)
2026-08-04 13:31:20,547 [INFO] ApiDb:242 - User favorites MCUs=[STM32F103C8Tx]
2026-08-04 13:31:20,547 [INFO] DbMcus:188 - Set 1 / 1 favorites MCUs
2026-08-04 13:31:20,782 [WARN] DetailPanel:347 - Failed to get advertising image, set to default
2026-08-04 13:31:20,938 [INFO] McuFilterPanel:245 - Update 1 favorites MCUs
2026-08-04 13:31:20,985 [INFO] DbBoardsPdsc:91 - Found 24 items
2026-08-04 13:31:21,000 [INFO] DbBoardsPdsc:91 - Found 9 items
2026-08-04 13:31:21,016 [INFO] DbBoardsPdsc:91 - Found 32 items
2026-08-04 13:31:21,016 [INFO] DbBoardsPdsc:91 - Found 1 items
2026-08-04 13:31:21,032 [INFO] DbBoardsPdsc:91 - Found 45 items
2026-08-04 13:31:21,047 [INFO] DbBoardsPdsc:91 - Found 41 items
2026-08-04 13:31:21,047 [INFO] DbBoardsPdsc:91 - Found 2 items
2026-08-04 13:31:21,063 [INFO] DbBoardsPdsc:91 - Found 4 items
2026-08-04 13:31:21,063 [WARN] DbBoardsPdsc:255 - Board STM32H7B3I-DK: unknown feature type=Audio, name=, username=Audio stereo codec with Headphone Amp (CS42L51-CNZ), n=1
2026-08-04 13:31:21,063 [WARN] DbBoardsPdsc:255 - Board STM32H735G-DK: unknown feature type=Audio, name=, username=Audio stereo codec with Headphone Amp (WM8994ECS/R), n=1
2026-08-04 13:31:21,063 [WARN] DbBoardsPdsc:255 - Board STM32H7B3I-EVAL: unknown feature type=Audio, name=, username=Multi-Channel Audio Codec (CS42L51-CNZ), n=1
2026-08-04 13:31:21,063 [WARN] DbBoardsPdsc:255 - Board STM32H7B3I-EVAL: unknown feature type=Meter, name=, username=Power-metering and Temperature-monitoring with sigma-delta modulators, n=1
2026-08-04 13:31:21,063 [WARN] DbBoardsPdsc:255 - Board STM32H7B3I-EVAL: unknown feature type=Motor, name=, username=Motor Control, n=1
2026-08-04 13:31:21,094 [INFO] DbBoardsJson:85 - JSON generation date=Tue Nov 16 13:17:54 BRT 2021 (1637079474)
2026-08-04 13:31:21,094 [INFO] DbBoards:118 - Found 168 boards (155 are supported by CubeMX)
2026-08-04 13:31:21,110 [INFO] DbBoardsDocs:145 - JSON generation date=Tue Nov 16 13:17:54 BRT 2021 (1637079474)
2026-08-04 13:31:21,110 [INFO] DbBoardsDocs:81 - Found 209 boards documents
2026-08-04 13:31:21,110 [WARN] DbBoards:128 - board B-L475E-IOT01A2 has no document id list !
2026-08-04 13:31:21,110 [WARN] DbBoards:128 - board NUCLEO-H743ZI has no document id list !
2026-08-04 13:31:21,110 [WARN] DbBoards:128 - board NUCLEO-WL55JC1 has no document id list !
2026-08-04 13:31:21,110 [WARN] DbBoards:128 - board NUCLEO-WL55JC2 has no document id list !
2026-08-04 13:31:21,110 [WARN] DbBoards:128 - board P-NUCLEO-WB55-Nucleo has no document id list !
2026-08-04 13:31:21,110 [WARN] DbBoards:128 - board P-NUCLEO-WB55-USBDongle has no document id list !
2026-08-04 13:31:21,110 [WARN] DbBoards:128 - board STEVAL-BFA001V1B has no document id list !
2026-08-04 13:31:21,110 [WARN] DbBoards:128 - board STEVAL-BFA001V2B has no document id list !
2026-08-04 13:31:21,110 [WARN] DbBoards:128 - board STEVAL-IDP005V1 has no document id list !
2026-08-04 13:31:21,110 [WARN] DbBoards:128 - board STEVAL-IDP005V2 has no document id list !
2026-08-04 13:31:21,110 [WARN] DbBoards:128 - board STEVAL-MKSBOX1V1 has no document id list !
2026-08-04 13:31:21,110 [WARN] DbBoards:128 - board STEVAL-STWINKT1 has no document id list !
2026-08-04 13:31:21,110 [WARN] DbBoards:128 - board STEVAL-STWINKT1B has no document id list !
2026-08-04 13:31:21,110 [WARN] DbBoards:128 - board STM32439I-EVAL2 has no document id list !
2026-08-04 13:31:21,110 [WARN] DbBoards:128 - board STM32F401C-DISCO has no document id list !
2026-08-04 13:31:21,110 [WARN] DbBoards:128 - board STM32F769I-DISC1 has no document id list !
2026-08-04 13:31:21,110 [WARN] DbBoards:128 - board STM32G474E-EVAL1 has no document id list !
2026-08-04 13:31:21,110 [WARN] DbBoards:128 - board STM32H743I-EVAL2 has no document id list !
2026-08-04 13:31:21,110 [WARN] DbBoards:128 - board STM32H747I-DISC1 has no document id list !
2026-08-04 13:31:21,110 [WARN] DbBoards:128 - board STM32H753I-EVAL2 has no document id list !
2026-08-04 13:31:21,110 [WARN] DbBoards:128 - board STM32L-DISCOVERY has no document id list !
2026-08-04 13:31:21,219 [ERROR] DbBoards:190 - Image file not found for board B-U585I-IOT02A: C:\ST\STM32CubeIDE_1.5.1\STM32CubeIDE\plugins\com.st.stm32cube.common.mx_6.1.1.202012091304\\db\/plugins/mcufinder/images/boards/B-U585I-IOT02A_small.jpg
2026-08-04 13:31:21,250 [ERROR] DbBoards:190 - Image file not found for board NUCLEO-F413ZH: C:\ST\STM32CubeIDE_1.5.1\STM32CubeIDE\plugins\com.st.stm32cube.common.mx_6.1.1.202012091304\\db\/plugins/mcufinder/images/boards/nucleo-f413zh_small.jpg
2026-08-04 13:31:21,328 [ERROR] DbBoards:190 - Image file not found for board NUCLEO-L552ZE-Q: C:\ST\STM32CubeIDE_1.5.1\STM32CubeIDE\plugins\com.st.stm32cube.common.mx_6.1.1.202012091304\\db\/plugins/mcufinder/images/boards/nucleo_l552ze_q_small.jpg
2026-08-04 13:31:21,328 [ERROR] DbBoards:190 - Image file not found for board NUCLEO-U575ZI-Q: C:\ST\STM32CubeIDE_1.5.1\STM32CubeIDE\plugins\com.st.stm32cube.common.mx_6.1.1.202012091304\\db\/plugins/mcufinder/images/boards/nucleo-u575zi-q_small.jpg
2026-08-04 13:31:21,328 [ERROR] DbBoards:190 - Image file not found for board NUCLEO-WB15CC: C:\ST\STM32CubeIDE_1.5.1\STM32CubeIDE\plugins\com.st.stm32cube.common.mx_6.1.1.202012091304\\db\/plugins/mcufinder/images/boards/nucleo-wb15cc_small.jpg
2026-08-04 13:31:21,328 [ERROR] DbBoards:190 - Image file not found for board NUCLEO-WB55RG: C:\ST\STM32CubeIDE_1.5.1\STM32CubeIDE\plugins\com.st.stm32cube.common.mx_6.1.1.202012091304\\db\/plugins/mcufinder/images/boards/nucleo-wb55rg_small.jpg
2026-08-04 13:31:21,328 [ERROR] DbBoards:190 - Image file not found for board NUCLEO-WL55JC: C:\ST\STM32CubeIDE_1.5.1\STM32CubeIDE\plugins\com.st.stm32cube.common.mx_6.1.1.202012091304\\db\/plugins/mcufinder/images/boards/nucleo-wl55jc-small.jpg
2026-08-04 13:31:21,453 [ERROR] DbBoards:190 - Image file not found for board STEVAL-STWINKT1B: C:\ST\STM32CubeIDE_1.5.1\STM32CubeIDE\plugins\com.st.stm32cube.common.mx_6.1.1.202012091304\\db\/plugins/mcufinder/images/boards/steval-stwinkt1b_small.jpg
2026-08-04 13:31:21,672 [ERROR] DbBoards:190 - Image file not found for board STM32H7B3I-EVAL: C:\ST\STM32CubeIDE_1.5.1\STM32CubeIDE\plugins\com.st.stm32cube.common.mx_6.1.1.202012091304\\db\/plugins/mcufinder/images/boards/stm32h7b3ieval_small.jpg
2026-08-04 13:31:21,781 [ERROR] DbBoards:190 - Image file not found for board STM32U575I-EV: C:\ST\STM32CubeIDE_1.5.1\STM32CubeIDE\plugins\com.st.stm32cube.common.mx_6.1.1.202012091304\\db\/plugins/mcufinder/images/boards/stm32u575i-ev_small.jpg
2026-08-04 13:31:21,797 [ERROR] DbBoards:190 - Image file not found for board STM32WB5MM-DK: C:\ST\STM32CubeIDE_1.5.1\STM32CubeIDE\plugins\com.st.stm32cube.common.mx_6.1.1.202012091304\\db\/plugins/mcufinder/images/boards/STM32WB5MM-DK_small.jpg
2026-08-04 13:31:21,797 [INFO] ApiDb:238 - Load user favorites file C:\Users\Alunos/.stm32cubeide/favorites.boards.txt: 0 item(s)
2026-08-04 13:31:21,797 [INFO] ApiDb:242 - User favorites Boards=[]
2026-08-04 13:31:21,797 [INFO] DbBoards:207 - Set 0 / 0 favorites Boards
2026-08-04 13:31:39,154 [INFO] DbMcusDocs:145 - JSON generation date=Tue Nov 16 13:17:54 BRT 2021 (1637079474)
2026-08-04 13:31:39,216 [INFO] DbMcusDocs:81 - Found 682 MCUs documents
2026-08-04 13:32:13,559 [INFO] MainUpdater:2644 - connection check result : 10
2026-08-04 13:32:13,559 [INFO] MainUpdater:2644 - connection check result : 10
2026-08-04 13:32:13,574 [INFO] MicroXplorer:385 - Change Database Path : 
2026-08-04 13:32:13,574 [INFO] MicroXplorer:415 - Change Database Version : DB.6.0.10
2026-08-04 13:32:13,574 [WARN] ThirdParty:783 - waiting for thirdparty lock release [close project]
2026-08-04 13:32:13,574 [INFO] ThirdParty:785 - entering critical section [close project]
2026-08-04 13:32:13,574 [INFO] ThirdParty:796 - exiting critical section [close project]
2026-08-04 13:32:13,574 [INFO] PinOutPanel:1434 - setPackage(No Configuration,No Configuration)
2026-08-04 13:32:13,574 [INFO] UtilMem:74 - Begin LoadConfig() Used Memory: 605828416 Bytes (680525824)
2026-08-04 13:32:13,574 [INFO] MicroXplorer:385 - Change Database Path : 
2026-08-04 13:32:13,574 [INFO] MicroXplorer:415 - Change Database Version : DB.6.0.10
2026-08-04 13:32:13,574 [INFO] OpenFileManager:274 - Change cursor
2026-08-04 13:32:13,574 [WARN] ThirdParty:204 - Use empty third party IP manager
2026-08-04 13:32:13,590 [WARN] IntegrityCheckThread:59 - waiting for thirdparty lock release [integrity check]
2026-08-04 13:32:13,590 [INFO] IntegrityCheckThread:61 - entering critical section [integrity check]
2026-08-04 13:32:13,668 [ERROR] Engine:500 - C:\Users\Alunos\.stm32cubemx\thirdparties\pdsc\STMicroelectronics.FP-SNS-MOTENVWB1.1.4.0.pdsc: PDSC version is not supported
2026-08-04 13:32:13,684 [ERROR] Engine:500 - C:\Users\Alunos\.stm32cubemx\thirdparties\pdsc\STMicroelectronics.X-CUBE-SMBUS.2.1.1.pdsc: PDSC version is not supported
2026-08-04 13:32:13,684 [ERROR] Engine:500 - C:\Users\Alunos\.stm32cubemx\thirdparties\pdsc\STMicroelectronics.X-CUBE-SMBUS.2.1.0.pdsc: PDSC version is not supported
2026-08-04 13:32:13,699 [ERROR] Engine:500 - C:\Users\Alunos\.stm32cubemx\thirdparties\pdsc\STMicroelectronics.X-CUBE-ST60.1.0.0.pdsc: PDSC version is not supported
2026-08-04 13:32:13,715 [ERROR] Engine:500 - C:\Users\Alunos\.stm32cubemx\thirdparties\pdsc\STMicroelectronics.X-CUBE-FREERTOS.1.6.0.pdsc: PDSC version is not supported
2026-08-04 13:32:13,715 [ERROR] Engine:500 - C:\Users\Alunos\.stm32cubemx\thirdparties\pdsc\STMicroelectronics.FP-SNS-MOTENV1.5.1.0.pdsc: PDSC version is not supported
2026-08-04 13:32:13,732 [ERROR] Engine:500 - C:\Users\Alunos\.stm32cubemx\thirdparties\pdsc\STMicroelectronics.FP-SNS-FLIGHT1.5.0.2.pdsc: PDSC version is not supported
2026-08-04 13:32:13,732 [ERROR] Engine:500 - C:\Users\Alunos\.stm32cubemx\thirdparties\pdsc\Infineon.AIROC-Wi-Fi-Bluetooth-STM32.1.7.0.pdsc: PDSC version is not supported
2026-08-04 13:32:13,763 [ERROR] Engine:500 - C:\Users\Alunos\.stm32cubemx\thirdparties\pdsc\STMicroelectronics.X-CUBE-DISPLAY.3.0.0.pdsc: PDSC version is not supported
2026-08-04 13:32:13,763 [ERROR] Engine:500 - C:\Users\Alunos\.stm32cubemx\thirdparties\pdsc\STMicroelectronics.FP-SNS-MOTENVWB1.1.5.0.pdsc: PDSC version is not supported
2026-08-04 13:32:13,763 [ERROR] Engine:500 - C:\Users\Alunos\.stm32cubemx\thirdparties\pdsc\STMicroelectronics.X-CUBE-BLEMGR.4.0.0.pdsc: PDSC version is not supported
2026-08-04 13:32:13,763 [ERROR] Engine:500 - C:\Users\Alunos\.stm32cubemx\thirdparties\pdsc\STMicroelectronics.X-CUBE-ST60.1.1.0.pdsc: PDSC version is not supported
2026-08-04 13:32:13,763 [ERROR] Engine:500 - C:\Users\Alunos\.stm32cubemx\thirdparties\pdsc\emotas.I-CUBE-CANOPEN.1.3.0.pdsc: PDSC version is not supported
2026-08-04 13:32:13,763 [ERROR] Engine:500 - C:\Users\Alunos\.stm32cubemx\thirdparties\pdsc\STMicroelectronics.X-CUBE-WBA.1.1.0.pdsc: PDSC version is not supported
2026-08-04 13:32:13,779 [ERROR] Engine:500 - C:\Users\Alunos\.stm32cubemx\thirdparties\pdsc\STMicroelectronics.FP-SNS-STBOX1.2.1.0.pdsc: PDSC version is not supported
2026-08-04 13:32:13,779 [ERROR] Engine:500 - C:\Users\Alunos\.stm32cubemx\thirdparties\pdsc\STMicroelectronics.FP-SNS-SMARTAG2.1.2.0.pdsc: PDSC version is not supported
2026-08-04 13:32:13,779 [ERROR] Engine:500 - C:\Users\Alunos\.stm32cubemx\thirdparties\pdsc\STMicroelectronics.FP-SNS-FLIGHT1.5.1.0.pdsc: PDSC version is not supported
2026-08-04 13:32:13,966 [INFO] LogOutputStream:76 - [STDOUT_REDIRECT] 1 : Invalid condition id : UX_CORESTACK_Condition cause : null
2026-08-04 13:32:13,966 [INFO] LogOutputStream:76 - [STDOUT_REDIRECT] 1 : Invalid condition id : UX_CORESTACK_Condition cause : null
2026-08-04 13:32:13,966 [INFO] LogOutputStream:76 - [STDOUT_REDIRECT] 1 : Invalid condition id : UX_CORESTACK_Condition cause : null
2026-08-04 13:32:13,966 [INFO] LogOutputStream:76 - [STDOUT_REDIRECT] 1 : Invalid condition id : UX_CORESTACK_Condition cause : null
2026-08-04 13:32:14,013 [INFO] LogOutputStream:76 - [STDOUT_REDIRECT] 1 : Invalid condition id : UX_CORESTACK_Condition cause : null
2026-08-04 13:32:14,013 [ERROR] Engine:500 - C:\Users\Alunos\.stm32cubemx\thirdparties\pdsc\STMicroelectronics.FP-SNS-MOTENV1.5.0.0.pdsc: PDSC version is not supported
2026-08-04 13:32:14,060 [ERROR] Engine:500 - C:\Users\Alunos\.stm32cubemx\thirdparties\pdsc\Avnet-IOTCONNECT.X-CUBE-iotc-st67-sdk.1.0.0.pdsc: PDSC version is not supported
2026-08-04 13:32:14,076 [ERROR] Engine:500 - C:\Users\Alunos\.stm32cubemx\thirdparties\pdsc\STMicroelectronics.X-CUBE-FREERTOS.1.4.0.pdsc: PDSC version is not supported
2026-08-04 13:32:14,091 [ERROR] Engine:500 - C:\Users\Alunos\.stm32cubemx\thirdparties\pdsc\STMicroelectronics.X-CUBE-ST67W61.1.1.0.pdsc: PDSC version is not supported
2026-08-04 13:32:14,091 [ERROR] Engine:500 - C:\Users\Alunos\.stm32cubemx\thirdparties\pdsc\STMicroelectronics.FP-SNS-STAIOTCFT.1.1.0.pdsc: PDSC version is not supported
2026-08-04 13:32:14,295 [ERROR] Engine:500 - C:\Users\Alunos\.stm32cubemx\thirdparties\pdsc\EmbeddedOffice.I-CUBE-FS-RTOS.1.0.1.pdsc: PDSC version is not supported
2026-08-04 13:32:14,295 [ERROR] Engine:500 - C:\Users\Alunos\.stm32cubemx\thirdparties\pdsc\STMicroelectronics.X-CUBE-TCPP.4.2.0.pdsc: PDSC version is not supported
2026-08-04 13:32:14,295 [ERROR] Engine:500 - C:\Users\Alunos\.stm32cubemx\thirdparties\pdsc\RealThread.X-CUBE-RT-Thread_Nano.4.1.1.pdsc: PDSC version is not supported
2026-08-04 13:32:14,310 [ERROR] Engine:500 - C:\Users\Alunos\.stm32cubemx\thirdparties\pdsc\quantropi.X-CUBE-qispace-sdk-base.1.9.3.pdsc: PDSC version is not supported
2026-08-04 13:32:14,310 [ERROR] Engine:500 - C:\Users\Alunos\.stm32cubemx\thirdparties\pdsc\STMicroelectronics.X-CUBE-FREERTOS.1.5.0.pdsc: PDSC version is not supported
2026-08-04 13:32:14,310 [ERROR] Engine:500 - C:\Users\Alunos\.stm32cubemx\thirdparties\pdsc\ITTIA_DB.I-CUBE-ITTIADB.8.9.0.pdsc: PDSC version is not supported
2026-08-04 13:32:14,326 [ERROR] Engine:500 - C:\Users\Alunos\.stm32cubemx\thirdparties\pdsc\STMicroelectronics.X-CUBE-ST67W61.1.0.0.pdsc: PDSC version is not supported
2026-08-04 13:32:14,607 [ERROR] Engine:500 - C:\Users\Alunos\.stm32cubemx\thirdparties\pdsc\Avnet-IotConnect.X-CUBE-IoTC-DA16k-PMOD.1.0.0.pdsc: PDSC version is not supported
2026-08-04 13:32:14,607 [ERROR] Engine:500 - C:\Users\Alunos\.stm32cubemx\thirdparties\pdsc\STMicroelectronics.X-CUBE-IPS.3.2.0.pdsc: PDSC version is not supported
2026-08-04 13:32:14,607 [ERROR] Engine:500 - C:\Users\Alunos\.stm32cubemx\thirdparties\pdsc\STMicroelectronics.eDS-WB_DPC_TT-BIDIR.2.1.1.pdsc: PDSC version is not supported
2026-08-04 13:32:14,654 [ERROR] Engine:500 - C:\Users\Alunos\.stm32cubemx\thirdparties\pdsc\STMicroelectronics.X-CUBE-DPower.1.2.0.pdsc: PDSC version is not supported
2026-08-04 13:32:14,654 [ERROR] Engine:500 - C:\Users\Alunos\.stm32cubemx\thirdparties\pdsc\STMicroelectronics.eDS-WB_DPC_VIENNA.1.2.0.pdsc: PDSC version is not supported
2026-08-04 13:32:14,732 [ERROR] Engine:500 - C:\Users\Alunos\.stm32cubemx\thirdparties\pdsc\STMicroelectronics.eDS-WB_DPC_3PH2L-BIDIR.1.1.1.pdsc: PDSC version is not supported
2026-08-04 13:32:14,732 [ERROR] Engine:500 - C:\Users\Alunos\.stm32cubemx\thirdparties\pdsc\STMicroelectronics.X-CUBE-ST67W61.1.3.0.pdsc: PDSC version is not supported
2026-08-04 13:32:14,732 [ERROR] Engine:500 - C:\Users\Alunos\.stm32cubemx\thirdparties\pdsc\STMicroelectronics.X-CUBE-FREERTOS.1.3.1.pdsc: PDSC version is not supported
2026-08-04 13:32:14,732 [ERROR] Engine:500 - C:\Users\Alunos\.stm32cubemx\thirdparties\pdsc\STMicroelectronics.X-CUBE-FREERTOS.1.3.0.pdsc: PDSC version is not supported
2026-08-04 13:32:14,748 [ERROR] Engine:500 - C:\Users\Alunos\.stm32cubemx\thirdparties\pdsc\STMicroelectronics.FP-SNS-STAIOTCFT.1.0.0.pdsc: PDSC version is not supported
2026-08-04 13:32:14,748 [ERROR] Engine:500 - C:\Users\Alunos\.stm32cubemx\thirdparties\pdsc\STMicroelectronics.X-CUBE-DPower.1.3.0.pdsc: PDSC version is not supported
2026-08-04 13:32:14,748 [WARN] ConditionMgr:437 - getConditionDescription Invalid condition id : LAN8742 Phy interface Condition cause : null
2026-08-04 13:32:14,748 [WARN] ConditionMgr:1040 - genDependencies : Invalid condition id : LAN8742 Phy interface Condition cause : null
2026-08-04 13:32:14,763 [WARN] ConditionMgr:1040 - genDependencies : Invalid condition id : LAN8742 Phy interface Condition cause : null
2026-08-04 13:32:14,763 [WARN] ConditionMgr:1040 - genDependencies : Invalid condition id : LAN8742 Phy interface Condition cause : null
2026-08-04 13:32:14,763 [ERROR] Engine:500 - C:\Users\Alunos\.stm32cubemx\thirdparties\pdsc\STMicroelectronics.X-CUBE-ST67W61.1.2.0.pdsc: PDSC version is not supported
2026-08-04 13:32:14,779 [ERROR] Engine:500 - C:\Users\Alunos\.stm32cubemx\thirdparties\pdsc\STMicroelectronics.X-CUBE-BLEMGR.4.1.0.pdsc: PDSC version is not supported
2026-08-04 13:32:14,779 [WARN] ConditionMgr:437 - getConditionDescription Invalid condition id : UX DEVICE CLASS RTOS Condition cause : null
2026-08-04 13:32:14,779 [WARN] ConditionMgr:437 - getConditionDescription Invalid condition id : UX DEVICE CLASS RTOS Condition cause : null
2026-08-04 13:32:14,779 [WARN] ConditionMgr:1040 - genDependencies : Invalid condition id : UX DEVICE CLASS RTOS Condition cause : null
2026-08-04 13:32:14,779 [WARN] ConditionMgr:1040 - genDependencies : Invalid condition id : UX DEVICE CLASS RTOS Condition cause : null
2026-08-04 13:32:14,779 [WARN] ConditionMgr:1040 - genDependencies : Invalid condition id : UX DEVICE CLASS RTOS Condition cause : null
2026-08-04 13:32:14,779 [WARN] ConditionMgr:1040 - genDependencies : Invalid condition id : UX DEVICE CLASS RTOS Condition cause : null
2026-08-04 13:32:14,779 [WARN] ConditionMgr:1040 - genDependencies : Invalid condition id : UX DEVICE CLASS RTOS Condition cause : null
2026-08-04 13:32:14,794 [ERROR] Engine:500 - C:\Users\Alunos\.stm32cubemx\thirdparties\pdsc\STMicroelectronics.FP-SNS-STBOX1.2.0.0.pdsc: PDSC version is not supported
2026-08-04 13:32:14,857 [ERROR] Engine:500 - C:\Users\Alunos\.stm32cubemx\thirdparties\pdsc\Cesanta.I-CUBE-Mongoose.7.13.0.pdsc: PDSC version is not supported
2026-08-04 13:32:14,874 [ERROR] Engine:500 - C:\Users\Alunos\.stm32cubemx\thirdparties\pdsc\STMicroelectronics.X-CUBE-IPS.3.1.0.pdsc: PDSC version is not supported
2026-08-04 13:32:14,874 [ERROR] Engine:500 - C:\Users\Alunos\.stm32cubemx\thirdparties\pdsc\STMicroelectronics.X-CUBE-BLEMGR.4.2.0.pdsc: PDSC version is not supported
2026-08-04 13:32:14,874 [ERROR] Engine:500 - C:\Users\Alunos\.stm32cubemx\thirdparties\pdsc\STMicroelectronics.X-CUBE-ALS.1.0.2.pdsc: PDSC version is not supported
2026-08-04 13:32:14,890 [ERROR] Engine:500 - C:\Users\Alunos\.stm32cubemx\thirdparties\pdsc\STMicroelectronics.X-CUBE-TOF1.3.4.2.pdsc: PDSC version is not supported
2026-08-04 13:32:14,890 [ERROR] Engine:500 - C:\Users\Alunos\.stm32cubemx\thirdparties\pdsc\STMicroelectronics.X-CUBE-TOF1.3.4.3.pdsc: PDSC version is not supported
2026-08-04 13:32:14,890 [INFO] ThirdParty:887 - Integrity check success = true
2026-08-04 13:32:14,890 [INFO] IntegrityCheckThread:75 - exiting critical section [integrity check]
2026-08-04 13:32:14,890 [INFO] IntegrityCheckThread:78 - End integrity checks thread
2026-08-04 13:32:15,376 [INFO] ImportTextPane:162 - (OptionalMessage_ERROR) Unable to find key (Mcu.ThirdPartyNb) in loaded IOC file
2026-08-04 13:32:15,376 [INFO] ImportTextPane:162 - (OptionalMessage_ERROR) Unable to find key (Mcu.PinsNb) in loaded IOC file
2026-08-04 13:32:15,376 [INFO] ImportTextPane:162 - (OptionalMessage_ERROR) Unable to find key (Mcu.IPNb) in loaded IOC file
2026-08-04 13:32:15,391 [WARN] ApiManager:294 - Cannot register API 'Board Extension:PM33A1' from pack STMicroelectronics.X-CUBE-PM33A1.1.0.0: no header file found
2026-08-04 13:32:15,391 [WARN] ApiManager:294 - Cannot register API 'Board Extension:NFC09A1' from pack STMicroelectronics.X-CUBE-NFC9.1.0.0: no header file found
2026-08-04 13:32:15,391 [WARN] ApiManager:294 - Cannot register API 'Wireless:BlueNRG-MS' from pack STMicroelectronics.X-CUBE-BLE1.7.1.0: no header file found
2026-08-04 13:32:15,391 [WARN] ApiManager:294 - Cannot register API 'Wireless:STM32WB05N' from pack STMicroelectronics.X-CUBE-WB05N.1.1.0: no header file found
2026-08-04 13:32:15,407 [WARN] ApiManager:294 - Cannot register API 'Board Extension:EEPRMA2' from pack STMicroelectronics.X-CUBE-EEPRMA1.5.2.0: no header file found
2026-08-04 13:32:15,407 [WARN] ApiManager:294 - Cannot register API 'Board Extension:PGEEZ1' from pack STMicroelectronics.X-CUBE-EEPRMA1.5.2.0: no header file found
2026-08-04 13:32:15,407 [WARN] ApiManager:294 - Cannot register API 'Board Extension:EEICA1' from pack STMicroelectronics.X-CUBE-EEPRMA1.5.2.0: no header file found
2026-08-04 13:32:15,407 [WARN] ApiManager:294 - Cannot register API 'Board Part:M24' from pack STMicroelectronics.X-CUBE-EEPRMA1.5.2.0: no header file found
2026-08-04 13:32:15,407 [WARN] ApiManager:294 - Cannot register API 'Board Part:M95' from pack STMicroelectronics.X-CUBE-EEPRMA1.5.2.0: no header file found
2026-08-04 13:32:15,407 [WARN] ApiManager:294 - Cannot register API 'Board Part:M95P32' from pack STMicroelectronics.X-CUBE-EEPRMA1.5.2.0: no header file found
2026-08-04 13:32:15,407 [WARN] ApiManager:294 - Cannot register API 'Board Part:M24256E-F' from pack STMicroelectronics.X-CUBE-EEPRMA1.5.2.0: no header file found
2026-08-04 13:32:15,407 [WARN] ApiManager:294 - Cannot register API 'Board Part:M24M01E-F' from pack STMicroelectronics.X-CUBE-EEPRMA1.5.2.0: no header file found
2026-08-04 13:32:15,407 [WARN] ApiManager:294 - Cannot register API 'PGEEZ1:SPI' from pack STMicroelectronics.X-CUBE-EEPRMA1.5.2.0: no header file found
2026-08-04 13:32:15,407 [WARN] ApiManager:294 - Cannot register API 'PGEEZ1:QDSPI' from pack STMicroelectronics.X-CUBE-EEPRMA1.5.2.0: no header file found
2026-08-04 13:32:15,407 [WARN] ApiManager:294 - Cannot register API 'Board Extension:GNSS1A1' from pack STMicroelectronics.X-CUBE-GNSS1.7.0.1: no header file found
2026-08-04 13:32:15,407 [WARN] ApiManager:294 - Cannot register API 'Board Support:Custom' from pack STMicroelectronics.X-CUBE-GNSS1.7.0.1: no header file found
2026-08-04 13:32:15,407 [WARN] ApiManager:294 - Cannot register API 'Data Exchange:lib_gnss' from pack STMicroelectronics.X-CUBE-GNSS1.7.0.1: no header file found
2026-08-04 13:32:15,407 [WARN] ApiManager:294 - Cannot register API 'Board Extension:NFC12A1' from pack STMicroelectronics.X-CUBE-NFC12.1.0.0: no header file found
2026-08-04 13:32:15,407 [WARN] ApiManager:294 - Cannot register API 'Board Extension:NFC06A1' from pack STMicroelectronics.X-CUBE-NFC6.3.1.0: no header file found
2026-08-04 13:32:15,407 [WARN] ApiManager:294 - Cannot register API 'Board Extension:NFC08A1' from pack STMicroelectronics.X-CUBE-NFC6.3.1.0: no header file found
2026-08-04 13:32:15,422 [WARN] ApiManager:294 - Cannot register API 'Board Extension:IKS02A1' from pack STMicroelectronics.X-CUBE-MEMS1.12.0.0: no header file found
2026-08-04 13:32:15,422 [WARN] ApiManager:294 - Cannot register API 'Board Extension:IKS4A1' from pack STMicroelectronics.X-CUBE-MEMS1.12.0.0: no header file found
2026-08-04 13:32:15,422 [WARN] ApiManager:294 - Cannot register API 'Board Extension:IKS5A1' from pack STMicroelectronics.X-CUBE-MEMS1.12.0.0: no header file found
2026-08-04 13:32:15,438 [WARN] ApiManager:294 - Cannot register API 'Board Extension:SAFEA1' from pack STMicroelectronics.X-CUBE-STSE01.2.0.0: no header file found
2026-08-04 13:32:15,438 [WARN] ApiManager:294 - Cannot register API 'Board Extension:ESE01A1' from pack STMicroelectronics.X-CUBE-STSE01.2.0.0: no header file found
2026-08-04 13:32:15,438 [WARN] ApiManager:294 - Cannot register API 'Board Extension:ESE02A1' from pack STMicroelectronics.X-CUBE-STSE01.2.0.0: no header file found
2026-08-04 13:32:15,438 [WARN] ApiManager:294 - Cannot register API 'Board Part:STSAFEA110' from pack STMicroelectronics.X-CUBE-STSE01.2.0.0: no header file found
2026-08-04 13:32:15,438 [WARN] ApiManager:294 - Cannot register API 'Board Part:STSAFEA120' from pack STMicroelectronics.X-CUBE-STSE01.2.0.0: no header file found
2026-08-04 13:32:15,438 [WARN] ApiManager:294 - Cannot register API 'Board Part:STSAFEL010' from pack STMicroelectronics.X-CUBE-STSE01.2.0.0: no header file found
2026-08-04 13:32:15,438 [WARN] ApiManager:294 - Cannot register API 'Security:STM32_Cryptographic' from pack STMicroelectronics.X-CUBE-STSE01.2.0.0: no header file found
2026-08-04 13:32:15,438 [WARN] ApiManager:294 - Cannot register API 'Security:STSELib' from pack STMicroelectronics.X-CUBE-STSE01.2.0.0: no header file found
2026-08-04 13:32:15,485 [WARN] ApiManager:294 - Cannot register API 'Board Extension:IKS01A3' from pack STMicroelectronics.X-CUBE-MEMS1.11.2.0: no header file found
2026-08-04 13:32:15,485 [WARN] ApiManager:294 - Cannot register API 'Board Extension:IKS02A1' from pack STMicroelectronics.X-CUBE-MEMS1.11.2.0: no header file found
2026-08-04 13:32:15,485 [WARN] ApiManager:294 - Cannot register API 'Board Extension:IKS4A1' from pack STMicroelectronics.X-CUBE-MEMS1.11.2.0: no header file found
2026-08-04 13:32:15,485 [INFO] RtosManager:464 - Registered RTOS mode: class=CMSIS, group=RTOS, mode=CMSIS_V1, owner=FREERTOS
2026-08-04 13:32:15,485 [INFO] RtosManager:464 - Registered RTOS mode: class=CMSIS, group=RTOS2, mode=CMSIS_V2, owner=FREERTOS
2026-08-04 13:32:15,485 [INFO] RtosManager:464 - Registered RTOS mode: class=RTOS, group=Core, mode=CMSIS_V1, owner=FREERTOS
2026-08-04 13:32:15,485 [INFO] RtosManager:464 - Registered RTOS mode: class=RTOS, group=Core, mode=CMSIS_V2, owner=FREERTOS
2026-08-04 13:32:15,485 [WARN] ModelIntegratedComponent:182 - Missing modes for component STMicroelectronics:FreeRTOS:0.0.1:STMicroelectronics:RTOS:FreeRTOS:Core:::10.2.0:
2026-08-04 13:32:15,485 [WARN] ApiManager:294 - Cannot register API 'Board Extension:STSAFEA1' from pack STMicroelectronics.X-CUBE-SAFEA1.1.2.2: no header file found
2026-08-04 13:32:15,485 [WARN] ApiManager:294 - Cannot register API 'Board Part:STSAFEA110' from pack STMicroelectronics.X-CUBE-SAFEA1.1.2.2: no header file found
2026-08-04 13:32:15,485 [WARN] ApiManager:294 - Cannot register API 'Security:ST_Cryptolib' from pack STMicroelectronics.X-CUBE-SAFEA1.1.2.2: no header file found
2026-08-04 13:32:15,485 [WARN] ApiManager:294 - Cannot register API 'Security:MbedTLS' from pack STMicroelectronics.X-CUBE-SAFEA1.1.2.2: no header file found
2026-08-04 13:32:15,485 [WARN] ApiManager:294 - Cannot register API 'Board Extension:NFC04A1' from pack STMicroelectronics.X-CUBE-NFC4.3.0.0: no header file found
2026-08-04 13:32:15,485 [WARN] ApiManager:294 - Cannot register API 'Board Extension:S2868A1' from pack STMicroelectronics.X-CUBE-SUBG2.5.0.0: no header file found
2026-08-04 13:32:15,485 [WARN] ApiManager:294 - Cannot register API 'Board Extension:S2868A2' from pack STMicroelectronics.X-CUBE-SUBG2.5.0.0: no header file found
2026-08-04 13:32:15,485 [WARN] ApiManager:294 - Cannot register API 'Board Extension:S2915A1' from pack STMicroelectronics.X-CUBE-SUBG2.5.0.0: no header file found
2026-08-04 13:32:15,516 [WARN] ApiManager:294 - Cannot register API 'Board Extension:IKS02A1' from pack STMicroelectronics.X-CUBE-MEMS1.13.0.0: no header file found
2026-08-04 13:32:15,516 [WARN] ApiManager:294 - Cannot register API 'Board Extension:IKS4A1' from pack STMicroelectronics.X-CUBE-MEMS1.13.0.0: no header file found
2026-08-04 13:32:15,516 [WARN] ApiManager:294 - Cannot register API 'Board Extension:IKS5A1' from pack STMicroelectronics.X-CUBE-MEMS1.13.0.0: no header file found
2026-08-04 13:32:15,516 [WARN] ApiManager:294 - Cannot register API 'Wireless:STM32WB05N' from pack STMicroelectronics.X-CUBE-WB05N.2.0.0: no header file found
2026-08-04 13:32:15,516 [WARN] ApiManager:294 - Cannot register API 'Board Extension:NFC07A1' from pack STMicroelectronics.X-CUBE-NFC7.2.0.0: no header file found
2026-08-04 13:32:15,516 [WARN] ApiManager:294 - Cannot register API 'Board Extension:GNSS1A1' from pack STMicroelectronics.X-CUBE-GNSS1.7.1.1: no header file found
2026-08-04 13:32:15,516 [WARN] ApiManager:294 - Cannot register API 'Board Support:Custom' from pack STMicroelectronics.X-CUBE-GNSS1.7.1.1: no header file found
2026-08-04 13:32:15,516 [WARN] ApiManager:294 - Cannot register API 'Data Exchange:lib_gnss' from pack STMicroelectronics.X-CUBE-GNSS1.7.1.1: no header file found
2026-08-04 13:32:15,516 [WARN] ApiManager:294 - Cannot register API 'Wireless:BlueNRG-MS' from pack STMicroelectronics.X-CUBE-BLE1.7.0.0: no header file found
2026-08-04 13:32:15,516 [WARN] ApiManager:294 - Cannot register API 'Board Extension:NFC10A1' from pack STMicroelectronics.X-CUBE-NFC10.1.0.0: no header file found
2026-08-04 13:32:15,516 [WARN] ApiManager:294 - Cannot register API 'Board Extension:EEPRMA2' from pack STMicroelectronics.X-CUBE-EEPRMA1.5.1.0: no header file found
2026-08-04 13:32:15,516 [WARN] ApiManager:294 - Cannot register API 'Board Extension:PGEEZ1' from pack STMicroelectronics.X-CUBE-EEPRMA1.5.1.0: no header file found
2026-08-04 13:32:15,516 [WARN] ApiManager:294 - Cannot register API 'Board Extension:EEICA1' from pack STMicroelectronics.X-CUBE-EEPRMA1.5.1.0: no header file found
2026-08-04 13:32:15,516 [WARN] ApiManager:294 - Cannot register API 'Board Part:M24' from pack STMicroelectronics.X-CUBE-EEPRMA1.5.1.0: no header file found
2026-08-04 13:32:15,516 [WARN] ApiManager:294 - Cannot register API 'Board Part:M95' from pack STMicroelectronics.X-CUBE-EEPRMA1.5.1.0: no header file found
2026-08-04 13:32:15,516 [WARN] ApiManager:294 - Cannot register API 'Board Part:M95P32' from pack STMicroelectronics.X-CUBE-EEPRMA1.5.1.0: no header file found
2026-08-04 13:32:15,516 [WARN] ApiManager:294 - Cannot register API 'Board Part:M24256E-F' from pack STMicroelectronics.X-CUBE-EEPRMA1.5.1.0: no header file found
2026-08-04 13:32:15,516 [WARN] ApiManager:294 - Cannot register API 'Board Part:M24M01E-F' from pack STMicroelectronics.X-CUBE-EEPRMA1.5.1.0: no header file found
2026-08-04 13:32:15,516 [WARN] ApiManager:294 - Cannot register API 'PGEEZ1:SPI' from pack STMicroelectronics.X-CUBE-EEPRMA1.5.1.0: no header file found
2026-08-04 13:32:15,516 [WARN] ApiManager:294 - Cannot register API 'PGEEZ1:QDSPI' from pack STMicroelectronics.X-CUBE-EEPRMA1.5.1.0: no header file found
2026-08-04 13:32:15,532 [WARN] ModelIntegratedComponent:51 - No mode defined for component null
2026-08-04 13:32:15,532 [WARN] ModelIntegratedComponent:51 - No mode defined for component null
2026-08-04 13:32:15,532 [WARN] ModelIntegratedComponent:51 - No mode defined for component null
2026-08-04 13:32:15,532 [WARN] ModelIntegratedComponent:51 - No mode defined for component null
2026-08-04 13:32:15,532 [WARN] ModelIntegratedComponent:51 - No mode defined for component null
2026-08-04 13:32:15,532 [WARN] ModelIntegratedComponent:51 - No mode defined for component null
2026-08-04 13:32:15,532 [WARN] ModelIntegratedComponent:51 - No mode defined for component null
2026-08-04 13:32:15,532 [WARN] ModelIntegratedComponent:51 - No mode defined for component null
2026-08-04 13:32:15,532 [WARN] ModelIntegratedComponent:51 - No mode defined for component null
2026-08-04 13:32:15,532 [WARN] ModelIntegratedComponent:51 - No mode defined for component null
2026-08-04 13:32:15,532 [WARN] ModelIntegratedComponent:51 - No mode defined for component null
2026-08-04 13:32:15,532 [WARN] ModelIntegratedComponent:51 - No mode defined for component null
2026-08-04 13:32:15,532 [WARN] ModelIntegratedComponent:51 - No mode defined for component null
2026-08-04 13:32:15,532 [WARN] ModelIntegratedComponent:51 - No mode defined for component null
2026-08-04 13:32:15,532 [WARN] ModelIntegratedComponent:51 - No mode defined for component null
2026-08-04 13:32:15,532 [WARN] ModelIntegratedComponent:51 - No mode defined for component null
2026-08-04 13:32:15,532 [WARN] ModelIntegratedComponent:51 - No mode defined for component null
2026-08-04 13:32:15,532 [WARN] ModelIntegratedComponent:51 - No mode defined for component null
2026-08-04 13:32:15,532 [WARN] ModelIntegratedComponent:51 - No mode defined for component null
2026-08-04 13:32:15,532 [WARN] ModelIntegratedComponent:51 - No mode defined for component null
2026-08-04 13:32:15,532 [WARN] ModelIntegratedComponent:51 - No mode defined for component null
2026-08-04 13:32:15,532 [WARN] ModelIntegratedComponent:51 - No mode defined for component null
2026-08-04 13:32:15,532 [WARN] ModelIntegratedComponent:51 - No mode defined for component null
2026-08-04 13:32:15,532 [WARN] ModelIntegratedComponent:51 - No mode defined for component null
2026-08-04 13:32:15,532 [WARN] ModelIntegratedComponent:51 - No mode defined for component null
2026-08-04 13:32:15,532 [WARN] ModelIntegratedComponent:51 - No mode defined for component null
2026-08-04 13:32:15,532 [WARN] ModelIntegratedComponent:51 - No mode defined for component null
2026-08-04 13:32:15,532 [WARN] ModelIntegratedComponent:51 - No mode defined for component null
2026-08-04 13:32:15,532 [WARN] ModelIntegratedComponent:51 - No mode defined for component null
2026-08-04 13:32:15,532 [WARN] ModelIntegratedComponent:51 - No mode defined for component null
2026-08-04 13:32:15,532 [WARN] ModelIntegratedComponent:51 - No mode defined for component null
2026-08-04 13:32:15,532 [WARN] ModelIntegratedComponent:51 - No mode defined for component null
2026-08-04 13:32:15,532 [WARN] ModelIntegratedComponent:51 - No mode defined for component null
2026-08-04 13:32:15,532 [WARN] ModelIntegratedComponent:51 - No mode defined for component null
2026-08-04 13:32:15,532 [WARN] ModelIntegratedComponent:51 - No mode defined for component null
2026-08-04 13:32:15,532 [WARN] ModelIntegratedComponent:51 - No mode defined for component null
2026-08-04 13:32:15,532 [WARN] ModelIntegratedComponent:51 - No mode defined for component null
2026-08-04 13:32:15,532 [WARN] ModelIntegratedComponent:51 - No mode defined for component null
2026-08-04 13:32:15,532 [WARN] ApiManager:294 - Cannot register API 'Board Extension:NFC07A1' from pack STMicroelectronics.X-CUBE-NFC7.1.0.1: no header file found
2026-08-04 13:32:15,532 [WARN] ApiManager:294 - Cannot register API 'Board Extension:GNSS1A1' from pack STMicroelectronics.X-CUBE-GNSS1.7.1.0: no header file found
2026-08-04 13:32:15,532 [WARN] ApiManager:294 - Cannot register API 'Board Support:Custom' from pack STMicroelectronics.X-CUBE-GNSS1.7.1.0: no header file found
2026-08-04 13:32:15,532 [WARN] ApiManager:294 - Cannot register API 'Data Exchange:lib_gnss' from pack STMicroelectronics.X-CUBE-GNSS1.7.1.0: no header file found
2026-08-04 13:32:15,532 [WARN] ApiManager:294 - Cannot register API 'Board Extension:SAFEA1' from pack STMicroelectronics.X-CUBE-STSE01.1.0.0: no header file found
2026-08-04 13:32:15,532 [WARN] ApiManager:294 - Cannot register API 'Board Extension:ESE01A1' from pack STMicroelectronics.X-CUBE-STSE01.1.0.0: no header file found
2026-08-04 13:32:15,532 [WARN] ApiManager:294 - Cannot register API 'Board Part:STSAFEA110' from pack STMicroelectronics.X-CUBE-STSE01.1.0.0: no header file found
2026-08-04 13:32:15,532 [WARN] ApiManager:294 - Cannot register API 'Board Part:STSAFEA120' from pack STMicroelectronics.X-CUBE-STSE01.1.0.0: no header file found
2026-08-04 13:32:15,532 [WARN] ApiManager:294 - Cannot register API 'Security:STM32_Cryptographic' from pack STMicroelectronics.X-CUBE-STSE01.1.0.0: no header file found
2026-08-04 13:32:15,532 [WARN] ApiManager:294 - Cannot register API 'Security:STSELib' from pack STMicroelectronics.X-CUBE-STSE01.1.0.0: no header file found
2026-08-04 13:32:15,532 [WARN] ApiManager:294 - Cannot register API 'Board Extension:NFC06A1' from pack STMicroelectronics.X-CUBE-NFC6.3.2.0: no header file found
2026-08-04 13:32:15,532 [WARN] ApiManager:294 - Cannot register API 'Board Extension:NFC08A1' from pack STMicroelectronics.X-CUBE-NFC6.3.2.0: no header file found
2026-08-04 13:32:15,579 [WARN] ApiManager:294 - Cannot register API 'Board Extension:IKS02A1' from pack STMicroelectronics.X-CUBE-MEMS1.12.1.0: no header file found
2026-08-04 13:32:15,579 [WARN] ApiManager:294 - Cannot register API 'Board Extension:IKS4A1' from pack STMicroelectronics.X-CUBE-MEMS1.12.1.0: no header file found
2026-08-04 13:32:15,579 [WARN] ApiManager:294 - Cannot register API 'Board Extension:IKS5A1' from pack STMicroelectronics.X-CUBE-MEMS1.12.1.0: no header file found
2026-08-04 13:32:15,626 [WARN] ApiManager:294 - Cannot register API 'Board Extension:IKS01A3' from pack STMicroelectronics.X-CUBE-MEMS1.11.1.0: no header file found
2026-08-04 13:32:15,626 [WARN] ApiManager:294 - Cannot register API 'Board Extension:IKS02A1' from pack STMicroelectronics.X-CUBE-MEMS1.11.1.0: no header file found
2026-08-04 13:32:15,626 [WARN] ApiManager:294 - Cannot register API 'Board Extension:IKS4A1' from pack STMicroelectronics.X-CUBE-MEMS1.11.1.0: no header file found
2026-08-04 13:32:15,704 [WARN] ApiManager:294 - Cannot register API 'Board Extension:IKS01A3' from pack STMicroelectronics.X-CUBE-MEMS1.11.3.0: no header file found
2026-08-04 13:32:15,704 [WARN] ApiManager:294 - Cannot register API 'Board Extension:IKS02A1' from pack STMicroelectronics.X-CUBE-MEMS1.11.3.0: no header file found
2026-08-04 13:32:15,704 [WARN] ApiManager:294 - Cannot register API 'Board Extension:IKS4A1' from pack STMicroelectronics.X-CUBE-MEMS1.11.3.0: no header file found
2026-08-04 13:32:15,704 [WARN] ApiManager:294 - Cannot register API 'Board Extension:S2868A1' from pack STMicroelectronics.X-CUBE-SFXS2LP1.4.0.0: no header file found
2026-08-04 13:32:15,704 [WARN] ApiManager:294 - Cannot register API 'Board Extension:S2868A2' from pack STMicroelectronics.X-CUBE-SFXS2LP1.4.0.0: no header file found
2026-08-04 13:32:15,704 [WARN] ApiManager:294 - Cannot register API 'Board Extension:S2915A1' from pack STMicroelectronics.X-CUBE-SFXS2LP1.4.0.0: no header file found
2026-08-04 13:32:15,704 [WARN] ApiManager:294 - Cannot register API 'Wireless:BlueNRG-2' from pack STMicroelectronics.X-CUBE-BLE2.3.3.0: no header file found
2026-08-04 13:32:15,704 [WARN] ApiManager:294 - Cannot register API 'Board Extension:NFC13A1' from pack STMicroelectronics.X-CUBE-NFC13.1.0.0: no header file found
2026-08-04 13:32:15,704 [WARN] ApiManager:294 - Cannot register API 'Wireless:STM32WB05N' from pack STMicroelectronics.X-CUBE-WB05N.2.1.0: no header file found
2026-08-04 13:32:19,063 [INFO] UtilMem:74 - End LoadConfig() Used Memory: 783408768 Bytes (1023410176)
2026-08-04 13:32:19,063 [WARN] ThirdParty:749 - waiting for thirdparty lock release [change project]
2026-08-04 13:32:19,063 [INFO] ThirdParty:751 - entering critical section [change project]
2026-08-04 13:32:19,063 [INFO] ThirdParty:939 - CMSIS Pack Vendor :STMicroelectronics X-CUBE-AZRTOS-H7 3.5.0
2026-08-04 13:32:19,063 [INFO] ThirdParty:939 - CMSIS Pack Vendor :STMicroelectronics X-CUBE-PM33A1 1.0.0
2026-08-04 13:32:19,063 [INFO] ThirdParty:939 - CMSIS Pack Vendor :STMicroelectronics X-CUBE-AZRTOS-H7 3.3.0
2026-08-04 13:32:19,063 [INFO] ThirdParty:939 - CMSIS Pack Vendor :STMicroelectronics X-CUBE-NFC9 1.0.0
2026-08-04 13:32:19,063 [INFO] ThirdParty:939 - CMSIS Pack Vendor :STMicroelectronics USB_HOST 2.0.0
2026-08-04 13:32:19,063 [INFO] ThirdParty:939 - CMSIS Pack Vendor :STMicroelectronics FP-ATR-ASTRA1 2.0.3
2026-08-04 13:32:19,063 [INFO] ThirdParty:939 - CMSIS Pack Vendor :STMicroelectronics X-CUBE-AZRTOS-F4 1.1.0
2026-08-04 13:32:19,063 [INFO] ThirdParty:939 - CMSIS Pack Vendor :STMicroelectronics FP-ATR-ASTRA1 2.0.2
2026-08-04 13:32:19,063 [INFO] ThirdParty:939 - CMSIS Pack Vendor :STMicroelectronics FP-ATR-ASTRA1 2.0.1
2026-08-04 13:32:19,063 [INFO] ThirdParty:939 - CMSIS Pack Vendor :STMicroelectronics X-CUBE-BLE1 7.1.0
2026-08-04 13:32:19,063 [INFO] ThirdParty:939 - CMSIS Pack Vendor :STMicroelectronics X-CUBE-WB05N 1.1.0
2026-08-04 13:32:19,063 [INFO] ThirdParty:939 - CMSIS Pack Vendor :wolfSSL I-CUBE-wolfMQTT 1.19.2
2026-08-04 13:32:19,063 [INFO] ThirdParty:939 - CMSIS Pack Vendor :STMicroelectronics USB_DEVICE 3.0.0
2026-08-04 13:32:19,063 [INFO] ThirdParty:939 - CMSIS Pack Vendor :STMicroelectronics X-CUBE-ISPU 2.1.0
2026-08-04 13:32:19,063 [INFO] ThirdParty:939 - CMSIS Pack Vendor :STMicroelectronics X-CUBE-EEPRMA1 5.2.0
2026-08-04 13:32:19,063 [INFO] ThirdParty:939 - CMSIS Pack Vendor :STMicroelectronics X-CUBE-AZRTOS-WB 2.0.0
2026-08-04 13:32:19,063 [INFO] ThirdParty:939 - CMSIS Pack Vendor :STMicroelectronics X-CUBE-GNSS1 7.0.1
2026-08-04 13:32:19,063 [INFO] ThirdParty:939 - CMSIS Pack Vendor :STMicroelectronics X-CUBE-NFC12 1.0.0
2026-08-04 13:32:19,063 [INFO] ThirdParty:939 - CMSIS Pack Vendor :STMicroelectronics X-CUBE-AZRTOS-F7 1.1.0
2026-08-04 13:32:19,063 [INFO] ThirdParty:939 - CMSIS Pack Vendor :STMicroelectronics X-CUBE-AZRTOS-L5 2.0.0
2026-08-04 13:32:19,063 [INFO] ThirdParty:939 - CMSIS Pack Vendor :STMicroelectronics X-CUBE-TOUCHGFX 4.25.0
2026-08-04 13:32:19,063 [INFO] ThirdParty:939 - CMSIS Pack Vendor :STMicroelectronics USB_DEVICE 2.0.0
2026-08-04 13:32:19,063 [INFO] ThirdParty:939 - CMSIS Pack Vendor :STMicroelectronics X-CUBE-NFC6 3.1.0
2026-08-04 13:32:19,063 [INFO] ThirdParty:939 - CMSIS Pack Vendor :STMicroelectronics X-CUBE-AI 10.1.0
2026-08-04 13:32:19,063 [INFO] ThirdParty:939 - CMSIS Pack Vendor :STMicroelectronics X-CUBE-MEMS1 12.0.0
2026-08-04 13:32:19,063 [INFO] ThirdParty:939 - CMSIS Pack Vendor :STMicroelectronics X-CUBE-STSE01 2.0.0
2026-08-04 13:32:19,063 [INFO] ThirdParty:939 - CMSIS Pack Vendor :STMicroelectronics X-CUBE-ALGOBUILD 1.5.0
2026-08-04 13:32:19,063 [INFO] ThirdParty:939 - CMSIS Pack Vendor :STMicroelectronics X-CUBE-MEMS1 11.2.0
2026-08-04 13:32:19,063 [INFO] ThirdParty:939 - CMSIS Pack Vendor :STMicroelectronics FreeRTOS 0.0.1
2026-08-04 13:32:19,063 [INFO] ThirdParty:939 - CMSIS Pack Vendor :STMicroelectronics X-CUBE-AZRTOS-H7RS 1.3.0
2026-08-04 13:32:19,063 [INFO] ThirdParty:939 - CMSIS Pack Vendor :STMicroelectronics X-CUBE-AZRTOS-G0 1.1.0
2026-08-04 13:32:19,063 [INFO] ThirdParty:939 - CMSIS Pack Vendor :STMicroelectronics X-CUBE-SAFEA1 1.2.2
2026-08-04 13:32:19,063 [INFO] ThirdParty:939 - CMSIS Pack Vendor :STMicroelectronics X-CUBE-NFC4 3.0.0
2026-08-04 13:32:19,063 [INFO] ThirdParty:939 - CMSIS Pack Vendor :STMicroelectronics X-CUBE-SUBG2 5.0.0
2026-08-04 13:32:19,063 [INFO] ThirdParty:939 - CMSIS Pack Vendor :STMicroelectronics X-CUBE-AZRTOS-H7RS 1.1.0
2026-08-04 13:32:19,063 [INFO] ThirdParty:939 - CMSIS Pack Vendor :STMicroelectronics lwIP 2.0.3
2026-08-04 13:32:19,063 [INFO] ThirdParty:939 - CMSIS Pack Vendor :STMicroelectronics X-CUBE-MEMS1 13.0.0
2026-08-04 13:32:19,063 [INFO] ThirdParty:939 - CMSIS Pack Vendor :STMicroelectronics USB_HOST 1.0.0
2026-08-04 13:32:19,063 [INFO] ThirdParty:939 - CMSIS Pack Vendor :STMicroelectronics X-CUBE-AZRTOS-G4 2.0.0
2026-08-04 13:32:19,063 [INFO] ThirdParty:939 - CMSIS Pack Vendor :STMicroelectronics X-CUBE-WB05N 2.0.0
2026-08-04 13:32:19,063 [INFO] ThirdParty:939 - CMSIS Pack Vendor :STMicroelectronics PDM2PCM 3.1.0
2026-08-04 13:32:19,063 [INFO] ThirdParty:939 - CMSIS Pack Vendor :STMicroelectronics PDM2PCM 3.3.0
2026-08-04 13:32:19,063 [INFO] ThirdParty:939 - CMSIS Pack Vendor :wolfSSL I-CUBE-wolfTPM 3.8.0
2026-08-04 13:32:19,063 [INFO] ThirdParty:939 - CMSIS Pack Vendor :STMicroelectronics X-CUBE-AZRTOS-H7 3.4.0
2026-08-04 13:32:19,063 [INFO] ThirdParty:939 - CMSIS Pack Vendor :wolfSSL I-CUBE-wolfSSH 1.4.20
2026-08-04 13:32:19,063 [INFO] ThirdParty:939 - CMSIS Pack Vendor :STMicroelectronics X-CUBE-NFC7 2.0.0
2026-08-04 13:32:19,063 [INFO] ThirdParty:939 - CMSIS Pack Vendor :STMicroelectronics X-CUBE-GNSS1 7.1.1
2026-08-04 13:32:19,063 [INFO] ThirdParty:939 - CMSIS Pack Vendor :STMicroelectronics X-CUBE-BLE1 7.0.0
2026-08-04 13:32:19,063 [INFO] ThirdParty:939 - CMSIS Pack Vendor :STMicroelectronics FP-ATR-SIGFOX1 3.2.0
2026-08-04 13:32:19,063 [INFO] ThirdParty:939 - CMSIS Pack Vendor :STMicroelectronics X-CUBE-NFC10 1.0.0
2026-08-04 13:32:19,063 [INFO] ThirdParty:939 - CMSIS Pack Vendor :STMicroelectronics X-CUBE-EEPRMA1 5.1.0
2026-08-04 13:32:19,063 [INFO] ThirdParty:939 - CMSIS Pack Vendor :STMicroelectronics HAL Drivers 0.0.0
2026-08-04 13:32:19,063 [INFO] ThirdParty:939 - CMSIS Pack Vendor :STMicroelectronics MBEDTLS 2.16.2
2026-08-04 13:32:19,063 [INFO] ThirdParty:939 - CMSIS Pack Vendor :STMicroelectronics X-CUBE-NFC7 1.0.1
2026-08-04 13:32:19,063 [INFO] ThirdParty:939 - CMSIS Pack Vendor :STMicroelectronics MBEDTLS 2.14.1
2026-08-04 13:32:19,063 [INFO] ThirdParty:939 - CMSIS Pack Vendor :STMicroelectronics X-CUBE-GNSS1 7.1.0
2026-08-04 13:32:19,063 [INFO] ThirdParty:939 - CMSIS Pack Vendor :wolfSSL I-CUBE-wolfSSL 5.7.6
2026-08-04 13:32:19,063 [INFO] ThirdParty:939 - CMSIS Pack Vendor :STMicroelectronics X-CUBE-TOUCHGFX 4.26.0
2026-08-04 13:32:19,063 [INFO] ThirdParty:939 - CMSIS Pack Vendor :STMicroelectronics X-CUBE-TOUCHGFX 4.24.2
2026-08-04 13:32:19,063 [INFO] ThirdParty:939 - CMSIS Pack Vendor :STMicroelectronics X-CUBE-STSE01 1.0.0
2026-08-04 13:32:19,063 [INFO] ThirdParty:939 - CMSIS Pack Vendor :STMicroelectronics X-CUBE-TOUCHGFX 4.26.1
2026-08-04 13:32:19,063 [INFO] ThirdParty:939 - CMSIS Pack Vendor :portGmbH I-Cube-SoM-uGOAL 1.1.0
2026-08-04 13:32:19,063 [INFO] ThirdParty:939 - CMSIS Pack Vendor :STMicroelectronics X-CUBE-NFC6 3.2.0
2026-08-04 13:32:19,063 [INFO] ThirdParty:939 - CMSIS Pack Vendor :STMicroelectronics X-CUBE-AI 10.0.0
2026-08-04 13:32:19,063 [INFO] ThirdParty:939 - CMSIS Pack Vendor :STMicroelectronics X-CUBE-AI 10.2.1
2026-08-04 13:32:19,063 [INFO] ThirdParty:939 - CMSIS Pack Vendor :STMicroelectronics X-CUBE-AI 10.2.0
2026-08-04 13:32:19,063 [INFO] ThirdParty:939 - CMSIS Pack Vendor :STMicroelectronics X-CUBE-MEMS1 12.1.0
2026-08-04 13:32:19,063 [INFO] ThirdParty:939 - CMSIS Pack Vendor :STMicroelectronics X-CUBE-MEMS1 11.1.0
2026-08-04 13:32:19,063 [INFO] ThirdParty:939 - CMSIS Pack Vendor :STMicroelectronics X-CUBE-AZRTOS-WL 2.0.0
2026-08-04 13:32:19,063 [INFO] ThirdParty:939 - CMSIS Pack Vendor :SEGGER I-CUBE-embOS 1.3.1
2026-08-04 13:32:19,063 [INFO] ThirdParty:939 - CMSIS Pack Vendor :STMicroelectronics X-CUBE-ALGOBUILD 1.4.0
2026-08-04 13:32:19,063 [INFO] ThirdParty:939 - CMSIS Pack Vendor :STMicroelectronics X-CUBE-MEMS1 11.3.0
2026-08-04 13:32:19,063 [INFO] ThirdParty:939 - CMSIS Pack Vendor :STMicroelectronics USB_DEVICE 1.0.0
2026-08-04 13:32:19,063 [INFO] ThirdParty:939 - CMSIS Pack Vendor :STMicroelectronics X-CUBE-AZRTOS-H7RS 1.2.0
2026-08-04 13:32:19,063 [INFO] ThirdParty:939 - CMSIS Pack Vendor :STMicroelectronics X-CUBE-AZRTOS-H7RS 1.0.0
2026-08-04 13:32:19,063 [INFO] ThirdParty:939 - CMSIS Pack Vendor :STMicroelectronics X-CUBE-AZRTOS-L4 2.0.0
2026-08-04 13:32:19,063 [INFO] ThirdParty:939 - CMSIS Pack Vendor :WES I-CUBE-Cesium 1.3.0
2026-08-04 13:32:19,063 [INFO] ThirdParty:939 - CMSIS Pack Vendor :STMicroelectronics lwIP 2.1.2
2026-08-04 13:32:19,063 [INFO] ThirdParty:939 - CMSIS Pack Vendor :STMicroelectronics X-CUBE-SFXS2LP1 4.0.0
2026-08-04 13:32:19,063 [INFO] ThirdParty:939 - CMSIS Pack Vendor :STMicroelectronics X-CUBE-BLE2 3.3.0
2026-08-04 13:32:19,063 [INFO] ThirdParty:939 - CMSIS Pack Vendor :STMicroelectronics X-CUBE-NFC13 1.0.0
2026-08-04 13:32:19,063 [INFO] ThirdParty:939 - CMSIS Pack Vendor :STMicroelectronics PDM2PCM 3.2.0
2026-08-04 13:32:19,063 [INFO] ThirdParty:939 - CMSIS Pack Vendor :STMicroelectronics X-CUBE-WB05N 2.1.0
2026-08-04 13:32:19,063 [INFO] ThirdParty:757 - exiting critical section [change project]
2026-08-04 13:32:19,188 [INFO] PinOutPanel:1434 - setPackage(No Configuration,No Configuration)
2026-08-04 13:32:19,188 [INFO] PinOutPanel:1434 - setPackage(STM32F103C8Tx,LQFP48)
2026-08-04 13:32:19,329 [INFO] UtilMem:74 - Before build in PCC Used Memory: 823028200 Bytes (1023410176)
2026-08-04 13:32:19,521 [INFO] SharedServices:72 - Folder for power plug-in: C:/Users/Alunos/.stm32cubemx/plugins/power
2026-08-04 13:32:19,552 [INFO] SharedServices:72 - Folder for power plug-in: C:/Users/Alunos/.stm32cubemx/plugins/power
2026-08-04 13:32:19,568 [INFO] SharedServices:72 - Folder for power plug-in: C:/Users/Alunos/.stm32cubemx/plugins/power
2026-08-04 13:32:19,568 [INFO] SharedServices:72 - Folder for power plug-in: C:/Users/Alunos/.stm32cubemx/plugins/power
2026-08-04 13:32:19,661 [INFO] UtilMem:74 - After build in PCC Used Memory: 876505576 Bytes (1023410176)
2026-08-04 13:32:19,677 [INFO] IPUIPlugin:64 - create IPUIPlugin
2026-08-04 13:32:19,677 [INFO] IPUIPlugin:64 - create IPUIPlugin
2026-08-04 13:32:19,677 [INFO] IPUIPlugin:64 - create IPUIPlugin
2026-08-04 13:32:19,677 [INFO] IPUIPlugin:64 - create IPUIPlugin
2026-08-04 13:32:19,677 [INFO] IPUIPlugin:64 - create IPUIPlugin
2026-08-04 13:32:19,677 [INFO] IPUIPlugin:64 - create IPUIPlugin
2026-08-04 13:32:19,677 [INFO] IPUIPlugin:64 - create IPUIPlugin
2026-08-04 13:32:19,677 [INFO] IPUIPlugin:64 - create IPUIPlugin
2026-08-04 13:32:19,677 [INFO] IPUIPlugin:64 - create IPUIPlugin
2026-08-04 13:32:19,677 [INFO] IPUIPlugin:64 - create IPUIPlugin
2026-08-04 13:32:19,677 [INFO] IPUIPlugin:64 - create IPUIPlugin
2026-08-04 13:32:19,677 [INFO] IPUIPlugin:64 - create IPUIPlugin
2026-08-04 13:32:19,677 [INFO] IPUIPlugin:64 - create IPUIPlugin
2026-08-04 13:32:19,677 [INFO] IPUIPlugin:64 - create IPUIPlugin
2026-08-04 13:32:19,677 [INFO] IPUIPlugin:64 - create IPUIPlugin
2026-08-04 13:32:19,677 [INFO] IPUIPlugin:64 - create IPUIPlugin
2026-08-04 13:32:19,677 [INFO] IPUIPlugin:64 - create IPUIPlugin
2026-08-04 13:32:19,677 [INFO] IPUIPlugin:64 - create IPUIPlugin
2026-08-04 13:32:19,677 [INFO] IPUIPlugin:64 - create IPUIPlugin
2026-08-04 13:32:19,677 [INFO] IPUIPlugin:64 - create IPUIPlugin
2026-08-04 13:32:19,677 [INFO] IPUIPlugin:64 - create IPUIPlugin
2026-08-04 13:32:19,677 [INFO] IPUIPlugin:64 - create IPUIPlugin
2026-08-04 13:32:19,677 [INFO] IPUIPlugin:64 - create IPUIPlugin
2026-08-04 13:32:19,677 [INFO] IPUIPlugin:64 - create IPUIPlugin
2026-08-04 13:32:19,677 [INFO] IPUIPlugin:64 - create IPUIPlugin
2026-08-04 13:32:19,677 [INFO] IPUIPlugin:64 - create IPUIPlugin
2026-08-04 13:32:19,677 [INFO] IPUIPlugin:64 - create IPUIPlugin
2026-08-04 13:32:19,708 [INFO] LogOutputStream:76 - [STDOUT_REDIRECT] toolchainItems.length=====1
2026-08-04 13:32:19,828 [INFO] OpenFileManager:294 - Restore cursor
2026-08-04 13:32:20,056 [INFO] UtilMem:74 - End SaveConfig() Used Memory: 707061056 Bytes (1023410176)
2026-08-04 13:32:20,103 [INFO] UtilMem:74 - End SaveConfig() Used Memory: 712303936 Bytes (1023410176)
2026-08-04 13:32:20,371 [INFO] BlockDiagram:2735 - set Specific Code input for plugin: NVIC
2026-08-04 13:32:20,371 [INFO] BlockDiagram:2735 - set Specific Code input for plugin: SYS
2026-08-04 13:32:20,371 [INFO] BlockDiagram:2735 - set Specific Code input for plugin: RCC
2026-08-04 13:32:20,371 [INFO] CodeGenerator:639 - code generatio: config db path: C:\ST\STM32CubeIDE_1.5.1\STM32CubeIDE\plugins\com.st.stm32cube.common.mx_6.1.1.202012091304\\db\
2026-08-04 13:32:20,512 [INFO] CodeEngine:229 - oldGeneratedFile, C:\ProjetoIntegrado2\ProjetoIntegrado2\MXTmpFiles\license.tmp_save
2026-08-04 13:32:20,684 [INFO] CodeEngine:247 - Generated code: C:\ProjetoIntegrado2\ProjetoIntegrado2\MXTmpFiles\license.tmp
2026-08-04 13:32:20,715 [INFO] CodeEngine:229 - oldGeneratedFile, C:\ProjetoIntegrado2\ProjetoIntegrado2\Core\Src\stm32f1xx_it.c_save
2026-08-04 13:32:20,873 [INFO] CodeEngine:247 - Generated code: C:\ProjetoIntegrado2\ProjetoIntegrado2\Core\Src\stm32f1xx_it.c
2026-08-04 13:32:20,873 [INFO] CodeEngine:229 - oldGeneratedFile, C:\ProjetoIntegrado2\ProjetoIntegrado2\Core\Inc\stm32f1xx_it.h_save
2026-08-04 13:32:20,935 [INFO] CodeEngine:247 - Generated code: C:\ProjetoIntegrado2\ProjetoIntegrado2\Core\Inc\stm32f1xx_it.h
2026-08-04 13:32:20,951 [INFO] CodeEngine:229 - oldGeneratedFile, C:\ProjetoIntegrado2\ProjetoIntegrado2\Core\Src\stm32f1xx_hal_msp.c_save
2026-08-04 13:32:21,029 [INFO] CodeEngine:247 - Generated code: C:\ProjetoIntegrado2\ProjetoIntegrado2\Core\Src\stm32f1xx_hal_msp.c
2026-08-04 13:32:21,029 [INFO] CodeEngine:229 - oldGeneratedFile, C:\ProjetoIntegrado2\ProjetoIntegrado2\MXTmpFiles\system.tmp_save
2026-08-04 13:32:21,060 [INFO] CodeEngine:247 - Generated code: C:\ProjetoIntegrado2\ProjetoIntegrado2\MXTmpFiles\system.tmp
2026-08-04 13:32:21,060 [INFO] CodeEngine:229 - oldGeneratedFile, C:\ProjetoIntegrado2\ProjetoIntegrado2\Core\Inc\stm32f1xx_hal_conf.h_save
2026-08-04 13:32:21,141 [INFO] CodeEngine:247 - Generated code: C:\ProjetoIntegrado2\ProjetoIntegrado2\Core\Inc\stm32f1xx_hal_conf.h
2026-08-04 13:32:21,156 [INFO] CodeEngine:229 - oldGeneratedFile, C:\ProjetoIntegrado2\ProjetoIntegrado2\Core\Inc\main.h_save
2026-08-04 13:32:21,219 [INFO] CodeEngine:247 - Generated code: C:\ProjetoIntegrado2\ProjetoIntegrado2\Core\Inc\main.h
2026-08-04 13:32:21,219 [INFO] CodeEngine:229 - oldGeneratedFile, C:\ProjetoIntegrado2\ProjetoIntegrado2\Core\Src\main.c_save
2026-08-04 13:32:21,281 [INFO] CodeEngine:247 - Generated code: C:\ProjetoIntegrado2\ProjetoIntegrado2\Core\Src\main.c
2026-08-04 13:32:21,578 [INFO] ProjectBuilder:2328 - Time for Copy HAL[1] : 31mS.
2026-08-04 13:32:21,578 [INFO] ProjectBuilder:3259 - Project Generator version: 3.11.2
2026-08-04 13:32:21,766 [INFO] ConfigFileManager:1238 - The Die is : DIE410
2026-08-04 13:32:21,781 [INFO] ApiDbMcu:456 - Load IP Config File for FATFS
2026-08-04 13:32:21,828 [INFO] ApiDbMcu:456 - Load IP Config File for FREERTOS
2026-08-04 13:32:21,844 [INFO] ApiDbMcu:456 - Load IP Config File for USB_DEVICE
2026-08-04 13:32:26,750 [INFO] ProjectBuilder:3425 - Time for Generating toolchain IDE Files: 5172mS.
2026-08-04 13:32:26,750 [INFO] ProjectBuilder:2207 - Time for Copy CMSIS : 0mS.
2026-08-04 13:32:26,750 [INFO] ProjectBuilder:2207 - Time for Copy CMSIS : 0mS.
2026-08-04 13:32:28,687 [INFO] ApiDb:263 - Save user favorites file C:\Users\Alunos/.stm32cubeide/favorites.mcus.txt: 1 item(s)
2026-08-04 13:32:28,687 [INFO] ApiDb:267 - User favorites MCUs=[STM32F103C8Tx]
2026-08-04 13:32:29,419 [INFO] UtilMem:74 - End SaveConfig() Used Memory: 655954512 Bytes (1073741824)
2026-08-04 13:32:29,434 [INFO] UtilMem:74 - End SaveConfig() Used Memory: 659625472 Bytes (1073741824)
2026-08-04 13:32:29,528 [INFO] BlockDiagram:2735 - set Specific Code input for plugin: NVIC
2026-08-04 13:32:29,528 [INFO] BlockDiagram:2735 - set Specific Code input for plugin: SYS
2026-08-04 13:32:29,528 [INFO] BlockDiagram:2735 - set Specific Code input for plugin: RCC
2026-08-04 13:32:29,528 [INFO] CodeGenerator:639 - code generatio: config db path: C:\ST\STM32CubeIDE_1.5.1\STM32CubeIDE\plugins\com.st.stm32cube.common.mx_6.1.1.202012091304\\db\
2026-08-04 13:32:29,653 [INFO] CodeEngine:229 - oldGeneratedFile, C:\ProjetoIntegrado2\ProjetoIntegrado2\MXTmpFiles\license.tmp_save
2026-08-04 13:32:29,700 [INFO] CodeEngine:247 - Generated code: C:\ProjetoIntegrado2\ProjetoIntegrado2\MXTmpFiles\license.tmp
2026-08-04 13:32:29,715 [INFO] CodeEngine:229 - oldGeneratedFile, C:\ProjetoIntegrado2\ProjetoIntegrado2\Core\Src\stm32f1xx_it.c_save
2026-08-04 13:32:29,840 [INFO] CodeEngine:247 - Generated code: C:\ProjetoIntegrado2\ProjetoIntegrado2\Core\Src\stm32f1xx_it.c
2026-08-04 13:32:29,840 [INFO] CodeEngine:229 - oldGeneratedFile, C:\ProjetoIntegrado2\ProjetoIntegrado2\Core\Inc\stm32f1xx_it.h_save
2026-08-04 13:32:29,872 [ERROR] IocParser:46 - java.io.FileNotFoundException: C:\ProjetoIntegrado2\ProjetoIntegrado2\ProjetoIntegrado2.ioc (O sistema não pode encontrar o arquivo especificado)
2026-08-04 13:32:29,872 [ERROR] IocParser:48 - java.io.FileNotFoundException: C:\ProjetoIntegrado2\ProjetoIntegrado2\ProjetoIntegrado2.ioc (O sistema não pode encontrar o arquivo especificado)
2026-08-04 13:32:29,872 [ERROR] PeripheralListParser:83 - Something went wrong with ioc file reading
2026-08-04 13:32:29,887 [INFO] CodeEngine:247 - Generated code: C:\ProjetoIntegrado2\ProjetoIntegrado2\Core\Inc\stm32f1xx_it.h
2026-08-04 13:32:29,903 [INFO] CodeEngine:229 - oldGeneratedFile, C:\ProjetoIntegrado2\ProjetoIntegrado2\Core\Src\stm32f1xx_hal_msp.c_save
2026-08-04 13:32:29,950 [INFO] CodeEngine:247 - Generated code: C:\ProjetoIntegrado2\ProjetoIntegrado2\Core\Src\stm32f1xx_hal_msp.c
2026-08-04 13:32:29,950 [INFO] CodeEngine:229 - oldGeneratedFile, C:\ProjetoIntegrado2\ProjetoIntegrado2\MXTmpFiles\system.tmp_save
2026-08-04 13:32:29,981 [INFO] CodeEngine:247 - Generated code: C:\ProjetoIntegrado2\ProjetoIntegrado2\MXTmpFiles\system.tmp
2026-08-04 13:32:29,981 [INFO] CodeEngine:229 - oldGeneratedFile, C:\ProjetoIntegrado2\ProjetoIntegrado2\Core\Inc\stm32f1xx_hal_conf.h_save
2026-08-04 13:32:30,028 [INFO] CodeEngine:247 - Generated code: C:\ProjetoIntegrado2\ProjetoIntegrado2\Core\Inc\stm32f1xx_hal_conf.h
2026-08-04 13:32:30,043 [INFO] CodeEngine:229 - oldGeneratedFile, C:\ProjetoIntegrado2\ProjetoIntegrado2\Core\Inc\main.h_save
2026-08-04 13:32:30,075 [INFO] CodeEngine:247 - Generated code: C:\ProjetoIntegrado2\ProjetoIntegrado2\Core\Inc\main.h
2026-08-04 13:32:30,075 [INFO] CodeEngine:229 - oldGeneratedFile, C:\ProjetoIntegrado2\ProjetoIntegrado2\Core\Src\main.c_save
2026-08-04 13:32:30,184 [INFO] CodeEngine:247 - Generated code: C:\ProjetoIntegrado2\ProjetoIntegrado2\Core\Src\main.c
2026-08-04 13:32:30,492 [INFO] ProjectBuilder:2328 - Time for Copy HAL[1] : 25mS.
2026-08-04 13:32:30,492 [INFO] ProjectBuilder:3259 - Project Generator version: 3.11.2
2026-08-04 13:32:30,664 [INFO] ConfigFileManager:1238 - The Die is : DIE410
2026-08-04 13:32:31,009 [INFO] ProjectBuilder:3425 - Time for Generating toolchain IDE Files: 517mS.
2026-08-04 13:32:31,025 [INFO] ProjectBuilder:2207 - Time for Copy CMSIS : 16mS.
2026-08-04 13:32:31,025 [INFO] ProjectBuilder:2207 - Time for Copy CMSIS : 0mS.
2026-08-04 13:32:49,969 [INFO] MainUpdater:2644 - connection check result : 10
2026-08-04 13:32:52,602 [ERROR] WebUtils:616 - Updater is busy
2026-08-04 13:32:52,602 [ERROR] WebUtils:616 - Updater is busy
2026-08-04 13:32:52,602 [ERROR] WebUtils:616 - Updater is busy
2026-08-04 13:32:52,602 [ERROR] WebUtils:616 - Updater is busy
2026-08-04 13:32:52,947 [ERROR] WebUtils:616 - Updater is busy
2026-08-04 13:32:52,947 [ERROR] WebUtils:616 - Updater is busy
2026-08-04 13:32:52,947 [ERROR] DbUtils:114 - File not found: C:\Users\Alunos\.stmcufinder\plugins\mcufinder//mcu/mcusDocs.json._tmp_
2026-08-04 13:32:52,947 [WARN] DbUtils:163 - success is not a boolean!
2026-08-04 13:32:52,947 [ERROR] DbMcusDocs:83 - No MCUs documents found !
2026-08-04 13:32:52,947 [ERROR] DbFile:108 - Temporary file not found: C:\Users\Alunos\.stmcufinder\plugins\mcufinder\mcu\mcusDocs.json._tmp_
2026-08-04 13:32:52,947 [INFO] DbMcusDocs:145 - JSON generation date=Tue Nov 16 13:17:54 BRT 2021 (1637079474)
2026-08-04 13:32:53,025 [INFO] DbMcusDocs:81 - Found 682 MCUs documents
2026-08-04 13:32:53,025 [INFO] ApiDb:263 - Save user favorites file C:\Users\Alunos/.stm32cubeide/favorites.mcus.txt: 1 item(s)
2026-08-04 13:32:53,025 [INFO] ApiDb:267 - User favorites MCUs=[STM32F103C8Tx]
2026-08-04 13:32:53,025 [INFO] DbMcusXml:97 - Load MCU database from C:\ST\STM32CubeIDE_1.5.1\STM32CubeIDE\plugins\com.st.stm32cube.common.mx_6.1.1.202012091304\\db\/mcu/families.xml
2026-08-04 13:32:53,105 [ERROR] DbUtils:114 - File not found: C:\Users\Alunos\.stmcufinder\plugins\mcufinder//mcu/mcusFeaturesAndDescription.json._tmp_
2026-08-04 13:32:53,105 [WARN] DbUtils:163 - success is not a boolean!
2026-08-04 13:32:53,105 [ERROR] DbFile:108 - Temporary file not found: C:\Users\Alunos\.stmcufinder\plugins\mcufinder\mcu\mcusFeaturesAndDescription.json._tmp_
2026-08-04 13:32:53,121 [INFO] DbMcus:176 - Found 1835 MCUs (1796 are supported by CubeMX, 1796 are visible in CubeMX)
2026-08-04 13:32:53,121 [INFO] ApiDb:238 - Load user favorites file C:\Users\Alunos/.stm32cubeide/favorites.mcus.txt: 1 item(s)
2026-08-04 13:32:53,121 [INFO] ApiDb:242 - User favorites MCUs=[STM32F103C8Tx]
2026-08-04 13:32:53,121 [INFO] DbMcus:188 - Set 1 / 1 favorites MCUs
2026-08-04 13:32:53,121 [ERROR] DbUtils:114 - File not found: C:\Users\Alunos\.stmcufinder\plugins\mcufinder//mcu/boardsDocs.json._tmp_
2026-08-04 13:32:53,121 [WARN] DbUtils:163 - success is not a boolean!
2026-08-04 13:32:53,121 [ERROR] DbBoardsDocs:83 - No boards documents found !
2026-08-04 13:32:53,121 [ERROR] DbFile:108 - Temporary file not found: C:\Users\Alunos\.stmcufinder\plugins\mcufinder\mcu\boardsDocs.json._tmp_
2026-08-04 13:32:53,121 [INFO] DbBoardsDocs:145 - JSON generation date=Tue Nov 16 13:17:54 BRT 2021 (1637079474)
2026-08-04 13:32:53,121 [INFO] DbBoardsDocs:81 - Found 209 boards documents
2026-08-04 13:32:53,121 [INFO] ApiDb:263 - Save user favorites file C:\Users\Alunos/.stm32cubeide/favorites.boards.txt: 0 item(s)
2026-08-04 13:32:53,121 [INFO] ApiDb:267 - User favorites Boards=[]
2026-08-04 13:32:53,121 [INFO] DbBoardsPdsc:91 - Found 24 items
2026-08-04 13:32:53,121 [INFO] DbBoardsPdsc:91 - Found 9 items
2026-08-04 13:32:53,121 [INFO] DbBoardsPdsc:91 - Found 32 items
2026-08-04 13:32:53,121 [INFO] DbBoardsPdsc:91 - Found 1 items
2026-08-04 13:32:53,121 [INFO] DbBoardsPdsc:91 - Found 45 items
2026-08-04 13:32:53,136 [INFO] DbBoardsPdsc:91 - Found 41 items
2026-08-04 13:32:53,136 [INFO] DbBoardsPdsc:91 - Found 2 items
2026-08-04 13:32:53,136 [INFO] DbBoardsPdsc:91 - Found 4 items
2026-08-04 13:32:53,136 [WARN] DbBoardsPdsc:255 - Board STM32H7B3I-DK: unknown feature type=Audio, name=, username=Audio stereo codec with Headphone Amp (CS42L51-CNZ), n=1
2026-08-04 13:32:53,136 [WARN] DbBoardsPdsc:255 - Board STM32H735G-DK: unknown feature type=Audio, name=, username=Audio stereo codec with Headphone Amp (WM8994ECS/R), n=1
2026-08-04 13:32:53,136 [WARN] DbBoardsPdsc:255 - Board STM32H7B3I-EVAL: unknown feature type=Audio, name=, username=Multi-Channel Audio Codec (CS42L51-CNZ), n=1
2026-08-04 13:32:53,136 [WARN] DbBoardsPdsc:255 - Board STM32H7B3I-EVAL: unknown feature type=Meter, name=, username=Power-metering and Temperature-monitoring with sigma-delta modulators, n=1
2026-08-04 13:32:53,136 [WARN] DbBoardsPdsc:255 - Board STM32H7B3I-EVAL: unknown feature type=Motor, name=, username=Motor Control, n=1
2026-08-04 13:32:53,136 [ERROR] DbUtils:114 - File not found: C:\Users\Alunos\.stmcufinder\plugins\mcufinder//mcu/boards.json._tmp_
2026-08-04 13:32:53,136 [WARN] DbUtils:163 - success is not a boolean!
2026-08-04 13:32:53,136 [ERROR] DbFile:108 - Temporary file not found: C:\Users\Alunos\.stmcufinder\plugins\mcufinder\mcu\boards.json._tmp_
2026-08-04 13:32:53,136 [INFO] DbBoards:118 - Found 158 boards (155 are supported by CubeMX)
2026-08-04 13:32:53,136 [WARN] DbBoards:128 - board B-G474E-DPOW1 has no document id list !
2026-08-04 13:32:53,136 [WARN] DbBoards:128 - board B-L072Z-LRWAN1 has no document id list !
2026-08-04 13:32:53,136 [WARN] DbBoards:128 - board B-L462E-CELL1 has no document id list !
2026-08-04 13:32:53,136 [WARN] DbBoards:128 - board B-L475E-IOT01A1 has no document id list !
2026-08-04 13:32:53,136 [WARN] DbBoards:128 - board B-L475E-IOT01A2 has no document id list !
2026-08-04 13:32:53,136 [WARN] DbBoards:128 - board B-L4S5I-IOT01A has no document id list !
2026-08-04 13:32:53,136 [WARN] DbBoards:128 - board NUCLEO-F030R8 has no document id list !
2026-08-04 13:32:53,136 [WARN] DbBoards:128 - board NUCLEO-F031K6 has no document id list !
2026-08-04 13:32:53,136 [WARN] DbBoards:128 - board NUCLEO-F042K6 has no document id list !
2026-08-04 13:32:53,136 [WARN] DbBoards:128 - board NUCLEO-F070RB has no document id list !
2026-08-04 13:32:53,136 [WARN] DbBoards:128 - board NUCLEO-F072RB has no document id list !
2026-08-04 13:32:53,136 [WARN] DbBoards:128 - board NUCLEO-F091RC has no document id list !
2026-08-04 13:32:53,136 [WARN] DbBoards:128 - board NUCLEO-F103RB has no document id list !
2026-08-04 13:32:53,136 [WARN] DbBoards:128 - board NUCLEO-F207ZG has no document id list !
2026-08-04 13:32:53,136 [WARN] DbBoards:128 - board NUCLEO-F302R8 has no document id list !
2026-08-04 13:32:53,136 [WARN] DbBoards:128 - board NUCLEO-F303K8 has no document id list !
2026-08-04 13:32:53,136 [WARN] DbBoards:128 - board NUCLEO-F303RE has no document id list !
2026-08-04 13:32:53,136 [WARN] DbBoards:128 - board NUCLEO-F303ZE has no document id list !
2026-08-04 13:32:53,136 [WARN] DbBoards:128 - board NUCLEO-F334R8 has no document id list !
2026-08-04 13:32:53,136 [WARN] DbBoards:128 - board NUCLEO-F401RE has no document id list !
2026-08-04 13:32:53,136 [WARN] DbBoards:128 - board NUCLEO-F410RB has no document id list !
2026-08-04 13:32:53,136 [WARN] DbBoards:128 - board NUCLEO-F411RE has no document id list !
2026-08-04 13:32:53,136 [WARN] DbBoards:128 - board NUCLEO-F412ZG has no document id list !
2026-08-04 13:32:53,136 [WARN] DbBoards:128 - board NUCLEO-F413ZH has no document id list !
2026-08-04 13:32:53,136 [WARN] DbBoards:128 - board NUCLEO-F429ZI has no document id list !
2026-08-04 13:32:53,136 [WARN] DbBoards:128 - board NUCLEO-F439ZI has no document id list !
2026-08-04 13:32:53,136 [WARN] DbBoards:128 - board NUCLEO-F446RE has no document id list !
2026-08-04 13:32:53,136 [WARN] DbBoards:128 - board NUCLEO-F446ZE has no document id list !
2026-08-04 13:32:53,136 [WARN] DbBoards:128 - board NUCLEO-F722ZE has no document id list !
2026-08-04 13:32:53,136 [WARN] DbBoards:128 - board NUCLEO-F746ZG has no document id list !
2026-08-04 13:32:53,136 [WARN] DbBoards:128 - board NUCLEO-F767ZI has no document id list !
2026-08-04 13:32:53,136 [WARN] DbBoards:128 - board NUCLEO-G031K8 has no document id list !
2026-08-04 13:32:53,136 [WARN] DbBoards:128 - board NUCLEO-G070RB has no document id list !
2026-08-04 13:32:53,136 [WARN] DbBoards:128 - board NUCLEO-G071RB has no document id list !
2026-08-04 13:32:53,136 [WARN] DbBoards:128 - board NUCLEO-G0B1RE has no document id list !
2026-08-04 13:32:53,136 [WARN] DbBoards:128 - board NUCLEO-G431KB has no document id list !
2026-08-04 13:32:53,136 [WARN] DbBoards:128 - board NUCLEO-G431RB has no document id list !
2026-08-04 13:32:53,136 [WARN] DbBoards:128 - board NUCLEO-G474RE has no document id list !
2026-08-04 13:32:53,136 [WARN] DbBoards:128 - board NUCLEO-G491RE has no document id list !
2026-08-04 13:32:53,136 [WARN] DbBoards:128 - board NUCLEO-H723ZG has no document id list !
2026-08-04 13:32:53,136 [WARN] DbBoards:128 - board NUCLEO-H743ZI has no document id list !
2026-08-04 13:32:53,136 [WARN] DbBoards:128 - board NUCLEO-H743ZI2 has no document id list !
2026-08-04 13:32:53,136 [WARN] DbBoards:128 - board NUCLEO-H745ZI-Q has no document id list !
2026-08-04 13:32:53,136 [WARN] DbBoards:128 - board NUCLEO-H753ZI has no document id list !
2026-08-04 13:32:53,136 [WARN] DbBoards:128 - board NUCLEO-H755ZI-Q has no document id list !
2026-08-04 13:32:53,136 [WARN] DbBoards:128 - board NUCLEO-H7A3ZI-Q has no document id list !
2026-08-04 13:32:53,136 [WARN] DbBoards:128 - board NUCLEO-L010RB has no document id list !
2026-08-04 13:32:53,136 [WARN] DbBoards:128 - board NUCLEO-L011K4 has no document id list !
2026-08-04 13:32:53,136 [WARN] DbBoards:128 - board NUCLEO-L031K6 has no document id list !
2026-08-04 13:32:53,136 [WARN] DbBoards:128 - board NUCLEO-L053R8 has no document id list !
2026-08-04 13:32:53,136 [WARN] DbBoards:128 - board NUCLEO-L073RZ has no document id list !
2026-08-04 13:32:53,136 [WARN] DbBoards:128 - board NUCLEO-L152RE has no document id list !
2026-08-04 13:32:53,136 [WARN] DbBoards:128 - board NUCLEO-L412KB has no document id list !
2026-08-04 13:32:53,136 [WARN] DbBoards:128 - board NUCLEO-L412RB-P has no document id list !
2026-08-04 13:32:53,136 [WARN] DbBoards:128 - board NUCLEO-L432KC has no document id list !
2026-08-04 13:32:53,136 [WARN] DbBoards:128 - board NUCLEO-L433RC-P has no document id list !
2026-08-04 13:32:53,136 [WARN] DbBoards:128 - board NUCLEO-L452RE has no document id list !
2026-08-04 13:32:53,136 [WARN] DbBoards:128 - board NUCLEO-L452RE-P has no document id list !
2026-08-04 13:32:53,136 [WARN] DbBoards:128 - board NUCLEO-L476RG has no document id list !
2026-08-04 13:32:53,136 [WARN] DbBoards:128 - board NUCLEO-L496ZG has no document id list !
2026-08-04 13:32:53,136 [WARN] DbBoards:128 - board NUCLEO-L496ZG-P has no document id list !
2026-08-04 13:32:53,136 [WARN] DbBoards:128 - board NUCLEO-L4A6ZG has no document id list !
2026-08-04 13:32:53,136 [WARN] DbBoards:128 - board NUCLEO-L4P5ZG has no document id list !
2026-08-04 13:32:53,136 [WARN] DbBoards:128 - board NUCLEO-L4R5ZI has no document id list !
2026-08-04 13:32:53,136 [WARN] DbBoards:128 - board NUCLEO-L4R5ZI-P has no document id list !
2026-08-04 13:32:53,136 [WARN] DbBoards:128 - board NUCLEO-L552ZE-Q has no document id list !
2026-08-04 13:32:53,136 [WARN] DbBoards:128 - board NUCLEO-WB55RG has no document id list !
2026-08-04 13:32:53,136 [WARN] DbBoards:128 - board NUCLEO-WL55JC1 has no document id list !
2026-08-04 13:32:53,136 [WARN] DbBoards:128 - board NUCLEO-WL55JC2 has no document id list !
2026-08-04 13:32:53,136 [WARN] DbBoards:128 - board P-NUCLEO-WB55 has no document id list !
2026-08-04 13:32:53,136 [WARN] DbBoards:128 - board P-NUCLEO-WB55-Nucleo has no document id list !
2026-08-04 13:32:53,136 [WARN] DbBoards:128 - board P-NUCLEO-WB55-USBDongle has no document id list !
2026-08-04 13:32:53,136 [WARN] DbBoards:128 - board STEVAL-BFA001V1B has no document id list !
2026-08-04 13:32:53,136 [WARN] DbBoards:128 - board STEVAL-BFA001V2B has no document id list !
2026-08-04 13:32:53,136 [WARN] DbBoards:128 - board STEVAL-IDP005V1 has no document id list !
2026-08-04 13:32:53,136 [WARN] DbBoards:128 - board STEVAL-IDP005V2 has no document id list !
2026-08-04 13:32:53,136 [WARN] DbBoards:128 - board STEVAL-MKSBOX1V1 has no document id list !
2026-08-04 13:32:53,136 [WARN] DbBoards:128 - board STEVAL-STWINKT1 has no document id list !
2026-08-04 13:32:53,136 [WARN] DbBoards:128 - board STM32072B-EVAL has no document id list !
2026-08-04 13:32:53,136 [WARN] DbBoards:128 - board STM32091C-EVAL has no document id list !
2026-08-04 13:32:53,136 [WARN] DbBoards:128 - board STM32100E-EVAL has no document id list !
2026-08-04 13:32:53,136 [WARN] DbBoards:128 - board STM3210C-EVAL has no document id list !
2026-08-04 13:32:53,136 [WARN] DbBoards:128 - board STM3210E-EVAL has no document id list !
2026-08-04 13:32:53,136 [WARN] DbBoards:128 - board STM3220G-EVAL has no document id list !
2026-08-04 13:32:53,136 [WARN] DbBoards:128 - board STM3221G-EVAL has no document id list !
2026-08-04 13:32:53,136 [WARN] DbBoards:128 - board STM32303C-EVAL has no document id list !
2026-08-04 13:32:53,136 [WARN] DbBoards:128 - board STM32303E-EVAL has no document id list !
2026-08-04 13:32:53,136 [WARN] DbBoards:128 - board STM32373C-EVAL has no document id list !
2026-08-04 13:32:53,136 [WARN] DbBoards:128 - board STM3240G-EVAL has no document id list !
2026-08-04 13:32:53,136 [WARN] DbBoards:128 - board STM3241G-EVAL has no document id list !
2026-08-04 13:32:53,136 [WARN] DbBoards:128 - board STM32429I-EVAL1 has no document id list !
2026-08-04 13:32:53,136 [WARN] DbBoards:128 - board STM32439I-EVAL2 has no document id list !
2026-08-04 13:32:53,136 [WARN] DbBoards:128 - board STM32446E-EVAL has no document id list !
2026-08-04 13:32:53,136 [WARN] DbBoards:128 - board STM32469I-EVAL has no document id list !
2026-08-04 13:32:53,136 [WARN] DbBoards:128 - board STM32479I-EVAL has no document id list !
2026-08-04 13:32:53,136 [WARN] DbBoards:128 - board STM32746G-EVAL2 has no document id list !
2026-08-04 13:32:53,136 [WARN] DbBoards:128 - board STM32756G-EVAL2 has no document id list !
2026-08-04 13:32:53,136 [WARN] DbBoards:128 - board STM32F0308-DISCO has no document id list !
2026-08-04 13:32:53,136 [WARN] DbBoards:128 - board STM32F072B-DISCO has no document id list !
2026-08-04 13:32:53,136 [WARN] DbBoards:128 - board STM32F0DISCOVERY has no document id list !
2026-08-04 13:32:53,136 [WARN] DbBoards:128 - board STM32F3348-DISCO has no document id list !
2026-08-04 13:32:53,136 [WARN] DbBoards:128 - board STM32F3DISCOVERY has no document id list !
2026-08-04 13:32:53,136 [WARN] DbBoards:128 - board STM32F401C-DISCO has no document id list !
2026-08-04 13:32:53,136 [WARN] DbBoards:128 - board STM32F407G-DISC1 has no document id list !
2026-08-04 13:32:53,136 [WARN] DbBoards:128 - board STM32F411E-DISCO has no document id list !
2026-08-04 13:32:53,136 [WARN] DbBoards:128 - board STM32F412G-DISCO has no document id list !
2026-08-04 13:32:53,136 [WARN] DbBoards:128 - board STM32F413H-DISCO has no document id list !
2026-08-04 13:32:53,136 [WARN] DbBoards:128 - board STM32F429I-DISC1 has no document id list !
2026-08-04 13:32:53,136 [WARN] DbBoards:128 - board STM32F469I-DISCO has no document id list !
2026-08-04 13:32:53,136 [WARN] DbBoards:128 - board STM32F723E-DISCO has no document id list !
2026-08-04 13:32:53,136 [WARN] DbBoards:128 - board STM32F7308-DK has no document id list !
2026-08-04 13:32:53,136 [WARN] DbBoards:128 - board STM32F746G-DISCO has no document id list !
2026-08-04 13:32:53,136 [WARN] DbBoards:128 - board STM32F7508-DK has no document id list !
2026-08-04 13:32:53,136 [WARN] DbBoards:128 - board STM32F769I-DISC1 has no document id list !
2026-08-04 13:32:53,136 [WARN] DbBoards:128 - board STM32F769I-DISCO has no document id list !
2026-08-04 13:32:53,136 [WARN] DbBoards:128 - board STM32F769I-EVAL has no document id list !
2026-08-04 13:32:53,136 [WARN] DbBoards:128 - board STM32F779I-EVAL has no document id list !
2026-08-04 13:32:53,136 [WARN] DbBoards:128 - board STM32G0316-DISCO has no document id list !
2026-08-04 13:32:53,136 [WARN] DbBoards:128 - board STM32G071B-DISCO has no document id list !
2026-08-04 13:32:53,136 [WARN] DbBoards:128 - board STM32G081B-EVAL has no document id list !
2026-08-04 13:32:53,136 [WARN] DbBoards:128 - board STM32G0C1E-EV has no document id list !
2026-08-04 13:32:53,136 [WARN] DbBoards:128 - board STM32G474E-EVAL has no document id list !
2026-08-04 13:32:53,136 [WARN] DbBoards:128 - board STM32G474E-EVAL1 has no document id list !
2026-08-04 13:32:53,136 [WARN] DbBoards:128 - board STM32G484E-EVAL has no document id list !
2026-08-04 13:32:53,136 [WARN] DbBoards:128 - board STM32H735G-DK has no document id list !
2026-08-04 13:32:53,136 [WARN] DbBoards:128 - board STM32H743I-EVAL has no document id list !
2026-08-04 13:32:53,136 [WARN] DbBoards:128 - board STM32H743I-EVAL2 has no document id list !
2026-08-04 13:32:53,136 [WARN] DbBoards:128 - board STM32H745I-DISCO has no document id list !
2026-08-04 13:32:53,136 [WARN] DbBoards:128 - board STM32H747I-DISC1 has no document id list !
2026-08-04 13:32:53,136 [WARN] DbBoards:128 - board STM32H747I-DISCO has no document id list !
2026-08-04 13:32:53,136 [WARN] DbBoards:128 - board STM32H747I-EVAL has no document id list !
2026-08-04 13:32:53,136 [WARN] DbBoards:128 - board STM32H750B-DK has no document id list !
2026-08-04 13:32:53,136 [WARN] DbBoards:128 - board STM32H753I-EVAL has no document id list !
2026-08-04 13:32:53,136 [WARN] DbBoards:128 - board STM32H753I-EVAL2 has no document id list !
2026-08-04 13:32:53,136 [WARN] DbBoards:128 - board STM32H757I-EVAL has no document id list !
2026-08-04 13:32:53,136 [WARN] DbBoards:128 - board STM32H7B3I-DK has no document id list !
2026-08-04 13:32:53,136 [WARN] DbBoards:128 - board STM32H7B3I-EVAL has no document id list !
2026-08-04 13:32:53,136 [WARN] DbBoards:128 - board STM32L-DISCOVERY has no document id list !
2026-08-04 13:32:53,136 [WARN] DbBoards:128 - board STM32L0538-DISCO has no document id list !
2026-08-04 13:32:53,136 [WARN] DbBoards:128 - board STM32L073Z-EVAL has no document id list !
2026-08-04 13:32:53,136 [WARN] DbBoards:128 - board STM32L100C-DISCO has no document id list !
2026-08-04 13:32:53,136 [WARN] DbBoards:128 - board STM32L152C-DISCO has no document id list !
2026-08-04 13:32:53,136 [WARN] DbBoards:128 - board STM32L152D-EVAL has no document id list !
2026-08-04 13:32:53,136 [WARN] DbBoards:128 - board STM32L476G-DISCO has no document id list !
2026-08-04 13:32:53,136 [WARN] DbBoards:128 - board STM32L476G-EVAL has no document id list !
2026-08-04 13:32:53,136 [WARN] DbBoards:128 - board STM32L496G-DISCO has no document id list !
2026-08-04 13:32:53,136 [WARN] DbBoards:128 - board STM32L4P5G-DK has no document id list !
2026-08-04 13:32:53,136 [WARN] DbBoards:128 - board STM32L4R9I-DISCO has no document id list !
2026-08-04 13:32:53,136 [WARN] DbBoards:128 - board STM32L4R9I-EVAL has no document id list !
2026-08-04 13:32:53,136 [WARN] DbBoards:128 - board STM32L552E-EV has no document id list !
2026-08-04 13:32:53,136 [WARN] DbBoards:128 - board STM32L562E-DK has no document id list !
2026-08-04 13:32:53,136 [WARN] DbBoards:128 - board STM32MP157A-DK1 has no document id list !
2026-08-04 13:32:53,136 [WARN] DbBoards:128 - board STM32MP157A-EV1 has no document id list !
2026-08-04 13:32:53,136 [WARN] DbBoards:128 - board STM32MP157C-DK2 has no document id list !
2026-08-04 13:32:53,136 [WARN] DbBoards:128 - board STM32MP157C-EV1 has no document id list !
2026-08-04 13:32:53,136 [WARN] DbBoards:128 - board STM32MP157F-DK2 has no document id list !
2026-08-04 13:32:53,136 [WARN] DbBoards:128 - board STM32MP157F-EV1 has no document id list !
2026-08-04 13:32:53,136 [WARN] DbBoards:128 - board STM32VLDISCOVERY has no document id list !
2026-08-04 13:32:53,542 [INFO] ApiDb:238 - Load user favorites file C:\Users\Alunos/.stm32cubeide/favorites.boards.txt: 0 item(s)
2026-08-04 13:32:53,542 [INFO] ApiDb:242 - User favorites Boards=[]
2026-08-04 13:32:53,542 [INFO] DbBoards:207 - Set 0 / 0 favorites Boards
2026-08-04 13:32:53,589 [INFO] CrossSelectorPresenter:1330 - Cross Selector saved comparison directory: C:\Users\Alunos\.stmcufinder\plugins\mcufinder\mcu\cs_comparisons_mx
2026-08-04 13:32:53,589 [INFO] MultiScanPanel:198 - Auto-refresh data requested => check proxy status ongoing
2026-08-04 13:32:53,589 [INFO] FinderPluginLoader:87 - Searching for filters in installed packs
2026-08-04 13:32:53,668 [WARN] DetailPanel:347 - Failed to get advertising image, set to default
2026-08-04 13:32:53,777 [INFO] McuFilterPanel:245 - Update 1 favorites MCUs
2026-08-04 13:33:09,542 [ERROR] ServerAccessManage:989 - HTTP unexpected response (522) for http://stmcufinder.com/API/getFiles.php?
2026-08-04 13:33:09,542 [ERROR] ServerAccessManage:517 - Error during Access to HTTP Server. : mcusDocs.json._tmp_.
2026-08-04 13:33:09,573 [INFO] LoadUrlFilesThread:135 - End of LoadUrlFiles Thread
2026-08-04 13:33:25,542 [INFO] MainUpdater:2644 - connection check result : 10
2026-08-04 13:33:25,542 [INFO] MainUpdater:2644 - connection check result : 10
2026-08-04 13:33:25,558 [INFO] MicroXplorer:385 - Change Database Path : 
2026-08-04 13:33:25,558 [INFO] MicroXplorer:415 - Change Database Version : DB.6.0.10
2026-08-04 13:33:25,558 [WARN] ThirdParty:783 - waiting for thirdparty lock release [close project]
2026-08-04 13:33:25,558 [INFO] ThirdParty:785 - entering critical section [close project]
2026-08-04 13:33:25,558 [INFO] ThirdParty:796 - exiting critical section [close project]
2026-08-04 13:33:25,558 [INFO] PinOutPanel:1434 - setPackage(No Configuration,No Configuration)
2026-08-04 13:33:25,558 [INFO] UtilMem:74 - Begin LoadConfig() Used Memory: 897362008 Bytes (1073741824)
2026-08-04 13:33:25,558 [INFO] MicroXplorer:385 - Change Database Path : 
2026-08-04 13:33:25,558 [INFO] MicroXplorer:415 - Change Database Version : DB.6.0.10
2026-08-04 13:33:25,558 [INFO] OpenFileManager:274 - Change cursor
2026-08-04 13:33:25,558 [WARN] ThirdParty:204 - Use empty third party IP manager
2026-08-04 13:33:25,558 [INFO] RulesReader:52 - Compatibility file has been processed (228 Rules)
2026-08-04 13:33:25,856 [INFO] ImportTextPane:162 - (OptionalMessage_ERROR) Unable to find key (Mcu.ThirdPartyNb) in loaded IOC file
2026-08-04 13:33:25,856 [INFO] ImportTextPane:162 - (OptionalMessage_ERROR) Unable to find key (Mcu.PinsNb) in loaded IOC file
2026-08-04 13:33:25,856 [INFO] ImportTextPane:162 - (OptionalMessage_ERROR) Unable to find key (Mcu.IPNb) in loaded IOC file
2026-08-04 13:33:25,872 [WARN] ApiManager:294 - Cannot register API 'Board Extension:PM33A1' from pack STMicroelectronics.X-CUBE-PM33A1.1.0.0: no header file found
2026-08-04 13:33:25,872 [WARN] ApiManager:294 - Cannot register API 'Board Extension:NFC09A1' from pack STMicroelectronics.X-CUBE-NFC9.1.0.0: no header file found
2026-08-04 13:33:25,872 [WARN] ApiManager:294 - Cannot register API 'Wireless:BlueNRG-MS' from pack STMicroelectronics.X-CUBE-BLE1.7.1.0: no header file found
2026-08-04 13:33:25,872 [WARN] ApiManager:294 - Cannot register API 'Wireless:STM32WB05N' from pack STMicroelectronics.X-CUBE-WB05N.1.1.0: no header file found
2026-08-04 13:33:25,872 [WARN] ApiManager:294 - Cannot register API 'Board Extension:EEPRMA2' from pack STMicroelectronics.X-CUBE-EEPRMA1.5.2.0: no header file found
2026-08-04 13:33:25,872 [WARN] ApiManager:294 - Cannot register API 'Board Extension:PGEEZ1' from pack STMicroelectronics.X-CUBE-EEPRMA1.5.2.0: no header file found
2026-08-04 13:33:25,872 [WARN] ApiManager:294 - Cannot register API 'Board Extension:EEICA1' from pack STMicroelectronics.X-CUBE-EEPRMA1.5.2.0: no header file found
2026-08-04 13:33:25,872 [WARN] ApiManager:294 - Cannot register API 'Board Part:M24' from pack STMicroelectronics.X-CUBE-EEPRMA1.5.2.0: no header file found
2026-08-04 13:33:25,872 [WARN] ApiManager:294 - Cannot register API 'Board Part:M95' from pack STMicroelectronics.X-CUBE-EEPRMA1.5.2.0: no header file found
2026-08-04 13:33:25,872 [WARN] ApiManager:294 - Cannot register API 'Board Part:M95P32' from pack STMicroelectronics.X-CUBE-EEPRMA1.5.2.0: no header file found
2026-08-04 13:33:25,872 [WARN] ApiManager:294 - Cannot register API 'Board Part:M24256E-F' from pack STMicroelectronics.X-CUBE-EEPRMA1.5.2.0: no header file found
2026-08-04 13:33:25,872 [WARN] ApiManager:294 - Cannot register API 'Board Part:M24M01E-F' from pack STMicroelectronics.X-CUBE-EEPRMA1.5.2.0: no header file found
2026-08-04 13:33:25,872 [WARN] ApiManager:294 - Cannot register API 'PGEEZ1:SPI' from pack STMicroelectronics.X-CUBE-EEPRMA1.5.2.0: no header file found
2026-08-04 13:33:25,872 [WARN] ApiManager:294 - Cannot register API 'PGEEZ1:QDSPI' from pack STMicroelectronics.X-CUBE-EEPRMA1.5.2.0: no header file found
2026-08-04 13:33:25,872 [WARN] ApiManager:294 - Cannot register API 'Board Extension:GNSS1A1' from pack STMicroelectronics.X-CUBE-GNSS1.7.0.1: no header file found
2026-08-04 13:33:25,872 [WARN] ApiManager:294 - Cannot register API 'Board Support:Custom' from pack STMicroelectronics.X-CUBE-GNSS1.7.0.1: no header file found
2026-08-04 13:33:25,872 [WARN] ApiManager:294 - Cannot register API 'Data Exchange:lib_gnss' from pack STMicroelectronics.X-CUBE-GNSS1.7.0.1: no header file found
2026-08-04 13:33:25,872 [WARN] ApiManager:294 - Cannot register API 'Board Extension:NFC12A1' from pack STMicroelectronics.X-CUBE-NFC12.1.0.0: no header file found
2026-08-04 13:33:25,872 [WARN] ApiManager:294 - Cannot register API 'Board Extension:NFC06A1' from pack STMicroelectronics.X-CUBE-NFC6.3.1.0: no header file found
2026-08-04 13:33:25,872 [WARN] ApiManager:294 - Cannot register API 'Board Extension:NFC08A1' from pack STMicroelectronics.X-CUBE-NFC6.3.1.0: no header file found
2026-08-04 13:33:25,903 [WARN] ApiManager:294 - Cannot register API 'Board Extension:IKS02A1' from pack STMicroelectronics.X-CUBE-MEMS1.12.0.0: no header file found
2026-08-04 13:33:25,903 [WARN] ApiManager:294 - Cannot register API 'Board Extension:IKS4A1' from pack STMicroelectronics.X-CUBE-MEMS1.12.0.0: no header file found
2026-08-04 13:33:25,903 [WARN] ApiManager:294 - Cannot register API 'Board Extension:IKS5A1' from pack STMicroelectronics.X-CUBE-MEMS1.12.0.0: no header file found
2026-08-04 13:33:25,903 [WARN] ApiManager:294 - Cannot register API 'Board Extension:SAFEA1' from pack STMicroelectronics.X-CUBE-STSE01.2.0.0: no header file found
2026-08-04 13:33:25,903 [WARN] ApiManager:294 - Cannot register API 'Board Extension:ESE01A1' from pack STMicroelectronics.X-CUBE-STSE01.2.0.0: no header file found
2026-08-04 13:33:25,903 [WARN] ApiManager:294 - Cannot register API 'Board Extension:ESE02A1' from pack STMicroelectronics.X-CUBE-STSE01.2.0.0: no header file found
2026-08-04 13:33:25,903 [WARN] ApiManager:294 - Cannot register API 'Board Part:STSAFEA110' from pack STMicroelectronics.X-CUBE-STSE01.2.0.0: no header file found
2026-08-04 13:33:25,903 [WARN] ApiManager:294 - Cannot register API 'Board Part:STSAFEA120' from pack STMicroelectronics.X-CUBE-STSE01.2.0.0: no header file found
2026-08-04 13:33:25,903 [WARN] ApiManager:294 - Cannot register API 'Board Part:STSAFEL010' from pack STMicroelectronics.X-CUBE-STSE01.2.0.0: no header file found
2026-08-04 13:33:25,903 [WARN] ApiManager:294 - Cannot register API 'Security:STM32_Cryptographic' from pack STMicroelectronics.X-CUBE-STSE01.2.0.0: no header file found
2026-08-04 13:33:25,903 [WARN] ApiManager:294 - Cannot register API 'Security:STSELib' from pack STMicroelectronics.X-CUBE-STSE01.2.0.0: no header file found
2026-08-04 13:33:25,950 [WARN] ApiManager:294 - Cannot register API 'Board Extension:IKS01A3' from pack STMicroelectronics.X-CUBE-MEMS1.11.2.0: no header file found
2026-08-04 13:33:25,950 [WARN] ApiManager:294 - Cannot register API 'Board Extension:IKS02A1' from pack STMicroelectronics.X-CUBE-MEMS1.11.2.0: no header file found
2026-08-04 13:33:25,950 [WARN] ApiManager:294 - Cannot register API 'Board Extension:IKS4A1' from pack STMicroelectronics.X-CUBE-MEMS1.11.2.0: no header file found
2026-08-04 13:33:25,950 [INFO] RtosManager:464 - Registered RTOS mode: class=CMSIS, group=RTOS, mode=CMSIS_V1, owner=FREERTOS
2026-08-04 13:33:25,950 [INFO] RtosManager:464 - Registered RTOS mode: class=CMSIS, group=RTOS2, mode=CMSIS_V2, owner=FREERTOS
2026-08-04 13:33:25,950 [INFO] RtosManager:464 - Registered RTOS mode: class=RTOS, group=Core, mode=CMSIS_V1, owner=FREERTOS
2026-08-04 13:33:25,950 [INFO] RtosManager:464 - Registered RTOS mode: class=RTOS, group=Core, mode=CMSIS_V2, owner=FREERTOS
2026-08-04 13:33:25,950 [WARN] ModelIntegratedComponent:182 - Missing modes for component STMicroelectronics:FreeRTOS:0.0.1:STMicroelectronics:RTOS:FreeRTOS:Core:::10.2.0:
2026-08-04 13:33:25,950 [WARN] ApiManager:294 - Cannot register API 'Board Extension:STSAFEA1' from pack STMicroelectronics.X-CUBE-SAFEA1.1.2.2: no header file found
2026-08-04 13:33:25,950 [WARN] ApiManager:294 - Cannot register API 'Board Part:STSAFEA110' from pack STMicroelectronics.X-CUBE-SAFEA1.1.2.2: no header file found
2026-08-04 13:33:25,950 [WARN] ApiManager:294 - Cannot register API 'Security:ST_Cryptolib' from pack STMicroelectronics.X-CUBE-SAFEA1.1.2.2: no header file found
2026-08-04 13:33:25,950 [WARN] ApiManager:294 - Cannot register API 'Security:MbedTLS' from pack STMicroelectronics.X-CUBE-SAFEA1.1.2.2: no header file found
2026-08-04 13:33:25,950 [WARN] ApiManager:294 - Cannot register API 'Board Extension:NFC04A1' from pack STMicroelectronics.X-CUBE-NFC4.3.0.0: no header file found
2026-08-04 13:33:25,950 [WARN] ApiManager:294 - Cannot register API 'Board Extension:S2868A1' from pack STMicroelectronics.X-CUBE-SUBG2.5.0.0: no header file found
2026-08-04 13:33:25,950 [WARN] ApiManager:294 - Cannot register API 'Board Extension:S2868A2' from pack STMicroelectronics.X-CUBE-SUBG2.5.0.0: no header file found
2026-08-04 13:33:25,950 [WARN] ApiManager:294 - Cannot register API 'Board Extension:S2915A1' from pack STMicroelectronics.X-CUBE-SUBG2.5.0.0: no header file found
2026-08-04 13:33:25,997 [WARN] ApiManager:294 - Cannot register API 'Board Extension:IKS02A1' from pack STMicroelectronics.X-CUBE-MEMS1.13.0.0: no header file found
2026-08-04 13:33:25,997 [WARN] ApiManager:294 - Cannot register API 'Board Extension:IKS4A1' from pack STMicroelectronics.X-CUBE-MEMS1.13.0.0: no header file found
2026-08-04 13:33:25,997 [WARN] ApiManager:294 - Cannot register API 'Board Extension:IKS5A1' from pack STMicroelectronics.X-CUBE-MEMS1.13.0.0: no header file found
2026-08-04 13:33:25,997 [WARN] ApiManager:294 - Cannot register API 'Wireless:STM32WB05N' from pack STMicroelectronics.X-CUBE-WB05N.2.0.0: no header file found
2026-08-04 13:33:25,997 [WARN] ApiManager:294 - Cannot register API 'Board Extension:NFC07A1' from pack STMicroelectronics.X-CUBE-NFC7.2.0.0: no header file found
2026-08-04 13:33:25,997 [WARN] ApiManager:294 - Cannot register API 'Board Extension:GNSS1A1' from pack STMicroelectronics.X-CUBE-GNSS1.7.1.1: no header file found
2026-08-04 13:33:25,997 [WARN] ApiManager:294 - Cannot register API 'Board Support:Custom' from pack STMicroelectronics.X-CUBE-GNSS1.7.1.1: no header file found
2026-08-04 13:33:25,997 [WARN] ApiManager:294 - Cannot register API 'Data Exchange:lib_gnss' from pack STMicroelectronics.X-CUBE-GNSS1.7.1.1: no header file found
2026-08-04 13:33:25,997 [WARN] ApiManager:294 - Cannot register API 'Wireless:BlueNRG-MS' from pack STMicroelectronics.X-CUBE-BLE1.7.0.0: no header file found
2026-08-04 13:33:25,997 [WARN] ApiManager:294 - Cannot register API 'Board Extension:NFC10A1' from pack STMicroelectronics.X-CUBE-NFC10.1.0.0: no header file found
2026-08-04 13:33:25,997 [WARN] ApiManager:294 - Cannot register API 'Board Extension:EEPRMA2' from pack STMicroelectronics.X-CUBE-EEPRMA1.5.1.0: no header file found
2026-08-04 13:33:25,997 [WARN] ApiManager:294 - Cannot register API 'Board Extension:PGEEZ1' from pack STMicroelectronics.X-CUBE-EEPRMA1.5.1.0: no header file found
2026-08-04 13:33:25,997 [WARN] ApiManager:294 - Cannot register API 'Board Extension:EEICA1' from pack STMicroelectronics.X-CUBE-EEPRMA1.5.1.0: no header file found
2026-08-04 13:33:25,997 [WARN] ApiManager:294 - Cannot register API 'Board Part:M24' from pack STMicroelectronics.X-CUBE-EEPRMA1.5.1.0: no header file found
2026-08-04 13:33:25,997 [WARN] ApiManager:294 - Cannot register API 'Board Part:M95' from pack STMicroelectronics.X-CUBE-EEPRMA1.5.1.0: no header file found
2026-08-04 13:33:25,997 [WARN] ApiManager:294 - Cannot register API 'Board Part:M95P32' from pack STMicroelectronics.X-CUBE-EEPRMA1.5.1.0: no header file found
2026-08-04 13:33:25,997 [WARN] ApiManager:294 - Cannot register API 'Board Part:M24256E-F' from pack STMicroelectronics.X-CUBE-EEPRMA1.5.1.0: no header file found
2026-08-04 13:33:25,997 [WARN] ApiManager:294 - Cannot register API 'Board Part:M24M01E-F' from pack STMicroelectronics.X-CUBE-EEPRMA1.5.1.0: no header file found
2026-08-04 13:33:25,997 [WARN] ApiManager:294 - Cannot register API 'PGEEZ1:SPI' from pack STMicroelectronics.X-CUBE-EEPRMA1.5.1.0: no header file found
2026-08-04 13:33:25,997 [WARN] ApiManager:294 - Cannot register API 'PGEEZ1:QDSPI' from pack STMicroelectronics.X-CUBE-EEPRMA1.5.1.0: no header file found
2026-08-04 13:33:25,997 [WARN] ModelIntegratedComponent:51 - No mode defined for component null
2026-08-04 13:33:25,997 [WARN] ModelIntegratedComponent:51 - No mode defined for component null
2026-08-04 13:33:25,997 [WARN] ModelIntegratedComponent:51 - No mode defined for component null
2026-08-04 13:33:25,997 [WARN] ModelIntegratedComponent:51 - No mode defined for component null
2026-08-04 13:33:25,997 [WARN] ModelIntegratedComponent:51 - No mode defined for component null
2026-08-04 13:33:25,997 [WARN] ModelIntegratedComponent:51 - No mode defined for component null
2026-08-04 13:33:25,997 [WARN] ModelIntegratedComponent:51 - No mode defined for component null
2026-08-04 13:33:25,997 [WARN] ModelIntegratedComponent:51 - No mode defined for component null
2026-08-04 13:33:25,997 [WARN] ModelIntegratedComponent:51 - No mode defined for component null
2026-08-04 13:33:25,997 [WARN] ModelIntegratedComponent:51 - No mode defined for component null
2026-08-04 13:33:25,997 [WARN] ModelIntegratedComponent:51 - No mode defined for component null
2026-08-04 13:33:25,997 [WARN] ModelIntegratedComponent:51 - No mode defined for component null
2026-08-04 13:33:25,997 [WARN] ModelIntegratedComponent:51 - No mode defined for component null
2026-08-04 13:33:25,997 [WARN] ModelIntegratedComponent:51 - No mode defined for component null
2026-08-04 13:33:25,997 [WARN] ModelIntegratedComponent:51 - No mode defined for component null
2026-08-04 13:33:25,997 [WARN] ModelIntegratedComponent:51 - No mode defined for component null
2026-08-04 13:33:25,997 [WARN] ModelIntegratedComponent:51 - No mode defined for component null
2026-08-04 13:33:25,997 [WARN] ModelIntegratedComponent:51 - No mode defined for component null
2026-08-04 13:33:25,997 [WARN] ModelIntegratedComponent:51 - No mode defined for component null
2026-08-04 13:33:25,997 [WARN] ModelIntegratedComponent:51 - No mode defined for component null
2026-08-04 13:33:25,997 [WARN] ModelIntegratedComponent:51 - No mode defined for component null
2026-08-04 13:33:25,997 [WARN] ModelIntegratedComponent:51 - No mode defined for component null
2026-08-04 13:33:25,997 [WARN] ModelIntegratedComponent:51 - No mode defined for component null
2026-08-04 13:33:25,997 [WARN] ModelIntegratedComponent:51 - No mode defined for component null
2026-08-04 13:33:25,997 [WARN] ModelIntegratedComponent:51 - No mode defined for component null
2026-08-04 13:33:25,997 [WARN] ModelIntegratedComponent:51 - No mode defined for component null
2026-08-04 13:33:25,997 [WARN] ModelIntegratedComponent:51 - No mode defined for component null
2026-08-04 13:33:25,997 [WARN] ModelIntegratedComponent:51 - No mode defined for component null
2026-08-04 13:33:25,997 [WARN] ModelIntegratedComponent:51 - No mode defined for component null
2026-08-04 13:33:25,997 [WARN] ModelIntegratedComponent:51 - No mode defined for component null
2026-08-04 13:33:25,997 [WARN] ModelIntegratedComponent:51 - No mode defined for component null
2026-08-04 13:33:25,997 [WARN] ModelIntegratedComponent:51 - No mode defined for component null
2026-08-04 13:33:25,997 [WARN] ModelIntegratedComponent:51 - No mode defined for component null
2026-08-04 13:33:25,997 [WARN] ModelIntegratedComponent:51 - No mode defined for component null
2026-08-04 13:33:25,997 [WARN] ModelIntegratedComponent:51 - No mode defined for component null
2026-08-04 13:33:25,997 [WARN] ModelIntegratedComponent:51 - No mode defined for component null
2026-08-04 13:33:25,997 [WARN] ModelIntegratedComponent:51 - No mode defined for component null
2026-08-04 13:33:25,997 [WARN] ModelIntegratedComponent:51 - No mode defined for component null
2026-08-04 13:33:25,997 [WARN] ApiManager:294 - Cannot register API 'Board Extension:NFC07A1' from pack STMicroelectronics.X-CUBE-NFC7.1.0.1: no header file found
2026-08-04 13:33:25,997 [WARN] ApiManager:294 - Cannot register API 'Board Extension:GNSS1A1' from pack STMicroelectronics.X-CUBE-GNSS1.7.1.0: no header file found
2026-08-04 13:33:25,997 [WARN] ApiManager:294 - Cannot register API 'Board Support:Custom' from pack STMicroelectronics.X-CUBE-GNSS1.7.1.0: no header file found
2026-08-04 13:33:25,997 [WARN] ApiManager:294 - Cannot register API 'Data Exchange:lib_gnss' from pack STMicroelectronics.X-CUBE-GNSS1.7.1.0: no header file found
2026-08-04 13:33:25,997 [WARN] ApiManager:294 - Cannot register API 'Board Extension:SAFEA1' from pack STMicroelectronics.X-CUBE-STSE01.1.0.0: no header file found
2026-08-04 13:33:25,997 [WARN] ApiManager:294 - Cannot register API 'Board Extension:ESE01A1' from pack STMicroelectronics.X-CUBE-STSE01.1.0.0: no header file found
2026-08-04 13:33:25,997 [WARN] ApiManager:294 - Cannot register API 'Board Part:STSAFEA110' from pack STMicroelectronics.X-CUBE-STSE01.1.0.0: no header file found
2026-08-04 13:33:25,997 [WARN] ApiManager:294 - Cannot register API 'Board Part:STSAFEA120' from pack STMicroelectronics.X-CUBE-STSE01.1.0.0: no header file found
2026-08-04 13:33:25,997 [WARN] ApiManager:294 - Cannot register API 'Security:STM32_Cryptographic' from pack STMicroelectronics.X-CUBE-STSE01.1.0.0: no header file found
2026-08-04 13:33:25,997 [WARN] ApiManager:294 - Cannot register API 'Security:STSELib' from pack STMicroelectronics.X-CUBE-STSE01.1.0.0: no header file found
2026-08-04 13:33:26,044 [WARN] ApiManager:294 - Cannot register API 'Board Extension:NFC06A1' from pack STMicroelectronics.X-CUBE-NFC6.3.2.0: no header file found
2026-08-04 13:33:26,044 [WARN] ApiManager:294 - Cannot register API 'Board Extension:NFC08A1' from pack STMicroelectronics.X-CUBE-NFC6.3.2.0: no header file found
2026-08-04 13:33:26,059 [WARN] ApiManager:294 - Cannot register API 'Board Extension:IKS02A1' from pack STMicroelectronics.X-CUBE-MEMS1.12.1.0: no header file found
2026-08-04 13:33:26,059 [WARN] ApiManager:294 - Cannot register API 'Board Extension:IKS4A1' from pack STMicroelectronics.X-CUBE-MEMS1.12.1.0: no header file found
2026-08-04 13:33:26,059 [WARN] ApiManager:294 - Cannot register API 'Board Extension:IKS5A1' from pack STMicroelectronics.X-CUBE-MEMS1.12.1.0: no header file found
2026-08-04 13:33:26,106 [WARN] ApiManager:294 - Cannot register API 'Board Extension:IKS01A3' from pack STMicroelectronics.X-CUBE-MEMS1.11.1.0: no header file found
2026-08-04 13:33:26,106 [WARN] ApiManager:294 - Cannot register API 'Board Extension:IKS02A1' from pack STMicroelectronics.X-CUBE-MEMS1.11.1.0: no header file found
2026-08-04 13:33:26,106 [WARN] ApiManager:294 - Cannot register API 'Board Extension:IKS4A1' from pack STMicroelectronics.X-CUBE-MEMS1.11.1.0: no header file found
2026-08-04 13:33:26,138 [WARN] ApiManager:294 - Cannot register API 'Board Extension:IKS01A3' from pack STMicroelectronics.X-CUBE-MEMS1.11.3.0: no header file found
2026-08-04 13:33:26,138 [WARN] ApiManager:294 - Cannot register API 'Board Extension:IKS02A1' from pack STMicroelectronics.X-CUBE-MEMS1.11.3.0: no header file found
2026-08-04 13:33:26,138 [WARN] ApiManager:294 - Cannot register API 'Board Extension:IKS4A1' from pack STMicroelectronics.X-CUBE-MEMS1.11.3.0: no header file found
2026-08-04 13:33:26,138 [WARN] ApiManager:294 - Cannot register API 'Board Extension:S2868A1' from pack STMicroelectronics.X-CUBE-SFXS2LP1.4.0.0: no header file found
2026-08-04 13:33:26,138 [WARN] ApiManager:294 - Cannot register API 'Board Extension:S2868A2' from pack STMicroelectronics.X-CUBE-SFXS2LP1.4.0.0: no header file found
2026-08-04 13:33:26,138 [WARN] ApiManager:294 - Cannot register API 'Board Extension:S2915A1' from pack STMicroelectronics.X-CUBE-SFXS2LP1.4.0.0: no header file found
2026-08-04 13:33:26,138 [WARN] ApiManager:294 - Cannot register API 'Wireless:BlueNRG-2' from pack STMicroelectronics.X-CUBE-BLE2.3.3.0: no header file found
2026-08-04 13:33:26,138 [WARN] ApiManager:294 - Cannot register API 'Board Extension:NFC13A1' from pack STMicroelectronics.X-CUBE-NFC13.1.0.0: no header file found
2026-08-04 13:33:26,138 [WARN] ApiManager:294 - Cannot register API 'Wireless:STM32WB05N' from pack STMicroelectronics.X-CUBE-WB05N.2.1.0: no header file found
2026-08-04 13:33:29,461 [INFO] UtilMem:74 - End LoadConfig() Used Memory: 834555976 Bytes (1073741824)
2026-08-04 13:33:29,461 [WARN] ThirdParty:749 - waiting for thirdparty lock release [change project]
2026-08-04 13:33:29,461 [INFO] ThirdParty:751 - entering critical section [change project]
2026-08-04 13:33:29,461 [INFO] ThirdParty:939 - CMSIS Pack Vendor :STMicroelectronics X-CUBE-AZRTOS-H7 3.5.0
2026-08-04 13:33:29,461 [INFO] ThirdParty:939 - CMSIS Pack Vendor :STMicroelectronics X-CUBE-PM33A1 1.0.0
2026-08-04 13:33:29,461 [INFO] ThirdParty:939 - CMSIS Pack Vendor :STMicroelectronics X-CUBE-AZRTOS-H7 3.3.0
2026-08-04 13:33:29,461 [INFO] ThirdParty:939 - CMSIS Pack Vendor :STMicroelectronics X-CUBE-NFC9 1.0.0
2026-08-04 13:33:29,461 [INFO] ThirdParty:939 - CMSIS Pack Vendor :STMicroelectronics USB_HOST 2.0.0
2026-08-04 13:33:29,461 [INFO] ThirdParty:939 - CMSIS Pack Vendor :STMicroelectronics FP-ATR-ASTRA1 2.0.3
2026-08-04 13:33:29,461 [INFO] ThirdParty:939 - CMSIS Pack Vendor :STMicroelectronics X-CUBE-AZRTOS-F4 1.1.0
2026-08-04 13:33:29,461 [INFO] ThirdParty:939 - CMSIS Pack Vendor :STMicroelectronics FP-ATR-ASTRA1 2.0.2
2026-08-04 13:33:29,461 [INFO] ThirdParty:939 - CMSIS Pack Vendor :STMicroelectronics FP-ATR-ASTRA1 2.0.1
2026-08-04 13:33:29,461 [INFO] ThirdParty:939 - CMSIS Pack Vendor :STMicroelectronics X-CUBE-BLE1 7.1.0
2026-08-04 13:33:29,461 [INFO] ThirdParty:939 - CMSIS Pack Vendor :STMicroelectronics X-CUBE-WB05N 1.1.0
2026-08-04 13:33:29,461 [INFO] ThirdParty:939 - CMSIS Pack Vendor :wolfSSL I-CUBE-wolfMQTT 1.19.2
2026-08-04 13:33:29,461 [INFO] ThirdParty:939 - CMSIS Pack Vendor :STMicroelectronics USB_DEVICE 3.0.0
2026-08-04 13:33:29,461 [INFO] ThirdParty:939 - CMSIS Pack Vendor :STMicroelectronics X-CUBE-ISPU 2.1.0
2026-08-04 13:33:29,461 [INFO] ThirdParty:939 - CMSIS Pack Vendor :STMicroelectronics X-CUBE-EEPRMA1 5.2.0
2026-08-04 13:33:29,461 [INFO] ThirdParty:939 - CMSIS Pack Vendor :STMicroelectronics X-CUBE-AZRTOS-WB 2.0.0
2026-08-04 13:33:29,461 [INFO] ThirdParty:939 - CMSIS Pack Vendor :STMicroelectronics X-CUBE-GNSS1 7.0.1
2026-08-04 13:33:29,461 [INFO] ThirdParty:939 - CMSIS Pack Vendor :STMicroelectronics X-CUBE-NFC12 1.0.0
2026-08-04 13:33:29,461 [INFO] ThirdParty:939 - CMSIS Pack Vendor :STMicroelectronics X-CUBE-AZRTOS-F7 1.1.0
2026-08-04 13:33:29,461 [INFO] ThirdParty:939 - CMSIS Pack Vendor :STMicroelectronics X-CUBE-AZRTOS-L5 2.0.0
2026-08-04 13:33:29,461 [INFO] ThirdParty:939 - CMSIS Pack Vendor :STMicroelectronics X-CUBE-TOUCHGFX 4.25.0
2026-08-04 13:33:29,461 [INFO] ThirdParty:939 - CMSIS Pack Vendor :STMicroelectronics USB_DEVICE 2.0.0
2026-08-04 13:33:29,461 [INFO] ThirdParty:939 - CMSIS Pack Vendor :STMicroelectronics X-CUBE-NFC6 3.1.0
2026-08-04 13:33:29,461 [INFO] ThirdParty:939 - CMSIS Pack Vendor :STMicroelectronics X-CUBE-AI 10.1.0
2026-08-04 13:33:29,461 [INFO] ThirdParty:939 - CMSIS Pack Vendor :STMicroelectronics X-CUBE-MEMS1 12.0.0
2026-08-04 13:33:29,461 [INFO] ThirdParty:939 - CMSIS Pack Vendor :STMicroelectronics X-CUBE-STSE01 2.0.0
2026-08-04 13:33:29,461 [INFO] ThirdParty:939 - CMSIS Pack Vendor :STMicroelectronics X-CUBE-ALGOBUILD 1.5.0
2026-08-04 13:33:29,461 [INFO] ThirdParty:939 - CMSIS Pack Vendor :STMicroelectronics X-CUBE-MEMS1 11.2.0
2026-08-04 13:33:29,461 [INFO] ThirdParty:939 - CMSIS Pack Vendor :STMicroelectronics FreeRTOS 0.0.1
2026-08-04 13:33:29,461 [INFO] ThirdParty:939 - CMSIS Pack Vendor :STMicroelectronics X-CUBE-AZRTOS-H7RS 1.3.0
2026-08-04 13:33:29,461 [INFO] ThirdParty:939 - CMSIS Pack Vendor :STMicroelectronics X-CUBE-AZRTOS-G0 1.1.0
2026-08-04 13:33:29,461 [INFO] ThirdParty:939 - CMSIS Pack Vendor :STMicroelectronics X-CUBE-SAFEA1 1.2.2
2026-08-04 13:33:29,461 [INFO] ThirdParty:939 - CMSIS Pack Vendor :STMicroelectronics X-CUBE-NFC4 3.0.0
2026-08-04 13:33:29,461 [INFO] ThirdParty:939 - CMSIS Pack Vendor :STMicroelectronics X-CUBE-SUBG2 5.0.0
2026-08-04 13:33:29,461 [INFO] ThirdParty:939 - CMSIS Pack Vendor :STMicroelectronics X-CUBE-AZRTOS-H7RS 1.1.0
2026-08-04 13:33:29,461 [INFO] ThirdParty:939 - CMSIS Pack Vendor :STMicroelectronics lwIP 2.0.3
2026-08-04 13:33:29,461 [INFO] ThirdParty:939 - CMSIS Pack Vendor :STMicroelectronics X-CUBE-MEMS1 13.0.0
2026-08-04 13:33:29,461 [INFO] ThirdParty:939 - CMSIS Pack Vendor :STMicroelectronics USB_HOST 1.0.0
2026-08-04 13:33:29,461 [INFO] ThirdParty:939 - CMSIS Pack Vendor :STMicroelectronics X-CUBE-AZRTOS-G4 2.0.0
2026-08-04 13:33:29,461 [INFO] ThirdParty:939 - CMSIS Pack Vendor :STMicroelectronics X-CUBE-WB05N 2.0.0
2026-08-04 13:33:29,461 [INFO] ThirdParty:939 - CMSIS Pack Vendor :STMicroelectronics PDM2PCM 3.1.0
2026-08-04 13:33:29,461 [INFO] ThirdParty:939 - CMSIS Pack Vendor :STMicroelectronics PDM2PCM 3.3.0
2026-08-04 13:33:29,461 [INFO] ThirdParty:939 - CMSIS Pack Vendor :wolfSSL I-CUBE-wolfTPM 3.8.0
2026-08-04 13:33:29,461 [INFO] ThirdParty:939 - CMSIS Pack Vendor :STMicroelectronics X-CUBE-AZRTOS-H7 3.4.0
2026-08-04 13:33:29,461 [INFO] ThirdParty:939 - CMSIS Pack Vendor :wolfSSL I-CUBE-wolfSSH 1.4.20
2026-08-04 13:33:29,461 [INFO] ThirdParty:939 - CMSIS Pack Vendor :STMicroelectronics X-CUBE-NFC7 2.0.0
2026-08-04 13:33:29,461 [INFO] ThirdParty:939 - CMSIS Pack Vendor :STMicroelectronics X-CUBE-GNSS1 7.1.1
2026-08-04 13:33:29,461 [INFO] ThirdParty:939 - CMSIS Pack Vendor :STMicroelectronics X-CUBE-BLE1 7.0.0
2026-08-04 13:33:29,461 [INFO] ThirdParty:939 - CMSIS Pack Vendor :STMicroelectronics FP-ATR-SIGFOX1 3.2.0
2026-08-04 13:33:29,461 [INFO] ThirdParty:939 - CMSIS Pack Vendor :STMicroelectronics X-CUBE-NFC10 1.0.0
2026-08-04 13:33:29,461 [INFO] ThirdParty:939 - CMSIS Pack Vendor :STMicroelectronics X-CUBE-EEPRMA1 5.1.0
2026-08-04 13:33:29,461 [INFO] ThirdParty:939 - CMSIS Pack Vendor :STMicroelectronics HAL Drivers 0.0.0
2026-08-04 13:33:29,461 [INFO] ThirdParty:939 - CMSIS Pack Vendor :STMicroelectronics MBEDTLS 2.16.2
2026-08-04 13:33:29,461 [INFO] ThirdParty:939 - CMSIS Pack Vendor :STMicroelectronics X-CUBE-NFC7 1.0.1
2026-08-04 13:33:29,461 [INFO] ThirdParty:939 - CMSIS Pack Vendor :STMicroelectronics MBEDTLS 2.14.1
2026-08-04 13:33:29,461 [INFO] ThirdParty:939 - CMSIS Pack Vendor :STMicroelectronics X-CUBE-GNSS1 7.1.0
2026-08-04 13:33:29,461 [INFO] ThirdParty:939 - CMSIS Pack Vendor :wolfSSL I-CUBE-wolfSSL 5.7.6
2026-08-04 13:33:29,461 [INFO] ThirdParty:939 - CMSIS Pack Vendor :STMicroelectronics X-CUBE-TOUCHGFX 4.26.0
2026-08-04 13:33:29,461 [INFO] ThirdParty:939 - CMSIS Pack Vendor :STMicroelectronics X-CUBE-TOUCHGFX 4.24.2
2026-08-04 13:33:29,461 [INFO] ThirdParty:939 - CMSIS Pack Vendor :STMicroelectronics X-CUBE-STSE01 1.0.0
2026-08-04 13:33:29,461 [INFO] ThirdParty:939 - CMSIS Pack Vendor :STMicroelectronics X-CUBE-TOUCHGFX 4.26.1
2026-08-04 13:33:29,461 [INFO] ThirdParty:939 - CMSIS Pack Vendor :portGmbH I-Cube-SoM-uGOAL 1.1.0
2026-08-04 13:33:29,461 [INFO] ThirdParty:939 - CMSIS Pack Vendor :STMicroelectronics X-CUBE-NFC6 3.2.0
2026-08-04 13:33:29,461 [INFO] ThirdParty:939 - CMSIS Pack Vendor :STMicroelectronics X-CUBE-AI 10.0.0
2026-08-04 13:33:29,461 [INFO] ThirdParty:939 - CMSIS Pack Vendor :STMicroelectronics X-CUBE-AI 10.2.1
2026-08-04 13:33:29,461 [INFO] ThirdParty:939 - CMSIS Pack Vendor :STMicroelectronics X-CUBE-AI 10.2.0
2026-08-04 13:33:29,461 [INFO] ThirdParty:939 - CMSIS Pack Vendor :STMicroelectronics X-CUBE-MEMS1 12.1.0
2026-08-04 13:33:29,461 [INFO] ThirdParty:939 - CMSIS Pack Vendor :STMicroelectronics X-CUBE-MEMS1 11.1.0
2026-08-04 13:33:29,461 [INFO] ThirdParty:939 - CMSIS Pack Vendor :STMicroelectronics X-CUBE-AZRTOS-WL 2.0.0
2026-08-04 13:33:29,461 [INFO] ThirdParty:939 - CMSIS Pack Vendor :SEGGER I-CUBE-embOS 1.3.1
2026-08-04 13:33:29,461 [INFO] ThirdParty:939 - CMSIS Pack Vendor :STMicroelectronics X-CUBE-ALGOBUILD 1.4.0
2026-08-04 13:33:29,461 [INFO] ThirdParty:939 - CMSIS Pack Vendor :STMicroelectronics X-CUBE-MEMS1 11.3.0
2026-08-04 13:33:29,461 [INFO] ThirdParty:939 - CMSIS Pack Vendor :STMicroelectronics USB_DEVICE 1.0.0
2026-08-04 13:33:29,461 [INFO] ThirdParty:939 - CMSIS Pack Vendor :STMicroelectronics X-CUBE-AZRTOS-H7RS 1.2.0
2026-08-04 13:33:29,461 [INFO] ThirdParty:939 - CMSIS Pack Vendor :STMicroelectronics X-CUBE-AZRTOS-H7RS 1.0.0
2026-08-04 13:33:29,461 [INFO] ThirdParty:939 - CMSIS Pack Vendor :STMicroelectronics X-CUBE-AZRTOS-L4 2.0.0
2026-08-04 13:33:29,461 [INFO] ThirdParty:939 - CMSIS Pack Vendor :WES I-CUBE-Cesium 1.3.0
2026-08-04 13:33:29,461 [INFO] ThirdParty:939 - CMSIS Pack Vendor :STMicroelectronics lwIP 2.1.2
2026-08-04 13:33:29,461 [INFO] ThirdParty:939 - CMSIS Pack Vendor :STMicroelectronics X-CUBE-SFXS2LP1 4.0.0
2026-08-04 13:33:29,461 [INFO] ThirdParty:939 - CMSIS Pack Vendor :STMicroelectronics X-CUBE-BLE2 3.3.0
2026-08-04 13:33:29,461 [INFO] ThirdParty:939 - CMSIS Pack Vendor :STMicroelectronics X-CUBE-NFC13 1.0.0
2026-08-04 13:33:29,461 [INFO] ThirdParty:939 - CMSIS Pack Vendor :STMicroelectronics PDM2PCM 3.2.0
2026-08-04 13:33:29,461 [INFO] ThirdParty:939 - CMSIS Pack Vendor :STMicroelectronics X-CUBE-WB05N 2.1.0
2026-08-04 13:33:29,461 [INFO] ThirdParty:757 - exiting critical section [change project]
2026-08-04 13:33:29,523 [INFO] PinOutPanel:1434 - setPackage(No Configuration,No Configuration)
2026-08-04 13:33:29,523 [INFO] PinOutPanel:1434 - setPackage(STM32F103C8Tx,LQFP48)
2026-08-04 13:33:29,586 [INFO] UtilMem:74 - Before build in PCC Used Memory: 865264552 Bytes (1073741824)
2026-08-04 13:33:29,638 [INFO] SharedServices:72 - Folder for power plug-in: C:/Users/Alunos/.stm32cubemx/plugins/power
2026-08-04 13:33:29,653 [INFO] SharedServices:72 - Folder for power plug-in: C:/Users/Alunos/.stm32cubemx/plugins/power
2026-08-04 13:33:29,653 [INFO] SharedServices:72 - Folder for power plug-in: C:/Users/Alunos/.stm32cubemx/plugins/power
2026-08-04 13:33:29,653 [INFO] SharedServices:72 - Folder for power plug-in: C:/Users/Alunos/.stm32cubemx/plugins/power
2026-08-04 13:33:29,669 [INFO] UtilMem:74 - After build in PCC Used Memory: 906681264 Bytes (1073741824)
2026-08-04 13:33:29,685 [INFO] IPUIPlugin:64 - create IPUIPlugin
2026-08-04 13:33:29,685 [INFO] IPUIPlugin:64 - create IPUIPlugin
2026-08-04 13:33:29,685 [INFO] IPUIPlugin:64 - create IPUIPlugin
2026-08-04 13:33:29,685 [INFO] IPUIPlugin:64 - create IPUIPlugin
2026-08-04 13:33:29,685 [INFO] IPUIPlugin:64 - create IPUIPlugin
2026-08-04 13:33:29,685 [INFO] IPUIPlugin:64 - create IPUIPlugin
2026-08-04 13:33:29,685 [INFO] IPUIPlugin:64 - create IPUIPlugin
2026-08-04 13:33:29,685 [INFO] IPUIPlugin:64 - create IPUIPlugin
2026-08-04 13:33:29,685 [INFO] IPUIPlugin:64 - create IPUIPlugin
2026-08-04 13:33:29,685 [INFO] IPUIPlugin:64 - create IPUIPlugin
2026-08-04 13:33:29,685 [INFO] IPUIPlugin:64 - create IPUIPlugin
2026-08-04 13:33:29,685 [INFO] IPUIPlugin:64 - create IPUIPlugin
2026-08-04 13:33:29,685 [INFO] IPUIPlugin:64 - create IPUIPlugin
2026-08-04 13:33:29,685 [INFO] IPUIPlugin:64 - create IPUIPlugin
2026-08-04 13:33:29,685 [INFO] IPUIPlugin:64 - create IPUIPlugin
2026-08-04 13:33:29,685 [INFO] IPUIPlugin:64 - create IPUIPlugin
2026-08-04 13:33:29,685 [INFO] IPUIPlugin:64 - create IPUIPlugin
2026-08-04 13:33:29,685 [INFO] IPUIPlugin:64 - create IPUIPlugin
2026-08-04 13:33:29,685 [INFO] IPUIPlugin:64 - create IPUIPlugin
2026-08-04 13:33:29,685 [INFO] IPUIPlugin:64 - create IPUIPlugin
2026-08-04 13:33:29,685 [INFO] IPUIPlugin:64 - create IPUIPlugin
2026-08-04 13:33:29,685 [INFO] IPUIPlugin:64 - create IPUIPlugin
2026-08-04 13:33:29,685 [INFO] IPUIPlugin:64 - create IPUIPlugin
2026-08-04 13:33:29,685 [INFO] IPUIPlugin:64 - create IPUIPlugin
2026-08-04 13:33:29,685 [INFO] IPUIPlugin:64 - create IPUIPlugin
2026-08-04 13:33:29,685 [INFO] IPUIPlugin:64 - create IPUIPlugin
2026-08-04 13:33:29,685 [INFO] IPUIPlugin:64 - create IPUIPlugin
2026-08-04 13:33:29,700 [INFO] OpenFileManager:294 - Restore cursor
2026-08-04 13:33:29,794 [INFO] UtilMem:74 - End SaveConfig() Used Memory: 877520456 Bytes (1073741824)
2026-08-04 13:33:29,825 [INFO] UtilMem:74 - End SaveConfig() Used Memory: 881729488 Bytes (1073741824)
2026-08-04 13:33:29,920 [INFO] BlockDiagram:2735 - set Specific Code input for plugin: NVIC
2026-08-04 13:33:29,920 [INFO] BlockDiagram:2735 - set Specific Code input for plugin: SYS
2026-08-04 13:33:29,920 [INFO] BlockDiagram:2735 - set Specific Code input for plugin: RCC
2026-08-04 13:33:29,920 [INFO] CodeGenerator:639 - code generatio: config db path: C:\ST\STM32CubeIDE_1.5.1\STM32CubeIDE\plugins\com.st.stm32cube.common.mx_6.1.1.202012091304\\db\
2026-08-04 13:33:30,027 [INFO] CodeEngine:229 - oldGeneratedFile, C:\ProjetoIntegrado2\ProjetoIntegrado\MXTmpFiles\license.tmp_save
2026-08-04 13:33:30,058 [INFO] CodeEngine:247 - Generated code: C:\ProjetoIntegrado2\ProjetoIntegrado\MXTmpFiles\license.tmp
2026-08-04 13:33:30,073 [INFO] CodeEngine:229 - oldGeneratedFile, C:\ProjetoIntegrado2\ProjetoIntegrado\Core\Src\stm32f1xx_it.c_save
2026-08-04 13:33:30,151 [INFO] CodeEngine:247 - Generated code: C:\ProjetoIntegrado2\ProjetoIntegrado\Core\Src\stm32f1xx_it.c
2026-08-04 13:33:30,151 [INFO] CodeEngine:229 - oldGeneratedFile, C:\ProjetoIntegrado2\ProjetoIntegrado\Core\Inc\stm32f1xx_it.h_save
2026-08-04 13:33:30,183 [INFO] CodeEngine:247 - Generated code: C:\ProjetoIntegrado2\ProjetoIntegrado\Core\Inc\stm32f1xx_it.h
2026-08-04 13:33:30,183 [INFO] CodeEngine:229 - oldGeneratedFile, C:\ProjetoIntegrado2\ProjetoIntegrado\Core\Src\stm32f1xx_hal_msp.c_save
2026-08-04 13:33:30,214 [INFO] CodeEngine:247 - Generated code: C:\ProjetoIntegrado2\ProjetoIntegrado\Core\Src\stm32f1xx_hal_msp.c
2026-08-04 13:33:30,214 [INFO] CodeEngine:229 - oldGeneratedFile, C:\ProjetoIntegrado2\ProjetoIntegrado\MXTmpFiles\system.tmp_save
2026-08-04 13:33:30,245 [INFO] CodeEngine:247 - Generated code: C:\ProjetoIntegrado2\ProjetoIntegrado\MXTmpFiles\system.tmp
2026-08-04 13:33:30,245 [INFO] CodeEngine:229 - oldGeneratedFile, C:\ProjetoIntegrado2\ProjetoIntegrado\Core\Inc\stm32f1xx_hal_conf.h_save
2026-08-04 13:33:30,308 [INFO] CodeEngine:247 - Generated code: C:\ProjetoIntegrado2\ProjetoIntegrado\Core\Inc\stm32f1xx_hal_conf.h
2026-08-04 13:33:30,323 [INFO] CodeEngine:229 - oldGeneratedFile, C:\ProjetoIntegrado2\ProjetoIntegrado\Core\Inc\main.h_save
2026-08-04 13:33:30,355 [INFO] CodeEngine:247 - Generated code: C:\ProjetoIntegrado2\ProjetoIntegrado\Core\Inc\main.h
2026-08-04 13:33:30,355 [INFO] CodeEngine:229 - oldGeneratedFile, C:\ProjetoIntegrado2\ProjetoIntegrado\Core\Src\main.c_save
2026-08-04 13:33:30,401 [INFO] CodeEngine:247 - Generated code: C:\ProjetoIntegrado2\ProjetoIntegrado\Core\Src\main.c
2026-08-04 13:33:30,803 [INFO] ProjectBuilder:2328 - Time for Copy HAL[1] : 119mS.
2026-08-04 13:33:30,803 [INFO] ProjectBuilder:3259 - Project Generator version: 3.11.2
2026-08-04 13:33:31,855 [INFO] ConfigFileManager:1238 - The Die is : DIE410
2026-08-04 13:33:31,870 [INFO] ApiDbMcu:456 - Load IP Config File for FATFS
2026-08-04 13:33:31,870 [INFO] ApiDbMcu:456 - Load IP Config File for FREERTOS
2026-08-04 13:33:31,870 [INFO] ApiDbMcu:456 - Load IP Config File for USB_DEVICE
2026-08-04 13:33:32,971 [INFO] ProjectBuilder:3425 - Time for Generating toolchain IDE Files: 2168mS.
2026-08-04 13:33:32,971 [INFO] ProjectBuilder:2207 - Time for Copy CMSIS : 0mS.
2026-08-04 13:33:32,971 [INFO] ProjectBuilder:2207 - Time for Copy CMSIS : 0mS.
2026-08-04 13:33:34,066 [INFO] ApiDb:263 - Save user favorites file C:\Users\Alunos/.stm32cubeide/favorites.mcus.txt: 1 item(s)
2026-08-04 13:33:34,066 [INFO] ApiDb:267 - User favorites MCUs=[STM32F103C8Tx]
2026-08-04 13:34:02,827 [INFO] NvicIntPanel:90 - NVIC parent = com.st.microxplorer.plugins.ip.nvic.MultiNvicIntPanel[,0,0,0x0,invalid,layout=javax.swing.BoxLayout,alignmentX=0.0,alignmentY=0.0,border=,flags=9,maximumSize=,minimumSize=,preferredSize=]
2026-08-04 13:34:39,013 [INFO] NvicIntPanel:90 - NVIC parent = com.st.microxplorer.plugins.ip.nvic.MultiNvicIntPanel[,0,0,0x0,invalid,layout=javax.swing.BoxLayout,alignmentX=0.0,alignmentY=0.0,border=,flags=9,maximumSize=,minimumSize=,preferredSize=]
2026-08-04 13:34:46,405 [INFO] NvicIntPanel:90 - NVIC parent = com.st.microxplorer.plugins.ip.nvic.MultiNvicIntPanel[,0,0,0x0,invalid,layout=javax.swing.BoxLayout,alignmentX=0.0,alignmentY=0.0,border=,flags=9,maximumSize=,minimumSize=,preferredSize=]
2026-08-04 13:35:01,133 [INFO] NvicIntPanel:90 - NVIC parent = com.st.microxplorer.plugins.ip.nvic.MultiNvicIntPanel[,0,0,0x0,invalid,layout=javax.swing.BoxLayout,alignmentX=0.0,alignmentY=0.0,border=,flags=9,maximumSize=,minimumSize=,preferredSize=]
2026-08-04 13:35:33,598 [INFO] NvicIntPanel:90 - NVIC parent = com.st.microxplorer.plugins.ip.nvic.MultiNvicIntPanel[,0,0,450x268,layout=javax.swing.BoxLayout,alignmentX=0.0,alignmentY=0.0,border=,flags=9,maximumSize=,minimumSize=,preferredSize=]
2026-08-04 13:35:48,321 [INFO] UtilMem:74 - End SaveConfig() Used Memory: 841462168 Bytes (1073741824)
2026-08-04 13:35:49,874 [INFO] UtilMem:74 - End SaveConfig() Used Memory: 852858984 Bytes (1073741824)
2026-08-04 13:35:52,569 [INFO] UtilMem:74 - End SaveConfig() Used Memory: 787815664 Bytes (1073741824)
2026-08-04 13:35:52,663 [INFO] ProjectBuilder:1919 - IP not ready for code generation: Clock
2026-08-04 13:35:55,436 [INFO] BlockDiagram:2735 - set Specific Code input for plugin: NVIC
2026-08-04 13:35:55,436 [INFO] BlockDiagram:2735 - set Specific Code input for plugin: USB_DEVICE
2026-08-04 13:35:55,436 [INFO] BlockDiagram:2735 - set Specific Code input for plugin: USB
2026-08-04 13:35:55,436 [INFO] BlockDiagram:2735 - set Specific Code input for plugin: SYS
2026-08-04 13:35:55,436 [INFO] BlockDiagram:2735 - set Specific Code input for plugin: GPIO
2026-08-04 13:35:55,436 [INFO] BlockDiagram:2735 - set Specific Code input for plugin: RCC
2026-08-04 13:35:55,450 [INFO] CodeGenerator:639 - code generatio: config db path: C:\ST\STM32CubeIDE_1.5.1\STM32CubeIDE\plugins\com.st.stm32cube.common.mx_6.1.1.202012091304\\db\
2026-08-04 13:35:55,575 [INFO] CodeEngine:229 - oldGeneratedFile, C:\ProjetoIntegrado2\ProjetoIntegrado\MXTmpFiles\license.tmp_save
2026-08-04 13:35:55,606 [INFO] CodeEngine:247 - Generated code: C:\ProjetoIntegrado2\ProjetoIntegrado\MXTmpFiles\license.tmp
2026-08-04 13:35:55,622 [INFO] CodeEngine:229 - oldGeneratedFile, C:\ProjetoIntegrado2\ProjetoIntegrado\MXTmpFiles\gpio.tmp_save
2026-08-04 13:35:55,653 [INFO] CodeEngine:247 - Generated code: C:\ProjetoIntegrado2\ProjetoIntegrado\MXTmpFiles\gpio.tmp
2026-08-04 13:35:55,653 [INFO] LogOutputStream:76 - [STDOUT_REDIRECT] Command line test
2026-08-04 13:35:55,669 [INFO] CodeEngine:229 - oldGeneratedFile, C:\ProjetoIntegrado2\ProjetoIntegrado\MXTmpFiles\usb_vars.tmp_save
2026-08-04 13:35:55,715 [INFO] CodeEngine:247 - Generated code: C:\ProjetoIntegrado2\ProjetoIntegrado\MXTmpFiles\usb_vars.tmp
2026-08-04 13:35:55,715 [INFO] CodeEngine:229 - oldGeneratedFile, C:\ProjetoIntegrado2\ProjetoIntegrado\MXTmpFiles\usb_inc.tmp_save
2026-08-04 13:35:55,778 [INFO] CodeEngine:247 - Generated code: C:\ProjetoIntegrado2\ProjetoIntegrado\MXTmpFiles\usb_inc.tmp
2026-08-04 13:35:55,778 [INFO] CodeEngine:229 - oldGeneratedFile, C:\ProjetoIntegrado2\ProjetoIntegrado\MXTmpFiles\usb_HalInit.tmp_save
2026-08-04 13:35:55,825 [INFO] CodeEngine:247 - Generated code: C:\ProjetoIntegrado2\ProjetoIntegrado\MXTmpFiles\usb_HalInit.tmp
2026-08-04 13:35:55,825 [INFO] CodeEngine:229 - oldGeneratedFile, C:\ProjetoIntegrado2\ProjetoIntegrado\MXTmpFiles\usb_Msp.tmp_save
2026-08-04 13:35:55,856 [INFO] CodeEngine:247 - Generated code: C:\ProjetoIntegrado2\ProjetoIntegrado\MXTmpFiles\usb_Msp.tmp
2026-08-04 13:35:55,872 [INFO] LogOutputStream:76 - [STDOUT_REDIRECT] Command line
2026-08-04 13:35:55,872 [INFO] Middleware:1252 - No code input for Bsp Dependency
2026-08-04 13:35:55,872 [INFO] CodeEngine:229 - oldGeneratedFile, C:\ProjetoIntegrado2\ProjetoIntegrado\USB_DEVICE\App\usb_device.c_save
2026-08-04 13:35:55,934 [INFO] CodeEngine:247 - Generated code: C:\ProjetoIntegrado2\ProjetoIntegrado\USB_DEVICE\App\usb_device.c
2026-08-04 13:35:55,934 [INFO] CodeEngine:229 - oldGeneratedFile, C:\ProjetoIntegrado2\ProjetoIntegrado\USB_DEVICE\App\usb_device.h_save
2026-08-04 13:35:55,950 [INFO] CodeEngine:247 - Generated code: C:\ProjetoIntegrado2\ProjetoIntegrado\USB_DEVICE\App\usb_device.h
2026-08-04 13:35:55,950 [INFO] CodeEngine:229 - oldGeneratedFile, C:\ProjetoIntegrado2\ProjetoIntegrado\USB_DEVICE\Target\usbd_conf.h_save
2026-08-04 13:35:55,981 [INFO] CodeEngine:247 - Generated code: C:\ProjetoIntegrado2\ProjetoIntegrado\USB_DEVICE\Target\usbd_conf.h
2026-08-04 13:35:55,981 [INFO] CodeEngine:229 - oldGeneratedFile, C:\ProjetoIntegrado2\ProjetoIntegrado\USB_DEVICE\Target\usbd_conf.c_save
2026-08-04 13:35:56,028 [INFO] CodeEngine:247 - Generated code: C:\ProjetoIntegrado2\ProjetoIntegrado\USB_DEVICE\Target\usbd_conf.c
2026-08-04 13:35:56,028 [INFO] CodeEngine:229 - oldGeneratedFile, C:\ProjetoIntegrado2\ProjetoIntegrado\USB_DEVICE\App\usbd_desc.h_save
2026-08-04 13:35:56,059 [INFO] CodeEngine:247 - Generated code: C:\ProjetoIntegrado2\ProjetoIntegrado\USB_DEVICE\App\usbd_desc.h
2026-08-04 13:35:56,059 [INFO] CodeEngine:229 - oldGeneratedFile, C:\ProjetoIntegrado2\ProjetoIntegrado\USB_DEVICE\App\usbd_desc.c_save
2026-08-04 13:35:56,106 [INFO] CodeEngine:247 - Generated code: C:\ProjetoIntegrado2\ProjetoIntegrado\USB_DEVICE\App\usbd_desc.c
2026-08-04 13:35:56,106 [INFO] CodeEngine:229 - oldGeneratedFile, C:\ProjetoIntegrado2\ProjetoIntegrado\USB_DEVICE\App\usbd_cdc_if.h_save
2026-08-04 13:35:56,137 [INFO] CodeEngine:247 - Generated code: C:\ProjetoIntegrado2\ProjetoIntegrado\USB_DEVICE\App\usbd_cdc_if.h
2026-08-04 13:35:56,137 [INFO] CodeEngine:229 - oldGeneratedFile, C:\ProjetoIntegrado2\ProjetoIntegrado\USB_DEVICE\App\usbd_cdc_if.c_save
2026-08-04 13:35:56,184 [INFO] CodeEngine:247 - Generated code: C:\ProjetoIntegrado2\ProjetoIntegrado\USB_DEVICE\App\usbd_cdc_if.c
2026-08-04 13:35:56,200 [INFO] CodeEngine:229 - oldGeneratedFile, C:\ProjetoIntegrado2\ProjetoIntegrado\Core\Src\stm32f1xx_it.c_save
2026-08-04 13:35:56,231 [INFO] CodeEngine:247 - Generated code: C:\ProjetoIntegrado2\ProjetoIntegrado\Core\Src\stm32f1xx_it.c
2026-08-04 13:35:56,231 [INFO] CodeEngine:229 - oldGeneratedFile, C:\ProjetoIntegrado2\ProjetoIntegrado\Core\Inc\stm32f1xx_it.h_save
2026-08-04 13:35:56,262 [INFO] CodeEngine:247 - Generated code: C:\ProjetoIntegrado2\ProjetoIntegrado\Core\Inc\stm32f1xx_it.h
2026-08-04 13:35:56,278 [INFO] CodeEngine:229 - oldGeneratedFile, C:\ProjetoIntegrado2\ProjetoIntegrado\Core\Src\stm32f1xx_hal_msp.c_save
2026-08-04 13:35:56,325 [INFO] CodeEngine:247 - Generated code: C:\ProjetoIntegrado2\ProjetoIntegrado\Core\Src\stm32f1xx_hal_msp.c
2026-08-04 13:35:56,340 [INFO] CodeEngine:229 - oldGeneratedFile, C:\ProjetoIntegrado2\ProjetoIntegrado\MXTmpFiles\system.tmp_save
2026-08-04 13:35:56,356 [INFO] CodeEngine:247 - Generated code: C:\ProjetoIntegrado2\ProjetoIntegrado\MXTmpFiles\system.tmp
2026-08-04 13:35:56,372 [INFO] CodeEngine:229 - oldGeneratedFile, C:\ProjetoIntegrado2\ProjetoIntegrado\Core\Inc\stm32f1xx_hal_conf.h_save
2026-08-04 13:35:56,467 [INFO] CodeEngine:247 - Generated code: C:\ProjetoIntegrado2\ProjetoIntegrado\Core\Inc\stm32f1xx_hal_conf.h
2026-08-04 13:35:56,498 [INFO] CodeEngine:229 - oldGeneratedFile, C:\ProjetoIntegrado2\ProjetoIntegrado\Core\Inc\main.h_save
2026-08-04 13:35:56,514 [INFO] CodeEngine:247 - Generated code: C:\ProjetoIntegrado2\ProjetoIntegrado\Core\Inc\main.h
2026-08-04 13:35:56,529 [INFO] CodeEngine:229 - oldGeneratedFile, C:\ProjetoIntegrado2\ProjetoIntegrado\Core\Src\main.c_save
2026-08-04 13:35:56,561 [INFO] CodeEngine:247 - Generated code: C:\ProjetoIntegrado2\ProjetoIntegrado\Core\Src\main.c
2026-08-04 13:35:56,894 [INFO] ProjectBuilder:2328 - Time for Copy HAL[1] : 83mS.
2026-08-04 13:35:56,894 [INFO] ProjectBuilder:3259 - Project Generator version: 3.11.2
2026-08-04 13:35:58,027 [INFO] ConfigFileManager:1238 - The Die is : DIE410
2026-08-04 13:35:58,909 [INFO] ProjectBuilder:3425 - Time for Generating toolchain IDE Files: 2015mS.
2026-08-04 13:35:58,909 [INFO] ProjectBuilder:2207 - Time for Copy CMSIS : 0mS.
2026-08-04 13:35:58,909 [INFO] ProjectBuilder:2207 - Time for Copy CMSIS : 0mS.
2026-08-06 08:16:05,952 [INFO] Activator:170 - 


2026-08-06 08:16:05,953 [INFO] Activator:171 - !SESSION log4j initialized
2026-08-06 08:33:53,256 [INFO] McuFinderGlobals:40 - Set McuFinder mode to 2 (CubeIDE integrated)
2026-08-06 08:33:53,483 [INFO] ApplicationProperties:181 - Using Application install path: C:\ST\STM32CubeIDE_1.5.1\STM32CubeIDE\plugins\com.st.stm32cube.common.mx_6.1.1.202012091304
2026-08-06 08:33:53,491 [INFO] DbMcusXml:71 - Set database path to: C:\ST\STM32CubeIDE_1.5.1\STM32CubeIDE\plugins\com.st.stm32cube.common.mx_6.1.1.202012091304\\db\/mcu/
2026-08-06 08:33:53,494 [INFO] DbBoardsPdsc:57 - Set plugin database path to: C:\ST\STM32CubeIDE_1.5.1\STM32CubeIDE\plugins\com.st.stm32cube.common.mx_6.1.1.202012091304\\db\/plugins/boardmanager/
2026-08-06 08:33:53,494 [INFO] DbMcus:259 - Set plugin images path to: C:\ST\STM32CubeIDE_1.5.1\STM32CubeIDE\plugins\com.st.stm32cube.common.mx_6.1.1.202012091304\\db\/plugins/mcufinder/images/
2026-08-06 08:33:53,494 [INFO] DbBoards:265 - Set plugin images path to: C:\ST\STM32CubeIDE_1.5.1\STM32CubeIDE\plugins\com.st.stm32cube.common.mx_6.1.1.202012091304\\db\/plugins/mcufinder/images/
2026-08-06 08:33:53,496 [INFO] DbExamples:329 - Set plugin images path to: C:\ST\STM32CubeIDE_1.5.1\STM32CubeIDE\plugins\com.st.stm32cube.common.mx_6.1.1.202012091304\\db\/plugins/mcufinder/images/
2026-08-06 08:33:53,506 [INFO] DbMcusDocs:112 - Set database path to: C:\Users\Alunos\.stmcufinder\plugins\mcufinder//mcu/
2026-08-06 08:33:53,507 [INFO] DbMcusJson:63 - Set database path to: C:\Users\Alunos\.stmcufinder\plugins\mcufinder//mcu/
2026-08-06 08:33:53,508 [INFO] DbBoardsDocs:112 - Set database path to: C:\Users\Alunos\.stmcufinder\plugins\mcufinder//mcu/
2026-08-06 08:33:53,508 [INFO] DbBoardsJson:56 - Set database path to: C:\Users\Alunos\.stmcufinder\plugins\mcufinder//mcu/
2026-08-06 08:33:53,842 [INFO] CrossReferenceDbSqlite:196 - Set database path to: C:\Users\Alunos\.stmcufinder\plugins\mcufinder//mcu/cs/
2026-08-06 08:33:53,851 [INFO] DbExamplesSqlite:699 - Set database path to: C:\Users\Alunos\.stmcufinder\plugins\mcufinder//mcu/
2026-08-06 08:33:53,954 [INFO] RulesReader:52 - Compatibility file has been processed (228 Rules)
2026-08-06 08:33:54,021 [INFO] MicroXplorer:565 - Detected Java Version = 1.8.0_272
2026-08-06 08:33:54,022 [INFO] DbMcusXml:71 - Set database path to: C:\ST\STM32CubeIDE_1.5.1\STM32CubeIDE\plugins\com.st.stm32cube.common.mx_6.1.1.202012091304\\db\/mcu/
2026-08-06 08:33:54,022 [INFO] DbBoardsPdsc:57 - Set plugin database path to: C:\ST\STM32CubeIDE_1.5.1\STM32CubeIDE\plugins\com.st.stm32cube.common.mx_6.1.1.202012091304\\db\/plugins/boardmanager/
2026-08-06 08:33:54,022 [INFO] DbMcus:259 - Set plugin images path to: C:\ST\STM32CubeIDE_1.5.1\STM32CubeIDE\plugins\com.st.stm32cube.common.mx_6.1.1.202012091304\\db\/plugins/mcufinder/images/
2026-08-06 08:33:54,023 [INFO] DbBoards:265 - Set plugin images path to: C:\ST\STM32CubeIDE_1.5.1\STM32CubeIDE\plugins\com.st.stm32cube.common.mx_6.1.1.202012091304\\db\/plugins/mcufinder/images/
2026-08-06 08:33:54,023 [INFO] DbExamples:329 - Set plugin images path to: C:\ST\STM32CubeIDE_1.5.1\STM32CubeIDE\plugins\com.st.stm32cube.common.mx_6.1.1.202012091304\\db\/plugins/mcufinder/images/
2026-08-06 08:33:54,023 [WARN] DbFile:36 - Overriding database path with different value: C:\Users\Alunos\.stmcufinder\plugins\mcufinder/ => C:\Users\Alunos\.stmcufinder\plugins\mcufinder
2026-08-06 08:33:54,023 [INFO] DbMcusDocs:112 - Set database path to: C:\Users\Alunos\.stmcufinder\plugins\mcufinder//mcu/
2026-08-06 08:33:54,023 [WARN] DbFile:36 - Overriding database path with different value: C:\Users\Alunos\.stmcufinder\plugins\mcufinder/ => C:\Users\Alunos\.stmcufinder\plugins\mcufinder
2026-08-06 08:33:54,023 [INFO] DbMcusJson:63 - Set database path to: C:\Users\Alunos\.stmcufinder\plugins\mcufinder//mcu/
2026-08-06 08:33:54,023 [WARN] DbFile:36 - Overriding database path with different value: C:\Users\Alunos\.stmcufinder\plugins\mcufinder/ => C:\Users\Alunos\.stmcufinder\plugins\mcufinder
2026-08-06 08:33:54,023 [INFO] DbBoardsDocs:112 - Set database path to: C:\Users\Alunos\.stmcufinder\plugins\mcufinder//mcu/
2026-08-06 08:33:54,023 [WARN] DbFile:36 - Overriding database path with different value: C:\Users\Alunos\.stmcufinder\plugins\mcufinder/ => C:\Users\Alunos\.stmcufinder\plugins\mcufinder
2026-08-06 08:33:54,024 [INFO] DbBoardsJson:56 - Set database path to: C:\Users\Alunos\.stmcufinder\plugins\mcufinder//mcu/
2026-08-06 08:33:54,024 [WARN] DbFile:36 - Overriding database path with different value: C:\Users\Alunos\.stmcufinder\plugins\mcufinder/ => C:\Users\Alunos\.stmcufinder\plugins\mcufinder
2026-08-06 08:33:54,024 [WARN] DbFile:36 - Overriding database path with different value: C:\Users\Alunos\.stmcufinder\plugins\mcufinder/ => C:\Users\Alunos\.stmcufinder\plugins\mcufinder
2026-08-06 08:33:54,024 [INFO] CrossReferenceDbSqlite:196 - Set database path to: C:\Users\Alunos\.stmcufinder\plugins\mcufinder//mcu/cs/
2026-08-06 08:33:54,024 [WARN] DbFile:36 - Overriding database path with different value: C:\Users\Alunos\.stmcufinder\plugins\mcufinder/ => C:\Users\Alunos\.stmcufinder\plugins\mcufinder
2026-08-06 08:33:54,024 [INFO] DbExamplesSqlite:699 - Set database path to: C:\Users\Alunos\.stmcufinder\plugins\mcufinder//mcu/
2026-08-06 08:33:54,078 [INFO] MainPanel:190 - HeapMemory: 1071644672
2026-08-06 08:33:54,171 [INFO] DbMcusXml:71 - Set database path to: C:\ST\STM32CubeIDE_1.5.1\STM32CubeIDE\plugins\com.st.stm32cube.common.mx_6.1.1.202012091304\\db\/mcu/
2026-08-06 08:33:54,171 [INFO] DbBoardsPdsc:57 - Set plugin database path to: C:\ST\STM32CubeIDE_1.5.1\STM32CubeIDE\plugins\com.st.stm32cube.common.mx_6.1.1.202012091304\\db\/plugins/boardmanager/
2026-08-06 08:33:54,171 [INFO] DbMcus:259 - Set plugin images path to: C:\ST\STM32CubeIDE_1.5.1\STM32CubeIDE\plugins\com.st.stm32cube.common.mx_6.1.1.202012091304\\db\/plugins/mcufinder/images/
2026-08-06 08:33:54,171 [INFO] DbBoards:265 - Set plugin images path to: C:\ST\STM32CubeIDE_1.5.1\STM32CubeIDE\plugins\com.st.stm32cube.common.mx_6.1.1.202012091304\\db\/plugins/mcufinder/images/
2026-08-06 08:33:54,171 [INFO] DbExamples:329 - Set plugin images path to: C:\ST\STM32CubeIDE_1.5.1\STM32CubeIDE\plugins\com.st.stm32cube.common.mx_6.1.1.202012091304\\db\/plugins/mcufinder/images/
2026-08-06 08:33:54,173 [WARN] DbFile:36 - Overriding database path with different value: C:\Users\Alunos\.stmcufinder\plugins\mcufinder/ => C:\Users\Alunos\.stmcufinder\plugins\mcufinder
2026-08-06 08:33:54,173 [INFO] DbMcusDocs:112 - Set database path to: C:\Users\Alunos\.stmcufinder\plugins\mcufinder//mcu/
2026-08-06 08:33:54,173 [WARN] DbFile:36 - Overriding database path with different value: C:\Users\Alunos\.stmcufinder\plugins\mcufinder/ => C:\Users\Alunos\.stmcufinder\plugins\mcufinder
2026-08-06 08:33:54,173 [INFO] DbMcusJson:63 - Set database path to: C:\Users\Alunos\.stmcufinder\plugins\mcufinder//mcu/
2026-08-06 08:33:54,173 [WARN] DbFile:36 - Overriding database path with different value: C:\Users\Alunos\.stmcufinder\plugins\mcufinder/ => C:\Users\Alunos\.stmcufinder\plugins\mcufinder
2026-08-06 08:33:54,173 [INFO] DbBoardsDocs:112 - Set database path to: C:\Users\Alunos\.stmcufinder\plugins\mcufinder//mcu/
2026-08-06 08:33:54,173 [WARN] DbFile:36 - Overriding database path with different value: C:\Users\Alunos\.stmcufinder\plugins\mcufinder/ => C:\Users\Alunos\.stmcufinder\plugins\mcufinder
2026-08-06 08:33:54,173 [INFO] DbBoardsJson:56 - Set database path to: C:\Users\Alunos\.stmcufinder\plugins\mcufinder//mcu/
2026-08-06 08:33:54,174 [WARN] DbFile:36 - Overriding database path with different value: C:\Users\Alunos\.stmcufinder\plugins\mcufinder/ => C:\Users\Alunos\.stmcufinder\plugins\mcufinder
2026-08-06 08:33:54,174 [WARN] DbFile:36 - Overriding database path with different value: C:\Users\Alunos\.stmcufinder\plugins\mcufinder/ => C:\Users\Alunos\.stmcufinder\plugins\mcufinder
2026-08-06 08:33:54,174 [INFO] CrossReferenceDbSqlite:196 - Set database path to: C:\Users\Alunos\.stmcufinder\plugins\mcufinder//mcu/cs/
2026-08-06 08:33:54,174 [WARN] DbFile:36 - Overriding database path with different value: C:\Users\Alunos\.stmcufinder\plugins\mcufinder/ => C:\Users\Alunos\.stmcufinder\plugins\mcufinder
2026-08-06 08:33:54,174 [INFO] DbExamplesSqlite:699 - Set database path to: C:\Users\Alunos\.stmcufinder\plugins\mcufinder//mcu/
2026-08-06 08:33:54,191 [INFO] ApplicationProperties:181 - Using Application install path: C:\ST\STM32CubeIDE_1.5.1\STM32CubeIDE\plugins\com.st.stm32cube.common.mx_6.1.1.202012091304
2026-08-06 08:33:54,192 [INFO] PluginManage:178 - Search for loadable plugins [exclusion list=, ]
2026-08-06 08:33:54,193 [INFO] PluginManage:292 - Check plugin analytics
2026-08-06 08:33:54,286 [INFO] AnalyticsPlugin:225 - Accepted Software Licenses: STM32CubeMX.6.11.0
2026-08-06 08:33:54,286 [INFO] AnalyticsPlugin:227 - Accepted CMSIS Pack Licenses: 
2026-08-06 08:33:54,286 [INFO] AnalyticsPlugin:229 - Accepted Firmware Licenses: 
2026-08-06 08:33:54,287 [INFO] PluginManage:342 - Loaded plugin analytics (category:tool,tabindex:-1)
2026-08-06 08:33:54,287 [INFO] PluginManage:292 - Check plugin clock
2026-08-06 08:33:54,301 [INFO] PluginManage:342 - Loaded plugin clock (category:base,tabindex:2)
2026-08-06 08:33:54,302 [INFO] PluginManage:292 - Check plugin ddr
2026-08-06 08:33:54,303 [INFO] PluginManage:342 - Loaded plugin ddr (category:tool,tabindex:6)
2026-08-06 08:33:54,303 [INFO] PluginManage:292 - Check plugin filemanager
2026-08-06 08:33:54,388 [INFO] PluginManage:342 - Loaded plugin filemanager (category:base,tabindex:10)
2026-08-06 08:33:54,388 [INFO] PluginManage:292 - Check plugin ipmanager
2026-08-06 08:33:54,394 [INFO] PluginManage:342 - Loaded plugin ipmanager (category:base,tabindex:5)
2026-08-06 08:33:54,394 [INFO] PluginManage:292 - Check plugin pinoutandconfiguration
2026-08-06 08:33:54,408 [INFO] PluginManage:342 - Loaded plugin pinoutandconfiguration (category:base,tabindex:1)
2026-08-06 08:33:54,408 [INFO] PluginManage:292 - Check plugin pinoutconfig
2026-08-06 08:33:54,432 [INFO] PluginManage:342 - Loaded plugin pinoutconfig (category:base,tabindex:0)
2026-08-06 08:33:54,433 [INFO] PluginManage:292 - Check plugin power
2026-08-06 08:33:54,446 [INFO] PluginManage:342 - Loaded plugin power (category:power,tabindex:4)
2026-08-06 08:33:54,446 [INFO] PluginManage:292 - Check plugin projectmanager
2026-08-06 08:33:54,455 [INFO] PluginManage:342 - Loaded plugin projectmanager (category:projectmanager,tabindex:3)
2026-08-06 08:33:54,455 [INFO] PluginManage:292 - Check plugin thirdparty
2026-08-06 08:33:54,640 [INFO] PluginManage:342 - Loaded plugin thirdparty (category:base,tabindex:-1)
2026-08-06 08:33:54,640 [INFO] PluginManage:292 - Check plugin tools
2026-08-06 08:33:54,640 [WARN] IntegrityCheckThread:59 - waiting for thirdparty lock release [integrity check]
2026-08-06 08:33:54,641 [INFO] IntegrityCheckThread:61 - entering critical section [integrity check]
2026-08-06 08:33:54,641 [INFO] ThirdPartyUpdaterWithRetryManager:56 - Updater plugin not ready yet. [1/15]
2026-08-06 08:33:54,690 [INFO] PluginManage:342 - Loaded plugin tools (category:base,tabindex:7)
2026-08-06 08:33:54,690 [INFO] PluginManage:292 - Check plugin tutovideos
2026-08-06 08:33:54,844 [INFO] PluginManage:342 - Loaded plugin tutovideos (category:base,tabindex:-1)
2026-08-06 08:33:54,844 [INFO] PluginManage:292 - Check plugin updater
2026-08-06 08:33:54,854 [INFO] PluginManage:342 - Loaded plugin updater (category:base,tabindex:12)
2026-08-06 08:33:54,855 [INFO] PluginManage:265 - PluginManage : Loaded plugins [13]
2026-08-06 08:33:54,978 [INFO] PinOutPanel:1434 - setPackage(No Configuration,No Configuration)
2026-08-06 08:33:55,043 [INFO] IPUIPlugin:64 - create IPUIPlugin
2026-08-06 08:33:55,043 [INFO] PluginManager:203 - loadIPPluginJar : add adc
2026-08-06 08:33:55,077 [INFO] IPUIPlugin:64 - create IPUIPlugin
2026-08-06 08:33:55,077 [INFO] PluginManager:203 - loadIPPluginJar : add aes
2026-08-06 08:33:55,117 [INFO] IPUIPlugin:64 - create IPUIPlugin
2026-08-06 08:33:55,117 [INFO] PluginManager:203 - loadIPPluginJar : add can
2026-08-06 08:33:55,144 [INFO] IPUIPlugin:64 - create IPUIPlugin
2026-08-06 08:33:55,145 [INFO] PluginManager:203 - loadIPPluginJar : add comp
2026-08-06 08:33:55,176 [INFO] IPUIPlugin:64 - create IPUIPlugin
2026-08-06 08:33:55,176 [INFO] PluginManager:203 - loadIPPluginJar : add cryp
2026-08-06 08:33:55,208 [INFO] IPUIPlugin:64 - create IPUIPlugin
2026-08-06 08:33:55,208 [INFO] PluginManager:203 - loadIPPluginJar : add dfsdm
2026-08-06 08:33:55,219 [INFO] IPUIPlugin:64 - create IPUIPlugin
2026-08-06 08:33:55,219 [INFO] PluginManager:203 - loadIPPluginJar : add dma
2026-08-06 08:33:55,242 [INFO] IPUIPlugin:64 - create IPUIPlugin
2026-08-06 08:33:55,242 [INFO] PluginManager:203 - loadIPPluginJar : add fatfs
2026-08-06 08:33:55,291 [INFO] IPUIPlugin:64 - create IPUIPlugin
2026-08-06 08:33:55,291 [INFO] PluginManager:203 - loadIPPluginJar : add fmc
2026-08-06 08:33:55,304 [INFO] IPUIPlugin:64 - create IPUIPlugin
2026-08-06 08:33:55,304 [INFO] PluginManager:203 - loadIPPluginJar : add freertos
2026-08-06 08:33:55,329 [INFO] IPUIPlugin:64 - create IPUIPlugin
2026-08-06 08:33:55,330 [INFO] PluginManager:203 - loadIPPluginJar : add genericplugin
2026-08-06 08:33:55,403 [INFO] IPUIPlugin:64 - create IPUIPlugin
2026-08-06 08:33:55,403 [INFO] PluginManager:203 - loadIPPluginJar : add gfxmmu
2026-08-06 08:33:55,507 [INFO] IPUIPlugin:64 - create IPUIPlugin
2026-08-06 08:33:55,507 [INFO] PluginManager:203 - loadIPPluginJar : add gic
2026-08-06 08:33:55,517 [INFO] IPUIPlugin:64 - create IPUIPlugin
2026-08-06 08:33:55,517 [INFO] PluginManager:203 - loadIPPluginJar : add gpio
2026-08-06 08:33:55,575 [INFO] IPUIPlugin:64 - create IPUIPlugin
2026-08-06 08:33:55,575 [INFO] PluginManager:203 - loadIPPluginJar : add gtzc
2026-08-06 08:33:55,605 [INFO] IPUIPlugin:64 - create IPUIPlugin
2026-08-06 08:33:55,606 [INFO] PluginManager:203 - loadIPPluginJar : add hash
2026-08-06 08:33:55,655 [INFO] IPUIPlugin:64 - create IPUIPlugin
2026-08-06 08:33:55,655 [INFO] PluginManager:203 - loadIPPluginJar : add i2c
2026-08-06 08:33:55,697 [INFO] IPUIPlugin:64 - create IPUIPlugin
2026-08-06 08:33:55,697 [INFO] PluginManager:203 - loadIPPluginJar : add i2s
2026-08-06 08:33:55,706 [INFO] IPUIPlugin:64 - create IPUIPlugin
2026-08-06 08:33:55,706 [INFO] PluginManager:203 - loadIPPluginJar : add ipddr
2026-08-06 08:33:55,742 [INFO] IPUIPlugin:64 - create IPUIPlugin
2026-08-06 08:33:55,742 [INFO] PluginManager:203 - loadIPPluginJar : add lorawan
2026-08-06 08:33:55,781 [INFO] IPUIPlugin:64 - create IPUIPlugin
2026-08-06 08:33:55,781 [INFO] PluginManager:203 - loadIPPluginJar : add ltdc
2026-08-06 08:33:55,790 [INFO] IPUIPlugin:64 - create IPUIPlugin
2026-08-06 08:33:55,790 [INFO] PluginManager:203 - loadIPPluginJar : add mdma
2026-08-06 08:33:55,798 [INFO] IPUIPlugin:64 - create IPUIPlugin
2026-08-06 08:33:55,798 [INFO] PluginManager:203 - loadIPPluginJar : add nvic
2026-08-06 08:33:55,833 [INFO] IPUIPlugin:64 - create IPUIPlugin
2026-08-06 08:33:55,833 [INFO] PluginManager:203 - loadIPPluginJar : add opamp
2026-08-06 08:33:55,890 [INFO] IPUIPlugin:64 - create IPUIPlugin
2026-08-06 08:33:55,890 [INFO] PluginManager:203 - loadIPPluginJar : add openamp
2026-08-06 08:33:55,931 [INFO] IPUIPlugin:64 - create IPUIPlugin
2026-08-06 08:33:55,931 [INFO] PluginManager:203 - loadIPPluginJar : add pdm2pcm
2026-08-06 08:33:55,942 [INFO] IPUIPlugin:64 - create IPUIPlugin
2026-08-06 08:33:55,944 [INFO] PluginManager:203 - loadIPPluginJar : add plateformsettings
2026-08-06 08:33:55,969 [INFO] IPUIPlugin:64 - create IPUIPlugin
2026-08-06 08:33:55,969 [INFO] PluginManager:203 - loadIPPluginJar : add quadspi
2026-08-06 08:33:55,977 [INFO] IPUIPlugin:64 - create IPUIPlugin
2026-08-06 08:33:55,978 [INFO] PluginManager:203 - loadIPPluginJar : add resmgrutility
2026-08-06 08:33:56,026 [INFO] IPUIPlugin:64 - create IPUIPlugin
2026-08-06 08:33:56,027 [INFO] PluginManager:203 - loadIPPluginJar : add sai
2026-08-06 08:33:56,063 [INFO] IPUIPlugin:64 - create IPUIPlugin
2026-08-06 08:33:56,063 [INFO] PluginManager:203 - loadIPPluginJar : add spi
2026-08-06 08:33:56,111 [INFO] IPUIPlugin:64 - create IPUIPlugin
2026-08-06 08:33:56,111 [INFO] PluginManager:203 - loadIPPluginJar : add stm32_wpan
2026-08-06 08:33:56,139 [INFO] IPUIPlugin:64 - create IPUIPlugin
2026-08-06 08:33:56,139 [INFO] PluginManager:203 - loadIPPluginJar : add tim
2026-08-06 08:33:56,196 [INFO] IPUIPlugin:64 - create IPUIPlugin
2026-08-06 08:33:56,196 [INFO] PluginManager:203 - loadIPPluginJar : add touchsensing
2026-08-06 08:33:56,224 [INFO] IPUIPlugin:64 - create IPUIPlugin
2026-08-06 08:33:56,224 [INFO] PluginManager:203 - loadIPPluginJar : add tracer_emb
2026-08-06 08:33:56,254 [INFO] IPUIPlugin:64 - create IPUIPlugin
2026-08-06 08:33:56,254 [INFO] PluginManager:203 - loadIPPluginJar : add ts
2026-08-06 08:33:56,280 [INFO] IPUIPlugin:64 - create IPUIPlugin
2026-08-06 08:33:56,280 [INFO] PluginManager:203 - loadIPPluginJar : add tsc
2026-08-06 08:33:56,308 [INFO] IPUIPlugin:64 - create IPUIPlugin
2026-08-06 08:33:56,308 [INFO] PluginManager:203 - loadIPPluginJar : add ucpd
2026-08-06 08:33:56,350 [INFO] IPUIPlugin:64 - create IPUIPlugin
2026-08-06 08:33:56,350 [INFO] PluginManager:203 - loadIPPluginJar : add usart
2026-08-06 08:33:56,609 [FATAL] Updater:284 - Updater called before beeing initialized
2026-08-06 08:33:56,667 [FATAL] Updater:284 - Updater called before beeing initialized
2026-08-06 08:33:56,693 [WARN] DetailPanel:347 - Failed to get advertising image, set to default
2026-08-06 08:33:56,695 [FATAL] Updater:284 - Updater called before beeing initialized
2026-08-06 08:33:56,695 [WARN] DetailPanel:347 - Failed to get advertising image, set to default
2026-08-06 08:33:56,720 [FATAL] Updater:284 - Updater called before beeing initialized
2026-08-06 08:33:56,720 [WARN] ThirdParty:783 - waiting for thirdparty lock release [close project]
2026-08-06 08:33:57,651 [INFO] ThirdPartyUpdaterWithRetryManager:56 - Updater plugin not ready yet. [2/15]
2026-08-06 08:34:00,666 [FATAL] Updater:284 - Updater called before beeing initialized
2026-08-06 08:34:00,668 [ERROR] AbstractThirdPartyUpdaterManager:153 - java.lang.Integer cannot be cast to java.util.List
2026-08-06 08:34:00,668 [INFO] ThirdParty:887 - Integrity check success = false
2026-08-06 08:34:00,669 [INFO] IntegrityCheckThread:75 - exiting critical section [integrity check]
2026-08-06 08:34:00,669 [INFO] IntegrityCheckThread:78 - End integrity checks thread
2026-08-06 08:34:00,669 [INFO] ThirdParty:785 - entering critical section [close project]
2026-08-06 08:34:00,673 [INFO] ThirdParty:796 - exiting critical section [close project]
2026-08-06 08:34:00,678 [INFO] PinOutPanel:1434 - setPackage(No Configuration,No Configuration)
2026-08-06 08:34:00,678 [FATAL] Updater:284 - Updater called before beeing initialized
2026-08-06 08:34:00,698 [ERROR] Updater:1065 - MainUpdater not yet initialized. External WinMGr cannot be set.
2026-08-06 08:34:00,708 [INFO] Updater:1002 - Updater Version found : 6.1.1
2026-08-06 08:34:00,723 [INFO] ApplicationProperties:181 - Using Application install path: C:\ST\STM32CubeIDE_1.5.1\STM32CubeIDE\plugins\com.st.stm32cube.common.mx_6.1.1.202012091304
2026-08-06 08:34:00,929 [INFO] MainUpdater:2644 - connection check result : 10
2026-08-06 08:34:00,931 [INFO] MainUpdater:249 - Updater Check For Update Now.
2026-08-06 08:34:00,931 [INFO] MicroXplorer:415 - Change Database Version : DB.6.0.10
2026-08-06 08:34:01,008 [INFO] CheckServerUpdateThread:102 - End of CheckServer Thread
2026-08-06 08:34:01,074 [INFO] MainUpdater:2644 - connection check result : 10
2026-08-06 08:34:01,082 [INFO] MainUpdater:2644 - connection check result : 10
2026-08-06 08:34:01,238 [INFO] MicroXplorer:385 - Change Database Path : 
2026-08-06 08:34:01,238 [INFO] MicroXplorer:415 - Change Database Version : DB.6.0.10
2026-08-06 08:34:01,238 [WARN] ThirdParty:783 - waiting for thirdparty lock release [close project]
2026-08-06 08:34:01,238 [INFO] ThirdParty:785 - entering critical section [close project]
2026-08-06 08:34:01,238 [INFO] ThirdParty:796 - exiting critical section [close project]
2026-08-06 08:34:01,240 [INFO] PinOutPanel:1434 - setPackage(No Configuration,No Configuration)
2026-08-06 08:34:01,240 [INFO] UtilMem:74 - Begin LoadConfig() Used Memory: 751064456 Bytes (1071644672)
2026-08-06 08:34:01,241 [INFO] MicroXplorer:385 - Change Database Path : 
2026-08-06 08:34:01,241 [INFO] MicroXplorer:415 - Change Database Version : DB.6.0.10
2026-08-06 08:34:01,241 [INFO] OpenFileManager:274 - Change cursor
2026-08-06 08:34:01,243 [WARN] ThirdParty:204 - Use empty third party IP manager
2026-08-06 08:34:01,254 [WARN] IntegrityCheckThread:59 - waiting for thirdparty lock release [integrity check]
2026-08-06 08:34:01,255 [INFO] IntegrityCheckThread:61 - entering critical section [integrity check]
2026-08-06 08:34:01,360 [ERROR] Engine:500 - C:\Users\Alunos\.stm32cubemx\thirdparties\pdsc\STMicroelectronics.FP-SNS-MOTENVWB1.1.4.0.pdsc: PDSC version is not supported
2026-08-06 08:34:01,400 [ERROR] Engine:500 - C:\Users\Alunos\.stm32cubemx\thirdparties\pdsc\STMicroelectronics.X-CUBE-SMBUS.2.1.1.pdsc: PDSC version is not supported
2026-08-06 08:34:01,407 [ERROR] Engine:500 - C:\Users\Alunos\.stm32cubemx\thirdparties\pdsc\STMicroelectronics.X-CUBE-SMBUS.2.1.0.pdsc: PDSC version is not supported
2026-08-06 08:34:01,427 [ERROR] Engine:500 - C:\Users\Alunos\.stm32cubemx\thirdparties\pdsc\STMicroelectronics.X-CUBE-ST60.1.0.0.pdsc: PDSC version is not supported
2026-08-06 08:34:01,458 [ERROR] Engine:500 - C:\Users\Alunos\.stm32cubemx\thirdparties\pdsc\STMicroelectronics.X-CUBE-FREERTOS.1.6.0.pdsc: PDSC version is not supported
2026-08-06 08:34:01,466 [ERROR] Engine:500 - C:\Users\Alunos\.stm32cubemx\thirdparties\pdsc\STMicroelectronics.FP-SNS-MOTENV1.5.1.0.pdsc: PDSC version is not supported
2026-08-06 08:34:01,507 [ERROR] Engine:500 - C:\Users\Alunos\.stm32cubemx\thirdparties\pdsc\STMicroelectronics.FP-SNS-FLIGHT1.5.0.2.pdsc: PDSC version is not supported
2026-08-06 08:34:01,517 [ERROR] Engine:500 - C:\Users\Alunos\.stm32cubemx\thirdparties\pdsc\Infineon.AIROC-Wi-Fi-Bluetooth-STM32.1.7.0.pdsc: PDSC version is not supported
2026-08-06 08:34:01,549 [ERROR] Engine:500 - C:\Users\Alunos\.stm32cubemx\thirdparties\pdsc\STMicroelectronics.X-CUBE-DISPLAY.3.0.0.pdsc: PDSC version is not supported
2026-08-06 08:34:01,567 [ERROR] Engine:500 - C:\Users\Alunos\.stm32cubemx\thirdparties\pdsc\STMicroelectronics.FP-SNS-MOTENVWB1.1.5.0.pdsc: PDSC version is not supported
2026-08-06 08:34:01,592 [ERROR] Engine:500 - C:\Users\Alunos\.stm32cubemx\thirdparties\pdsc\STMicroelectronics.X-CUBE-BLEMGR.4.0.0.pdsc: PDSC version is not supported
2026-08-06 08:34:01,599 [ERROR] Engine:500 - C:\Users\Alunos\.stm32cubemx\thirdparties\pdsc\STMicroelectronics.X-CUBE-ST60.1.1.0.pdsc: PDSC version is not supported
2026-08-06 08:34:01,606 [ERROR] Engine:500 - C:\Users\Alunos\.stm32cubemx\thirdparties\pdsc\emotas.I-CUBE-CANOPEN.1.3.0.pdsc: PDSC version is not supported
2026-08-06 08:34:01,613 [ERROR] Engine:500 - C:\Users\Alunos\.stm32cubemx\thirdparties\pdsc\STMicroelectronics.X-CUBE-WBA.1.1.0.pdsc: PDSC version is not supported
2026-08-06 08:34:01,636 [ERROR] Engine:500 - C:\Users\Alunos\.stm32cubemx\thirdparties\pdsc\STMicroelectronics.FP-SNS-STBOX1.2.1.0.pdsc: PDSC version is not supported
2026-08-06 08:34:01,642 [ERROR] Engine:500 - C:\Users\Alunos\.stm32cubemx\thirdparties\pdsc\STMicroelectronics.FP-SNS-SMARTAG2.1.2.0.pdsc: PDSC version is not supported
2026-08-06 08:34:01,651 [ERROR] Engine:500 - C:\Users\Alunos\.stm32cubemx\thirdparties\pdsc\STMicroelectronics.FP-SNS-FLIGHT1.5.1.0.pdsc: PDSC version is not supported
2026-08-06 08:34:01,839 [INFO] LogOutputStream:76 - [STDOUT_REDIRECT] 1 : Invalid condition id : UX_CORESTACK_Condition cause : null
2026-08-06 08:34:01,841 [INFO] LogOutputStream:76 - [STDOUT_REDIRECT] 1 : Invalid condition id : UX_CORESTACK_Condition cause : null
2026-08-06 08:34:01,842 [INFO] LogOutputStream:76 - [STDOUT_REDIRECT] 1 : Invalid condition id : UX_CORESTACK_Condition cause : null
2026-08-06 08:34:01,843 [INFO] LogOutputStream:76 - [STDOUT_REDIRECT] 1 : Invalid condition id : UX_CORESTACK_Condition cause : null
2026-08-06 08:34:01,845 [INFO] LogOutputStream:76 - [STDOUT_REDIRECT] 1 : Invalid condition id : UX_CORESTACK_Condition cause : null
2026-08-06 08:34:01,869 [ERROR] Engine:500 - C:\Users\Alunos\.stm32cubemx\thirdparties\pdsc\STMicroelectronics.FP-SNS-MOTENV1.5.0.0.pdsc: PDSC version is not supported
2026-08-06 08:34:01,977 [ERROR] Engine:500 - C:\Users\Alunos\.stm32cubemx\thirdparties\pdsc\Avnet-IOTCONNECT.X-CUBE-iotc-st67-sdk.1.0.0.pdsc: PDSC version is not supported
2026-08-06 08:34:02,027 [ERROR] Engine:500 - C:\Users\Alunos\.stm32cubemx\thirdparties\pdsc\STMicroelectronics.X-CUBE-FREERTOS.1.4.0.pdsc: PDSC version is not supported
2026-08-06 08:34:02,048 [ERROR] Engine:500 - C:\Users\Alunos\.stm32cubemx\thirdparties\pdsc\STMicroelectronics.X-CUBE-ST67W61.1.1.0.pdsc: PDSC version is not supported
2026-08-06 08:34:02,066 [ERROR] Engine:500 - C:\Users\Alunos\.stm32cubemx\thirdparties\pdsc\STMicroelectronics.FP-SNS-STAIOTCFT.1.1.0.pdsc: PDSC version is not supported
2026-08-06 08:34:02,349 [ERROR] Engine:500 - C:\Users\Alunos\.stm32cubemx\thirdparties\pdsc\EmbeddedOffice.I-CUBE-FS-RTOS.1.0.1.pdsc: PDSC version is not supported
2026-08-06 08:34:02,372 [ERROR] Engine:500 - C:\Users\Alunos\.stm32cubemx\thirdparties\pdsc\STMicroelectronics.X-CUBE-TCPP.4.2.0.pdsc: PDSC version is not supported
2026-08-06 08:34:02,379 [ERROR] Engine:500 - C:\Users\Alunos\.stm32cubemx\thirdparties\pdsc\RealThread.X-CUBE-RT-Thread_Nano.4.1.1.pdsc: PDSC version is not supported
2026-08-06 08:34:02,393 [ERROR] Engine:500 - C:\Users\Alunos\.stm32cubemx\thirdparties\pdsc\quantropi.X-CUBE-qispace-sdk-base.1.9.3.pdsc: PDSC version is not supported
2026-08-06 08:34:02,411 [ERROR] Engine:500 - C:\Users\Alunos\.stm32cubemx\thirdparties\pdsc\STMicroelectronics.X-CUBE-FREERTOS.1.5.0.pdsc: PDSC version is not supported
2026-08-06 08:34:02,427 [ERROR] Engine:500 - C:\Users\Alunos\.stm32cubemx\thirdparties\pdsc\ITTIA_DB.I-CUBE-ITTIADB.8.9.0.pdsc: PDSC version is not supported
2026-08-06 08:34:02,446 [ERROR] Engine:500 - C:\Users\Alunos\.stm32cubemx\thirdparties\pdsc\STMicroelectronics.X-CUBE-ST67W61.1.0.0.pdsc: PDSC version is not supported
2026-08-06 08:34:02,905 [ERROR] Engine:500 - C:\Users\Alunos\.stm32cubemx\thirdparties\pdsc\Avnet-IotConnect.X-CUBE-IoTC-DA16k-PMOD.1.0.0.pdsc: PDSC version is not supported
2026-08-06 08:34:02,924 [ERROR] Engine:500 - C:\Users\Alunos\.stm32cubemx\thirdparties\pdsc\STMicroelectronics.X-CUBE-IPS.3.2.0.pdsc: PDSC version is not supported
2026-08-06 08:34:02,934 [ERROR] Engine:500 - C:\Users\Alunos\.stm32cubemx\thirdparties\pdsc\STMicroelectronics.eDS-WB_DPC_TT-BIDIR.2.1.1.pdsc: PDSC version is not supported
2026-08-06 08:34:02,996 [ERROR] Engine:500 - C:\Users\Alunos\.stm32cubemx\thirdparties\pdsc\STMicroelectronics.X-CUBE-DPower.1.2.0.pdsc: PDSC version is not supported
2026-08-06 08:34:03,004 [ERROR] Engine:500 - C:\Users\Alunos\.stm32cubemx\thirdparties\pdsc\STMicroelectronics.eDS-WB_DPC_VIENNA.1.2.0.pdsc: PDSC version is not supported
2026-08-06 08:34:03,086 [ERROR] Engine:500 - C:\Users\Alunos\.stm32cubemx\thirdparties\pdsc\STMicroelectronics.eDS-WB_DPC_3PH2L-BIDIR.1.1.1.pdsc: PDSC version is not supported
2026-08-06 08:34:03,094 [ERROR] Engine:500 - C:\Users\Alunos\.stm32cubemx\thirdparties\pdsc\STMicroelectronics.X-CUBE-ST67W61.1.3.0.pdsc: PDSC version is not supported
2026-08-06 08:34:03,100 [ERROR] Engine:500 - C:\Users\Alunos\.stm32cubemx\thirdparties\pdsc\STMicroelectronics.X-CUBE-FREERTOS.1.3.1.pdsc: PDSC version is not supported
2026-08-06 08:34:03,108 [ERROR] Engine:500 - C:\Users\Alunos\.stm32cubemx\thirdparties\pdsc\STMicroelectronics.X-CUBE-FREERTOS.1.3.0.pdsc: PDSC version is not supported
2026-08-06 08:34:03,139 [ERROR] Engine:500 - C:\Users\Alunos\.stm32cubemx\thirdparties\pdsc\STMicroelectronics.FP-SNS-STAIOTCFT.1.0.0.pdsc: PDSC version is not supported
2026-08-06 08:34:03,146 [ERROR] Engine:500 - C:\Users\Alunos\.stm32cubemx\thirdparties\pdsc\STMicroelectronics.X-CUBE-DPower.1.3.0.pdsc: PDSC version is not supported
2026-08-06 08:34:03,162 [WARN] ConditionMgr:437 - getConditionDescription Invalid condition id : LAN8742 Phy interface Condition cause : null
2026-08-06 08:34:03,163 [WARN] ConditionMgr:1040 - genDependencies : Invalid condition id : LAN8742 Phy interface Condition cause : null
2026-08-06 08:34:03,163 [WARN] ConditionMgr:1040 - genDependencies : Invalid condition id : LAN8742 Phy interface Condition cause : null
2026-08-06 08:34:03,163 [WARN] ConditionMgr:1040 - genDependencies : Invalid condition id : LAN8742 Phy interface Condition cause : null
2026-08-06 08:34:03,190 [ERROR] Engine:500 - C:\Users\Alunos\.stm32cubemx\thirdparties\pdsc\STMicroelectronics.X-CUBE-ST67W61.1.2.0.pdsc: PDSC version is not supported
2026-08-06 08:34:03,215 [ERROR] Engine:500 - C:\Users\Alunos\.stm32cubemx\thirdparties\pdsc\STMicroelectronics.X-CUBE-BLEMGR.4.1.0.pdsc: PDSC version is not supported
2026-08-06 08:34:03,228 [WARN] ConditionMgr:437 - getConditionDescription Invalid condition id : UX DEVICE CLASS RTOS Condition cause : null
2026-08-06 08:34:03,228 [WARN] ConditionMgr:437 - getConditionDescription Invalid condition id : UX DEVICE CLASS RTOS Condition cause : null
2026-08-06 08:34:03,230 [WARN] ConditionMgr:1040 - genDependencies : Invalid condition id : UX DEVICE CLASS RTOS Condition cause : null
2026-08-06 08:34:03,230 [WARN] ConditionMgr:1040 - genDependencies : Invalid condition id : UX DEVICE CLASS RTOS Condition cause : null
2026-08-06 08:34:03,230 [WARN] ConditionMgr:1040 - genDependencies : Invalid condition id : UX DEVICE CLASS RTOS Condition cause : null
2026-08-06 08:34:03,230 [WARN] ConditionMgr:1040 - genDependencies : Invalid condition id : UX DEVICE CLASS RTOS Condition cause : null
2026-08-06 08:34:03,230 [WARN] ConditionMgr:1040 - genDependencies : Invalid condition id : UX DEVICE CLASS RTOS Condition cause : null
2026-08-06 08:34:03,255 [ERROR] Engine:500 - C:\Users\Alunos\.stm32cubemx\thirdparties\pdsc\STMicroelectronics.FP-SNS-STBOX1.2.0.0.pdsc: PDSC version is not supported
2026-08-06 08:34:03,320 [ERROR] Engine:500 - C:\Users\Alunos\.stm32cubemx\thirdparties\pdsc\Cesanta.I-CUBE-Mongoose.7.13.0.pdsc: PDSC version is not supported
2026-08-06 08:34:03,358 [ERROR] Engine:500 - C:\Users\Alunos\.stm32cubemx\thirdparties\pdsc\STMicroelectronics.X-CUBE-IPS.3.1.0.pdsc: PDSC version is not supported
2026-08-06 08:34:03,367 [ERROR] Engine:500 - C:\Users\Alunos\.stm32cubemx\thirdparties\pdsc\STMicroelectronics.X-CUBE-BLEMGR.4.2.0.pdsc: PDSC version is not supported
2026-08-06 08:34:03,373 [ERROR] Engine:500 - C:\Users\Alunos\.stm32cubemx\thirdparties\pdsc\STMicroelectronics.X-CUBE-ALS.1.0.2.pdsc: PDSC version is not supported
2026-08-06 08:34:03,423 [ERROR] Engine:500 - C:\Users\Alunos\.stm32cubemx\thirdparties\pdsc\STMicroelectronics.X-CUBE-TOF1.3.4.2.pdsc: PDSC version is not supported
2026-08-06 08:34:03,432 [ERROR] Engine:500 - C:\Users\Alunos\.stm32cubemx\thirdparties\pdsc\STMicroelectronics.X-CUBE-TOF1.3.4.3.pdsc: PDSC version is not supported
2026-08-06 08:34:03,433 [INFO] ThirdParty:887 - Integrity check success = true
2026-08-06 08:34:03,433 [INFO] IntegrityCheckThread:75 - exiting critical section [integrity check]
2026-08-06 08:34:03,433 [INFO] IntegrityCheckThread:78 - End integrity checks thread
2026-08-06 08:34:04,163 [WARN] ApiManager:294 - Cannot register API 'Board Extension:PM33A1' from pack STMicroelectronics.X-CUBE-PM33A1.1.0.0: no header file found
2026-08-06 08:34:04,165 [WARN] ApiManager:294 - Cannot register API 'Board Extension:NFC09A1' from pack STMicroelectronics.X-CUBE-NFC9.1.0.0: no header file found
2026-08-06 08:34:04,168 [WARN] ApiManager:294 - Cannot register API 'Wireless:BlueNRG-MS' from pack STMicroelectronics.X-CUBE-BLE1.7.1.0: no header file found
2026-08-06 08:34:04,169 [WARN] ApiManager:294 - Cannot register API 'Wireless:STM32WB05N' from pack STMicroelectronics.X-CUBE-WB05N.1.1.0: no header file found
2026-08-06 08:34:04,170 [WARN] ApiManager:294 - Cannot register API 'Board Extension:EEPRMA2' from pack STMicroelectronics.X-CUBE-EEPRMA1.5.2.0: no header file found
2026-08-06 08:34:04,170 [WARN] ApiManager:294 - Cannot register API 'Board Extension:PGEEZ1' from pack STMicroelectronics.X-CUBE-EEPRMA1.5.2.0: no header file found
2026-08-06 08:34:04,170 [WARN] ApiManager:294 - Cannot register API 'Board Extension:EEICA1' from pack STMicroelectronics.X-CUBE-EEPRMA1.5.2.0: no header file found
2026-08-06 08:34:04,170 [WARN] ApiManager:294 - Cannot register API 'Board Part:M24' from pack STMicroelectronics.X-CUBE-EEPRMA1.5.2.0: no header file found
2026-08-06 08:34:04,170 [WARN] ApiManager:294 - Cannot register API 'Board Part:M95' from pack STMicroelectronics.X-CUBE-EEPRMA1.5.2.0: no header file found
2026-08-06 08:34:04,170 [WARN] ApiManager:294 - Cannot register API 'Board Part:M95P32' from pack STMicroelectronics.X-CUBE-EEPRMA1.5.2.0: no header file found
2026-08-06 08:34:04,170 [WARN] ApiManager:294 - Cannot register API 'Board Part:M24256E-F' from pack STMicroelectronics.X-CUBE-EEPRMA1.5.2.0: no header file found
2026-08-06 08:34:04,170 [WARN] ApiManager:294 - Cannot register API 'Board Part:M24M01E-F' from pack STMicroelectronics.X-CUBE-EEPRMA1.5.2.0: no header file found
2026-08-06 08:34:04,170 [WARN] ApiManager:294 - Cannot register API 'PGEEZ1:SPI' from pack STMicroelectronics.X-CUBE-EEPRMA1.5.2.0: no header file found
2026-08-06 08:34:04,170 [WARN] ApiManager:294 - Cannot register API 'PGEEZ1:QDSPI' from pack STMicroelectronics.X-CUBE-EEPRMA1.5.2.0: no header file found
2026-08-06 08:34:04,171 [WARN] ApiManager:294 - Cannot register API 'Board Extension:GNSS1A1' from pack STMicroelectronics.X-CUBE-GNSS1.7.0.1: no header file found
2026-08-06 08:34:04,171 [WARN] ApiManager:294 - Cannot register API 'Board Support:Custom' from pack STMicroelectronics.X-CUBE-GNSS1.7.0.1: no header file found
2026-08-06 08:34:04,171 [WARN] ApiManager:294 - Cannot register API 'Data Exchange:lib_gnss' from pack STMicroelectronics.X-CUBE-GNSS1.7.0.1: no header file found
2026-08-06 08:34:04,172 [WARN] ApiManager:294 - Cannot register API 'Board Extension:NFC12A1' from pack STMicroelectronics.X-CUBE-NFC12.1.0.0: no header file found
2026-08-06 08:34:04,178 [WARN] ApiManager:294 - Cannot register API 'Board Extension:NFC06A1' from pack STMicroelectronics.X-CUBE-NFC6.3.1.0: no header file found
2026-08-06 08:34:04,178 [WARN] ApiManager:294 - Cannot register API 'Board Extension:NFC08A1' from pack STMicroelectronics.X-CUBE-NFC6.3.1.0: no header file found
2026-08-06 08:34:04,201 [WARN] ApiManager:294 - Cannot register API 'Board Extension:IKS02A1' from pack STMicroelectronics.X-CUBE-MEMS1.12.0.0: no header file found
2026-08-06 08:34:04,201 [WARN] ApiManager:294 - Cannot register API 'Board Extension:IKS4A1' from pack STMicroelectronics.X-CUBE-MEMS1.12.0.0: no header file found
2026-08-06 08:34:04,201 [WARN] ApiManager:294 - Cannot register API 'Board Extension:IKS5A1' from pack STMicroelectronics.X-CUBE-MEMS1.12.0.0: no header file found
2026-08-06 08:34:04,206 [WARN] ApiManager:294 - Cannot register API 'Board Extension:SAFEA1' from pack STMicroelectronics.X-CUBE-STSE01.2.0.0: no header file found
2026-08-06 08:34:04,207 [WARN] ApiManager:294 - Cannot register API 'Board Extension:ESE01A1' from pack STMicroelectronics.X-CUBE-STSE01.2.0.0: no header file found
2026-08-06 08:34:04,207 [WARN] ApiManager:294 - Cannot register API 'Board Extension:ESE02A1' from pack STMicroelectronics.X-CUBE-STSE01.2.0.0: no header file found
2026-08-06 08:34:04,207 [WARN] ApiManager:294 - Cannot register API 'Board Part:STSAFEA110' from pack STMicroelectronics.X-CUBE-STSE01.2.0.0: no header file found
2026-08-06 08:34:04,207 [WARN] ApiManager:294 - Cannot register API 'Board Part:STSAFEA120' from pack STMicroelectronics.X-CUBE-STSE01.2.0.0: no header file found
2026-08-06 08:34:04,207 [WARN] ApiManager:294 - Cannot register API 'Board Part:STSAFEL010' from pack STMicroelectronics.X-CUBE-STSE01.2.0.0: no header file found
2026-08-06 08:34:04,207 [WARN] ApiManager:294 - Cannot register API 'Security:STM32_Cryptographic' from pack STMicroelectronics.X-CUBE-STSE01.2.0.0: no header file found
2026-08-06 08:34:04,207 [WARN] ApiManager:294 - Cannot register API 'Security:STSELib' from pack STMicroelectronics.X-CUBE-STSE01.2.0.0: no header file found
2026-08-06 08:34:04,230 [WARN] ApiManager:294 - Cannot register API 'Board Extension:IKS01A3' from pack STMicroelectronics.X-CUBE-MEMS1.11.2.0: no header file found
2026-08-06 08:34:04,230 [WARN] ApiManager:294 - Cannot register API 'Board Extension:IKS02A1' from pack STMicroelectronics.X-CUBE-MEMS1.11.2.0: no header file found
2026-08-06 08:34:04,230 [WARN] ApiManager:294 - Cannot register API 'Board Extension:IKS4A1' from pack STMicroelectronics.X-CUBE-MEMS1.11.2.0: no header file found
2026-08-06 08:34:04,234 [INFO] RtosManager:464 - Registered RTOS mode: class=CMSIS, group=RTOS, mode=CMSIS_V1, owner=FREERTOS
2026-08-06 08:34:04,234 [INFO] RtosManager:464 - Registered RTOS mode: class=CMSIS, group=RTOS2, mode=CMSIS_V2, owner=FREERTOS
2026-08-06 08:34:04,234 [INFO] RtosManager:464 - Registered RTOS mode: class=RTOS, group=Core, mode=CMSIS_V1, owner=FREERTOS
2026-08-06 08:34:04,234 [INFO] RtosManager:464 - Registered RTOS mode: class=RTOS, group=Core, mode=CMSIS_V2, owner=FREERTOS
2026-08-06 08:34:04,234 [WARN] ModelIntegratedComponent:182 - Missing modes for component STMicroelectronics:FreeRTOS:0.0.1:STMicroelectronics:RTOS:FreeRTOS:Core:::10.2.0:
2026-08-06 08:34:04,235 [WARN] ApiManager:294 - Cannot register API 'Board Extension:STSAFEA1' from pack STMicroelectronics.X-CUBE-SAFEA1.1.2.2: no header file found
2026-08-06 08:34:04,235 [WARN] ApiManager:294 - Cannot register API 'Board Part:STSAFEA110' from pack STMicroelectronics.X-CUBE-SAFEA1.1.2.2: no header file found
2026-08-06 08:34:04,235 [WARN] ApiManager:294 - Cannot register API 'Security:ST_Cryptolib' from pack STMicroelectronics.X-CUBE-SAFEA1.1.2.2: no header file found
2026-08-06 08:34:04,235 [WARN] ApiManager:294 - Cannot register API 'Security:MbedTLS' from pack STMicroelectronics.X-CUBE-SAFEA1.1.2.2: no header file found
2026-08-06 08:34:04,235 [WARN] ApiManager:294 - Cannot register API 'Board Extension:NFC04A1' from pack STMicroelectronics.X-CUBE-NFC4.3.0.0: no header file found
2026-08-06 08:34:04,236 [WARN] ApiManager:294 - Cannot register API 'Board Extension:S2868A1' from pack STMicroelectronics.X-CUBE-SUBG2.5.0.0: no header file found
2026-08-06 08:34:04,236 [WARN] ApiManager:294 - Cannot register API 'Board Extension:S2868A2' from pack STMicroelectronics.X-CUBE-SUBG2.5.0.0: no header file found
2026-08-06 08:34:04,236 [WARN] ApiManager:294 - Cannot register API 'Board Extension:S2915A1' from pack STMicroelectronics.X-CUBE-SUBG2.5.0.0: no header file found
2026-08-06 08:34:04,253 [WARN] ApiManager:294 - Cannot register API 'Board Extension:IKS02A1' from pack STMicroelectronics.X-CUBE-MEMS1.13.0.0: no header file found
2026-08-06 08:34:04,253 [WARN] ApiManager:294 - Cannot register API 'Board Extension:IKS4A1' from pack STMicroelectronics.X-CUBE-MEMS1.13.0.0: no header file found
2026-08-06 08:34:04,253 [WARN] ApiManager:294 - Cannot register API 'Board Extension:IKS5A1' from pack STMicroelectronics.X-CUBE-MEMS1.13.0.0: no header file found
2026-08-06 08:34:04,256 [WARN] ApiManager:294 - Cannot register API 'Wireless:STM32WB05N' from pack STMicroelectronics.X-CUBE-WB05N.2.0.0: no header file found
2026-08-06 08:34:04,257 [WARN] ApiManager:294 - Cannot register API 'Board Extension:NFC07A1' from pack STMicroelectronics.X-CUBE-NFC7.2.0.0: no header file found
2026-08-06 08:34:04,257 [WARN] ApiManager:294 - Cannot register API 'Board Extension:GNSS1A1' from pack STMicroelectronics.X-CUBE-GNSS1.7.1.1: no header file found
2026-08-06 08:34:04,257 [WARN] ApiManager:294 - Cannot register API 'Board Support:Custom' from pack STMicroelectronics.X-CUBE-GNSS1.7.1.1: no header file found
2026-08-06 08:34:04,257 [WARN] ApiManager:294 - Cannot register API 'Data Exchange:lib_gnss' from pack STMicroelectronics.X-CUBE-GNSS1.7.1.1: no header file found
2026-08-06 08:34:04,257 [WARN] ApiManager:294 - Cannot register API 'Wireless:BlueNRG-MS' from pack STMicroelectronics.X-CUBE-BLE1.7.0.0: no header file found
2026-08-06 08:34:04,258 [WARN] ApiManager:294 - Cannot register API 'Board Extension:NFC10A1' from pack STMicroelectronics.X-CUBE-NFC10.1.0.0: no header file found
2026-08-06 08:34:04,258 [WARN] ApiManager:294 - Cannot register API 'Board Extension:EEPRMA2' from pack STMicroelectronics.X-CUBE-EEPRMA1.5.1.0: no header file found
2026-08-06 08:34:04,258 [WARN] ApiManager:294 - Cannot register API 'Board Extension:PGEEZ1' from pack STMicroelectronics.X-CUBE-EEPRMA1.5.1.0: no header file found
2026-08-06 08:34:04,258 [WARN] ApiManager:294 - Cannot register API 'Board Extension:EEICA1' from pack STMicroelectronics.X-CUBE-EEPRMA1.5.1.0: no header file found
2026-08-06 08:34:04,258 [WARN] ApiManager:294 - Cannot register API 'Board Part:M24' from pack STMicroelectronics.X-CUBE-EEPRMA1.5.1.0: no header file found
2026-08-06 08:34:04,258 [WARN] ApiManager:294 - Cannot register API 'Board Part:M95' from pack STMicroelectronics.X-CUBE-EEPRMA1.5.1.0: no header file found
2026-08-06 08:34:04,258 [WARN] ApiManager:294 - Cannot register API 'Board Part:M95P32' from pack STMicroelectronics.X-CUBE-EEPRMA1.5.1.0: no header file found
2026-08-06 08:34:04,258 [WARN] ApiManager:294 - Cannot register API 'Board Part:M24256E-F' from pack STMicroelectronics.X-CUBE-EEPRMA1.5.1.0: no header file found
2026-08-06 08:34:04,258 [WARN] ApiManager:294 - Cannot register API 'Board Part:M24M01E-F' from pack STMicroelectronics.X-CUBE-EEPRMA1.5.1.0: no header file found
2026-08-06 08:34:04,258 [WARN] ApiManager:294 - Cannot register API 'PGEEZ1:SPI' from pack STMicroelectronics.X-CUBE-EEPRMA1.5.1.0: no header file found
2026-08-06 08:34:04,258 [WARN] ApiManager:294 - Cannot register API 'PGEEZ1:QDSPI' from pack STMicroelectronics.X-CUBE-EEPRMA1.5.1.0: no header file found
2026-08-06 08:34:04,259 [WARN] ModelIntegratedComponent:51 - No mode defined for component null
2026-08-06 08:34:04,260 [WARN] ModelIntegratedComponent:51 - No mode defined for component null
2026-08-06 08:34:04,260 [WARN] ModelIntegratedComponent:51 - No mode defined for component null
2026-08-06 08:34:04,260 [WARN] ModelIntegratedComponent:51 - No mode defined for component null
2026-08-06 08:34:04,260 [WARN] ModelIntegratedComponent:51 - No mode defined for component null
2026-08-06 08:34:04,260 [WARN] ModelIntegratedComponent:51 - No mode defined for component null
2026-08-06 08:34:04,260 [WARN] ModelIntegratedComponent:51 - No mode defined for component null
2026-08-06 08:34:04,260 [WARN] ModelIntegratedComponent:51 - No mode defined for component null
2026-08-06 08:34:04,260 [WARN] ModelIntegratedComponent:51 - No mode defined for component null
2026-08-06 08:34:04,260 [WARN] ModelIntegratedComponent:51 - No mode defined for component null
2026-08-06 08:34:04,260 [WARN] ModelIntegratedComponent:51 - No mode defined for component null
2026-08-06 08:34:04,260 [WARN] ModelIntegratedComponent:51 - No mode defined for component null
2026-08-06 08:34:04,260 [WARN] ModelIntegratedComponent:51 - No mode defined for component null
2026-08-06 08:34:04,260 [WARN] ModelIntegratedComponent:51 - No mode defined for component null
2026-08-06 08:34:04,260 [WARN] ModelIntegratedComponent:51 - No mode defined for component null
2026-08-06 08:34:04,260 [WARN] ModelIntegratedComponent:51 - No mode defined for component null
2026-08-06 08:34:04,260 [WARN] ModelIntegratedComponent:51 - No mode defined for component null
2026-08-06 08:34:04,260 [WARN] ModelIntegratedComponent:51 - No mode defined for component null
2026-08-06 08:34:04,260 [WARN] ModelIntegratedComponent:51 - No mode defined for component null
2026-08-06 08:34:04,260 [WARN] ModelIntegratedComponent:51 - No mode defined for component null
2026-08-06 08:34:04,260 [WARN] ModelIntegratedComponent:51 - No mode defined for component null
2026-08-06 08:34:04,260 [WARN] ModelIntegratedComponent:51 - No mode defined for component null
2026-08-06 08:34:04,260 [WARN] ModelIntegratedComponent:51 - No mode defined for component null
2026-08-06 08:34:04,260 [WARN] ModelIntegratedComponent:51 - No mode defined for component null
2026-08-06 08:34:04,260 [WARN] ModelIntegratedComponent:51 - No mode defined for component null
2026-08-06 08:34:04,260 [WARN] ModelIntegratedComponent:51 - No mode defined for component null
2026-08-06 08:34:04,261 [WARN] ModelIntegratedComponent:51 - No mode defined for component null
2026-08-06 08:34:04,261 [WARN] ModelIntegratedComponent:51 - No mode defined for component null
2026-08-06 08:34:04,261 [WARN] ModelIntegratedComponent:51 - No mode defined for component null
2026-08-06 08:34:04,261 [WARN] ModelIntegratedComponent:51 - No mode defined for component null
2026-08-06 08:34:04,261 [WARN] ModelIntegratedComponent:51 - No mode defined for component null
2026-08-06 08:34:04,261 [WARN] ModelIntegratedComponent:51 - No mode defined for component null
2026-08-06 08:34:04,261 [WARN] ModelIntegratedComponent:51 - No mode defined for component null
2026-08-06 08:34:04,261 [WARN] ModelIntegratedComponent:51 - No mode defined for component null
2026-08-06 08:34:04,261 [WARN] ModelIntegratedComponent:51 - No mode defined for component null
2026-08-06 08:34:04,261 [WARN] ModelIntegratedComponent:51 - No mode defined for component null
2026-08-06 08:34:04,261 [WARN] ModelIntegratedComponent:51 - No mode defined for component null
2026-08-06 08:34:04,261 [WARN] ModelIntegratedComponent:51 - No mode defined for component null
2026-08-06 08:34:04,262 [WARN] ApiManager:294 - Cannot register API 'Board Extension:NFC07A1' from pack STMicroelectronics.X-CUBE-NFC7.1.0.1: no header file found
2026-08-06 08:34:04,262 [WARN] ApiManager:294 - Cannot register API 'Board Extension:GNSS1A1' from pack STMicroelectronics.X-CUBE-GNSS1.7.1.0: no header file found
2026-08-06 08:34:04,262 [WARN] ApiManager:294 - Cannot register API 'Board Support:Custom' from pack STMicroelectronics.X-CUBE-GNSS1.7.1.0: no header file found
2026-08-06 08:34:04,262 [WARN] ApiManager:294 - Cannot register API 'Data Exchange:lib_gnss' from pack STMicroelectronics.X-CUBE-GNSS1.7.1.0: no header file found
2026-08-06 08:34:04,263 [WARN] ApiManager:294 - Cannot register API 'Board Extension:SAFEA1' from pack STMicroelectronics.X-CUBE-STSE01.1.0.0: no header file found
2026-08-06 08:34:04,263 [WARN] ApiManager:294 - Cannot register API 'Board Extension:ESE01A1' from pack STMicroelectronics.X-CUBE-STSE01.1.0.0: no header file found
2026-08-06 08:34:04,263 [WARN] ApiManager:294 - Cannot register API 'Board Part:STSAFEA110' from pack STMicroelectronics.X-CUBE-STSE01.1.0.0: no header file found
2026-08-06 08:34:04,263 [WARN] ApiManager:294 - Cannot register API 'Board Part:STSAFEA120' from pack STMicroelectronics.X-CUBE-STSE01.1.0.0: no header file found
2026-08-06 08:34:04,263 [WARN] ApiManager:294 - Cannot register API 'Security:STM32_Cryptographic' from pack STMicroelectronics.X-CUBE-STSE01.1.0.0: no header file found
2026-08-06 08:34:04,263 [WARN] ApiManager:294 - Cannot register API 'Security:STSELib' from pack STMicroelectronics.X-CUBE-STSE01.1.0.0: no header file found
2026-08-06 08:34:04,264 [WARN] ApiManager:294 - Cannot register API 'Board Extension:NFC06A1' from pack STMicroelectronics.X-CUBE-NFC6.3.2.0: no header file found
2026-08-06 08:34:04,264 [WARN] ApiManager:294 - Cannot register API 'Board Extension:NFC08A1' from pack STMicroelectronics.X-CUBE-NFC6.3.2.0: no header file found
2026-08-06 08:34:04,280 [WARN] ApiManager:294 - Cannot register API 'Board Extension:IKS02A1' from pack STMicroelectronics.X-CUBE-MEMS1.12.1.0: no header file found
2026-08-06 08:34:04,281 [WARN] ApiManager:294 - Cannot register API 'Board Extension:IKS4A1' from pack STMicroelectronics.X-CUBE-MEMS1.12.1.0: no header file found
2026-08-06 08:34:04,281 [WARN] ApiManager:294 - Cannot register API 'Board Extension:IKS5A1' from pack STMicroelectronics.X-CUBE-MEMS1.12.1.0: no header file found
2026-08-06 08:34:04,306 [WARN] ApiManager:294 - Cannot register API 'Board Extension:IKS01A3' from pack STMicroelectronics.X-CUBE-MEMS1.11.1.0: no header file found
2026-08-06 08:34:04,307 [WARN] ApiManager:294 - Cannot register API 'Board Extension:IKS02A1' from pack STMicroelectronics.X-CUBE-MEMS1.11.1.0: no header file found
2026-08-06 08:34:04,307 [WARN] ApiManager:294 - Cannot register API 'Board Extension:IKS4A1' from pack STMicroelectronics.X-CUBE-MEMS1.11.1.0: no header file found
2026-08-06 08:34:04,342 [WARN] ApiManager:294 - Cannot register API 'Board Extension:IKS01A3' from pack STMicroelectronics.X-CUBE-MEMS1.11.3.0: no header file found
2026-08-06 08:34:04,342 [WARN] ApiManager:294 - Cannot register API 'Board Extension:IKS02A1' from pack STMicroelectronics.X-CUBE-MEMS1.11.3.0: no header file found
2026-08-06 08:34:04,342 [WARN] ApiManager:294 - Cannot register API 'Board Extension:IKS4A1' from pack STMicroelectronics.X-CUBE-MEMS1.11.3.0: no header file found
2026-08-06 08:34:04,348 [WARN] ApiManager:294 - Cannot register API 'Board Extension:S2868A1' from pack STMicroelectronics.X-CUBE-SFXS2LP1.4.0.0: no header file found
2026-08-06 08:34:04,348 [WARN] ApiManager:294 - Cannot register API 'Board Extension:S2868A2' from pack STMicroelectronics.X-CUBE-SFXS2LP1.4.0.0: no header file found
2026-08-06 08:34:04,348 [WARN] ApiManager:294 - Cannot register API 'Board Extension:S2915A1' from pack STMicroelectronics.X-CUBE-SFXS2LP1.4.0.0: no header file found
2026-08-06 08:34:04,348 [WARN] ApiManager:294 - Cannot register API 'Wireless:BlueNRG-2' from pack STMicroelectronics.X-CUBE-BLE2.3.3.0: no header file found
2026-08-06 08:34:04,348 [WARN] ApiManager:294 - Cannot register API 'Board Extension:NFC13A1' from pack STMicroelectronics.X-CUBE-NFC13.1.0.0: no header file found
2026-08-06 08:34:04,349 [WARN] ApiManager:294 - Cannot register API 'Wireless:STM32WB05N' from pack STMicroelectronics.X-CUBE-WB05N.2.1.0: no header file found
2026-08-06 08:34:06,615 [INFO] UtilMem:74 - End LoadConfig() Used Memory: 799119248 Bytes (1071644672)
2026-08-06 08:34:06,616 [INFO] DbMcusXml:97 - Load MCU database from C:\ST\STM32CubeIDE_1.5.1\STM32CubeIDE\plugins\com.st.stm32cube.common.mx_6.1.1.202012091304\\db\/mcu/families.xml
2026-08-06 08:34:07,016 [INFO] DbMcusJson:92 - JSON generation date=Tue Nov 16 13:17:54 BRT 2021 (1637079474)
2026-08-06 08:34:07,457 [INFO] DbMcus:176 - Found 1835 MCUs (1796 are supported by CubeMX, 1920 are visible in CubeMX)
2026-08-06 08:34:07,462 [INFO] ApiDb:238 - Load user favorites file C:\Users\Alunos/.stm32cubeide/favorites.mcus.txt: 1 item(s)
2026-08-06 08:34:07,462 [INFO] ApiDb:242 - User favorites MCUs=[STM32F103C8Tx]
2026-08-06 08:34:07,462 [INFO] DbMcus:188 - Set 1 / 1 favorites MCUs
2026-08-06 08:34:07,471 [WARN] ThirdParty:749 - waiting for thirdparty lock release [change project]
2026-08-06 08:34:07,471 [INFO] ThirdParty:751 - entering critical section [change project]
2026-08-06 08:34:07,471 [INFO] ThirdParty:939 - CMSIS Pack Vendor :STMicroelectronics X-CUBE-AZRTOS-H7 3.5.0
2026-08-06 08:34:07,471 [INFO] ThirdParty:939 - CMSIS Pack Vendor :STMicroelectronics X-CUBE-PM33A1 1.0.0
2026-08-06 08:34:07,472 [INFO] ThirdParty:939 - CMSIS Pack Vendor :STMicroelectronics X-CUBE-AZRTOS-H7 3.3.0
2026-08-06 08:34:07,472 [INFO] ThirdParty:939 - CMSIS Pack Vendor :STMicroelectronics X-CUBE-NFC9 1.0.0
2026-08-06 08:34:07,472 [INFO] ThirdParty:939 - CMSIS Pack Vendor :STMicroelectronics USB_HOST 2.0.0
2026-08-06 08:34:07,472 [INFO] ThirdParty:939 - CMSIS Pack Vendor :STMicroelectronics FP-ATR-ASTRA1 2.0.3
2026-08-06 08:34:07,472 [INFO] ThirdParty:939 - CMSIS Pack Vendor :STMicroelectronics X-CUBE-AZRTOS-F4 1.1.0
2026-08-06 08:34:07,472 [INFO] ThirdParty:939 - CMSIS Pack Vendor :STMicroelectronics FP-ATR-ASTRA1 2.0.2
2026-08-06 08:34:07,472 [INFO] ThirdParty:939 - CMSIS Pack Vendor :STMicroelectronics FP-ATR-ASTRA1 2.0.1
2026-08-06 08:34:07,472 [INFO] ThirdParty:939 - CMSIS Pack Vendor :STMicroelectronics X-CUBE-BLE1 7.1.0
2026-08-06 08:34:07,472 [INFO] ThirdParty:939 - CMSIS Pack Vendor :STMicroelectronics X-CUBE-WB05N 1.1.0
2026-08-06 08:34:07,472 [INFO] ThirdParty:939 - CMSIS Pack Vendor :wolfSSL I-CUBE-wolfMQTT 1.19.2
2026-08-06 08:34:07,472 [INFO] ThirdParty:939 - CMSIS Pack Vendor :STMicroelectronics USB_DEVICE 3.0.0
2026-08-06 08:34:07,472 [INFO] ThirdParty:939 - CMSIS Pack Vendor :STMicroelectronics X-CUBE-ISPU 2.1.0
2026-08-06 08:34:07,472 [INFO] ThirdParty:939 - CMSIS Pack Vendor :STMicroelectronics X-CUBE-EEPRMA1 5.2.0
2026-08-06 08:34:07,472 [INFO] ThirdParty:939 - CMSIS Pack Vendor :STMicroelectronics X-CUBE-AZRTOS-WB 2.0.0
2026-08-06 08:34:07,472 [INFO] ThirdParty:939 - CMSIS Pack Vendor :STMicroelectronics X-CUBE-GNSS1 7.0.1
2026-08-06 08:34:07,472 [INFO] ThirdParty:939 - CMSIS Pack Vendor :STMicroelectronics X-CUBE-NFC12 1.0.0
2026-08-06 08:34:07,472 [INFO] ThirdParty:939 - CMSIS Pack Vendor :STMicroelectronics X-CUBE-AZRTOS-F7 1.1.0
2026-08-06 08:34:07,472 [INFO] ThirdParty:939 - CMSIS Pack Vendor :STMicroelectronics X-CUBE-AZRTOS-L5 2.0.0
2026-08-06 08:34:07,472 [INFO] ThirdParty:939 - CMSIS Pack Vendor :STMicroelectronics X-CUBE-TOUCHGFX 4.25.0
2026-08-06 08:34:07,472 [INFO] ThirdParty:939 - CMSIS Pack Vendor :STMicroelectronics USB_DEVICE 2.0.0
2026-08-06 08:34:07,472 [INFO] ThirdParty:939 - CMSIS Pack Vendor :STMicroelectronics X-CUBE-NFC6 3.1.0
2026-08-06 08:34:07,472 [INFO] ThirdParty:939 - CMSIS Pack Vendor :STMicroelectronics X-CUBE-AI 10.1.0
2026-08-06 08:34:07,472 [INFO] ThirdParty:939 - CMSIS Pack Vendor :STMicroelectronics X-CUBE-MEMS1 12.0.0
2026-08-06 08:34:07,472 [INFO] ThirdParty:939 - CMSIS Pack Vendor :STMicroelectronics X-CUBE-STSE01 2.0.0
2026-08-06 08:34:07,472 [INFO] ThirdParty:939 - CMSIS Pack Vendor :STMicroelectronics X-CUBE-ALGOBUILD 1.5.0
2026-08-06 08:34:07,472 [INFO] ThirdParty:939 - CMSIS Pack Vendor :STMicroelectronics X-CUBE-MEMS1 11.2.0
2026-08-06 08:34:07,472 [INFO] ThirdParty:939 - CMSIS Pack Vendor :STMicroelectronics FreeRTOS 0.0.1
2026-08-06 08:34:07,472 [INFO] ThirdParty:939 - CMSIS Pack Vendor :STMicroelectronics X-CUBE-AZRTOS-H7RS 1.3.0
2026-08-06 08:34:07,472 [INFO] ThirdParty:939 - CMSIS Pack Vendor :STMicroelectronics X-CUBE-AZRTOS-G0 1.1.0
2026-08-06 08:34:07,472 [INFO] ThirdParty:939 - CMSIS Pack Vendor :STMicroelectronics X-CUBE-SAFEA1 1.2.2
2026-08-06 08:34:07,472 [INFO] ThirdParty:939 - CMSIS Pack Vendor :STMicroelectronics X-CUBE-NFC4 3.0.0
2026-08-06 08:34:07,472 [INFO] ThirdParty:939 - CMSIS Pack Vendor :STMicroelectronics X-CUBE-SUBG2 5.0.0
2026-08-06 08:34:07,472 [INFO] ThirdParty:939 - CMSIS Pack Vendor :STMicroelectronics X-CUBE-AZRTOS-H7RS 1.1.0
2026-08-06 08:34:07,473 [INFO] ThirdParty:939 - CMSIS Pack Vendor :STMicroelectronics lwIP 2.0.3
2026-08-06 08:34:07,473 [INFO] ThirdParty:939 - CMSIS Pack Vendor :STMicroelectronics X-CUBE-MEMS1 13.0.0
2026-08-06 08:34:07,473 [INFO] ThirdParty:939 - CMSIS Pack Vendor :STMicroelectronics USB_HOST 1.0.0
2026-08-06 08:34:07,473 [INFO] ThirdParty:939 - CMSIS Pack Vendor :STMicroelectronics X-CUBE-AZRTOS-G4 2.0.0
2026-08-06 08:34:07,473 [INFO] ThirdParty:939 - CMSIS Pack Vendor :STMicroelectronics X-CUBE-WB05N 2.0.0
2026-08-06 08:34:07,473 [INFO] ThirdParty:939 - CMSIS Pack Vendor :STMicroelectronics PDM2PCM 3.1.0
2026-08-06 08:34:07,473 [INFO] ThirdParty:939 - CMSIS Pack Vendor :STMicroelectronics PDM2PCM 3.3.0
2026-08-06 08:34:07,473 [INFO] ThirdParty:939 - CMSIS Pack Vendor :wolfSSL I-CUBE-wolfTPM 3.8.0
2026-08-06 08:34:07,473 [INFO] ThirdParty:939 - CMSIS Pack Vendor :STMicroelectronics X-CUBE-AZRTOS-H7 3.4.0
2026-08-06 08:34:07,473 [INFO] ThirdParty:939 - CMSIS Pack Vendor :wolfSSL I-CUBE-wolfSSH 1.4.20
2026-08-06 08:34:07,473 [INFO] ThirdParty:939 - CMSIS Pack Vendor :STMicroelectronics X-CUBE-NFC7 2.0.0
2026-08-06 08:34:07,473 [INFO] ThirdParty:939 - CMSIS Pack Vendor :STMicroelectronics X-CUBE-GNSS1 7.1.1
2026-08-06 08:34:07,473 [INFO] ThirdParty:939 - CMSIS Pack Vendor :STMicroelectronics X-CUBE-BLE1 7.0.0
2026-08-06 08:34:07,473 [INFO] ThirdParty:939 - CMSIS Pack Vendor :STMicroelectronics FP-ATR-SIGFOX1 3.2.0
2026-08-06 08:34:07,473 [INFO] ThirdParty:939 - CMSIS Pack Vendor :STMicroelectronics X-CUBE-NFC10 1.0.0
2026-08-06 08:34:07,473 [INFO] ThirdParty:939 - CMSIS Pack Vendor :STMicroelectronics X-CUBE-EEPRMA1 5.1.0
2026-08-06 08:34:07,473 [INFO] ThirdParty:939 - CMSIS Pack Vendor :STMicroelectronics HAL Drivers 0.0.0
2026-08-06 08:34:07,473 [INFO] ThirdParty:939 - CMSIS Pack Vendor :STMicroelectronics MBEDTLS 2.16.2
2026-08-06 08:34:07,473 [INFO] ThirdParty:939 - CMSIS Pack Vendor :STMicroelectronics X-CUBE-NFC7 1.0.1
2026-08-06 08:34:07,473 [INFO] ThirdParty:939 - CMSIS Pack Vendor :STMicroelectronics MBEDTLS 2.14.1
2026-08-06 08:34:07,473 [INFO] ThirdParty:939 - CMSIS Pack Vendor :STMicroelectronics X-CUBE-GNSS1 7.1.0
2026-08-06 08:34:07,473 [INFO] ThirdParty:939 - CMSIS Pack Vendor :wolfSSL I-CUBE-wolfSSL 5.7.6
2026-08-06 08:34:07,473 [INFO] ThirdParty:939 - CMSIS Pack Vendor :STMicroelectronics X-CUBE-TOUCHGFX 4.26.0
2026-08-06 08:34:07,473 [INFO] ThirdParty:939 - CMSIS Pack Vendor :STMicroelectronics X-CUBE-TOUCHGFX 4.24.2
2026-08-06 08:34:07,473 [INFO] ThirdParty:939 - CMSIS Pack Vendor :STMicroelectronics X-CUBE-STSE01 1.0.0
2026-08-06 08:34:07,473 [INFO] ThirdParty:939 - CMSIS Pack Vendor :STMicroelectronics X-CUBE-TOUCHGFX 4.26.1
2026-08-06 08:34:07,473 [INFO] ThirdParty:939 - CMSIS Pack Vendor :portGmbH I-Cube-SoM-uGOAL 1.1.0
2026-08-06 08:34:07,473 [INFO] ThirdParty:939 - CMSIS Pack Vendor :STMicroelectronics X-CUBE-NFC6 3.2.0
2026-08-06 08:34:07,473 [INFO] ThirdParty:939 - CMSIS Pack Vendor :STMicroelectronics X-CUBE-AI 10.0.0
2026-08-06 08:34:07,473 [INFO] ThirdParty:939 - CMSIS Pack Vendor :STMicroelectronics X-CUBE-AI 10.2.1
2026-08-06 08:34:07,473 [INFO] ThirdParty:939 - CMSIS Pack Vendor :STMicroelectronics X-CUBE-AI 10.2.0
2026-08-06 08:34:07,473 [INFO] ThirdParty:939 - CMSIS Pack Vendor :STMicroelectronics X-CUBE-MEMS1 12.1.0
2026-08-06 08:34:07,473 [INFO] ThirdParty:939 - CMSIS Pack Vendor :STMicroelectronics X-CUBE-MEMS1 11.1.0
2026-08-06 08:34:07,473 [INFO] ThirdParty:939 - CMSIS Pack Vendor :STMicroelectronics X-CUBE-AZRTOS-WL 2.0.0
2026-08-06 08:34:07,473 [INFO] ThirdParty:939 - CMSIS Pack Vendor :SEGGER I-CUBE-embOS 1.3.1
2026-08-06 08:34:07,474 [INFO] ThirdParty:939 - CMSIS Pack Vendor :STMicroelectronics X-CUBE-ALGOBUILD 1.4.0
2026-08-06 08:34:07,474 [INFO] ThirdParty:939 - CMSIS Pack Vendor :STMicroelectronics X-CUBE-MEMS1 11.3.0
2026-08-06 08:34:07,474 [INFO] ThirdParty:939 - CMSIS Pack Vendor :STMicroelectronics USB_DEVICE 1.0.0
2026-08-06 08:34:07,474 [INFO] ThirdParty:939 - CMSIS Pack Vendor :STMicroelectronics X-CUBE-AZRTOS-H7RS 1.2.0
2026-08-06 08:34:07,474 [INFO] ThirdParty:939 - CMSIS Pack Vendor :STMicroelectronics X-CUBE-AZRTOS-H7RS 1.0.0
2026-08-06 08:34:07,474 [INFO] ThirdParty:939 - CMSIS Pack Vendor :STMicroelectronics X-CUBE-AZRTOS-L4 2.0.0
2026-08-06 08:34:07,474 [INFO] ThirdParty:939 - CMSIS Pack Vendor :WES I-CUBE-Cesium 1.3.0
2026-08-06 08:34:07,474 [INFO] ThirdParty:939 - CMSIS Pack Vendor :STMicroelectronics lwIP 2.1.2
2026-08-06 08:34:07,474 [INFO] ThirdParty:939 - CMSIS Pack Vendor :STMicroelectronics X-CUBE-SFXS2LP1 4.0.0
2026-08-06 08:34:07,474 [INFO] ThirdParty:939 - CMSIS Pack Vendor :STMicroelectronics X-CUBE-BLE2 3.3.0
2026-08-06 08:34:07,474 [INFO] ThirdParty:939 - CMSIS Pack Vendor :STMicroelectronics X-CUBE-NFC13 1.0.0
2026-08-06 08:34:07,474 [INFO] ThirdParty:939 - CMSIS Pack Vendor :STMicroelectronics PDM2PCM 3.2.0
2026-08-06 08:34:07,474 [INFO] ThirdParty:939 - CMSIS Pack Vendor :STMicroelectronics X-CUBE-WB05N 2.1.0
2026-08-06 08:34:07,474 [INFO] ThirdParty:757 - exiting critical section [change project]
2026-08-06 08:34:07,632 [INFO] PinOutPanel:1434 - setPackage(No Configuration,No Configuration)
2026-08-06 08:34:07,632 [INFO] PinOutPanel:1434 - setPackage(STM32F103C8Tx,LQFP48)
2026-08-06 08:34:07,878 [INFO] UtilMem:74 - Before build in PCC Used Memory: 927729552 Bytes (1073741824)
2026-08-06 08:34:08,170 [INFO] SharedServices:72 - Folder for power plug-in: C:/Users/Alunos/.stm32cubemx/plugins/power
2026-08-06 08:34:08,194 [INFO] SharedServices:72 - Folder for power plug-in: C:/Users/Alunos/.stm32cubemx/plugins/power
2026-08-06 08:34:08,223 [INFO] SharedServices:72 - Folder for power plug-in: C:/Users/Alunos/.stm32cubemx/plugins/power
2026-08-06 08:34:08,226 [INFO] SharedServices:72 - Folder for power plug-in: C:/Users/Alunos/.stm32cubemx/plugins/power
2026-08-06 08:34:08,377 [INFO] UtilMem:74 - After build in PCC Used Memory: 810708872 Bytes (1073741824)
2026-08-06 08:34:08,454 [INFO] ApiDbMcu:456 - Load IP Config File for USB_DEVICE
2026-08-06 08:34:08,471 [INFO] IPUIPlugin:64 - create IPUIPlugin
2026-08-06 08:34:08,472 [INFO] IPUIPlugin:64 - create IPUIPlugin
2026-08-06 08:34:08,472 [INFO] IPUIPlugin:64 - create IPUIPlugin
2026-08-06 08:34:08,472 [INFO] IPUIPlugin:64 - create IPUIPlugin
2026-08-06 08:34:08,472 [INFO] IPUIPlugin:64 - create IPUIPlugin
2026-08-06 08:34:08,472 [INFO] IPUIPlugin:64 - create IPUIPlugin
2026-08-06 08:34:08,472 [INFO] IPUIPlugin:64 - create IPUIPlugin
2026-08-06 08:34:08,472 [INFO] IPUIPlugin:64 - create IPUIPlugin
2026-08-06 08:34:08,473 [INFO] IPUIPlugin:64 - create IPUIPlugin
2026-08-06 08:34:08,473 [INFO] IPUIPlugin:64 - create IPUIPlugin
2026-08-06 08:34:08,473 [INFO] IPUIPlugin:64 - create IPUIPlugin
2026-08-06 08:34:08,473 [INFO] IPUIPlugin:64 - create IPUIPlugin
2026-08-06 08:34:08,473 [INFO] IPUIPlugin:64 - create IPUIPlugin
2026-08-06 08:34:08,473 [INFO] IPUIPlugin:64 - create IPUIPlugin
2026-08-06 08:34:08,474 [INFO] IPUIPlugin:64 - create IPUIPlugin
2026-08-06 08:34:08,474 [INFO] IPUIPlugin:64 - create IPUIPlugin
2026-08-06 08:34:08,474 [INFO] IPUIPlugin:64 - create IPUIPlugin
2026-08-06 08:34:08,474 [INFO] IPUIPlugin:64 - create IPUIPlugin
2026-08-06 08:34:08,474 [INFO] IPUIPlugin:64 - create IPUIPlugin
2026-08-06 08:34:08,474 [INFO] IPUIPlugin:64 - create IPUIPlugin
2026-08-06 08:34:08,475 [INFO] IPUIPlugin:64 - create IPUIPlugin
2026-08-06 08:34:08,475 [INFO] IPUIPlugin:64 - create IPUIPlugin
2026-08-06 08:34:08,475 [INFO] IPUIPlugin:64 - create IPUIPlugin
2026-08-06 08:34:08,475 [INFO] IPUIPlugin:64 - create IPUIPlugin
2026-08-06 08:34:08,475 [INFO] IPUIPlugin:64 - create IPUIPlugin
2026-08-06 08:34:08,475 [INFO] IPUIPlugin:64 - create IPUIPlugin
2026-08-06 08:34:08,475 [INFO] IPUIPlugin:64 - create IPUIPlugin
2026-08-06 08:34:08,504 [INFO] LogOutputStream:76 - [STDOUT_REDIRECT] toolchainItems.length=====1
2026-08-06 08:34:08,579 [INFO] OpenFileManager:294 - Restore cursor
2026-08-06 08:34:47,370 [INFO] UtilMem:74 - End SaveConfig() Used Memory: 799268608 Bytes (1073741824)
2026-08-06 08:34:49,103 [INFO] UtilMem:74 - End SaveConfig() Used Memory: 820972824 Bytes (1073741824)
2026-08-06 08:34:49,956 [INFO] UtilMem:74 - End SaveConfig() Used Memory: 848029432 Bytes (1073741824)
2026-08-06 08:34:50,232 [INFO] ProjectBuilder:1919 - IP not ready for code generation: Clock
2026-08-06 08:34:51,925 [INFO] BlockDiagram:2735 - set Specific Code input for plugin: NVIC
2026-08-06 08:34:51,925 [INFO] BlockDiagram:2735 - set Specific Code input for plugin: USB_DEVICE
2026-08-06 08:34:51,925 [INFO] BlockDiagram:2735 - set Specific Code input for plugin: USB
2026-08-06 08:34:51,925 [INFO] BlockDiagram:2735 - set Specific Code input for plugin: SYS
2026-08-06 08:34:51,925 [INFO] BlockDiagram:2735 - set Specific Code input for plugin: GPIO
2026-08-06 08:34:51,925 [INFO] BlockDiagram:2735 - set Specific Code input for plugin: ADC
2026-08-06 08:34:51,925 [INFO] BlockDiagram:2735 - set Specific Code input for plugin: RCC
2026-08-06 08:34:51,926 [INFO] CodeGenerator:639 - code generatio: config db path: C:\ST\STM32CubeIDE_1.5.1\STM32CubeIDE\plugins\com.st.stm32cube.common.mx_6.1.1.202012091304\\db\
2026-08-06 08:34:52,091 [INFO] CodeEngine:229 - oldGeneratedFile, C:\ProjetoIntegrado2\ProjetoIntegrado\MXTmpFiles\license.tmp_save
2026-08-06 08:34:52,322 [INFO] CodeEngine:247 - Generated code: C:\ProjetoIntegrado2\ProjetoIntegrado\MXTmpFiles\license.tmp
2026-08-06 08:34:52,365 [INFO] CodeEngine:229 - oldGeneratedFile, C:\ProjetoIntegrado2\ProjetoIntegrado\MXTmpFiles\gpio.tmp_save
2026-08-06 08:34:52,439 [INFO] CodeEngine:247 - Generated code: C:\ProjetoIntegrado2\ProjetoIntegrado\MXTmpFiles\gpio.tmp
2026-08-06 08:34:52,441 [INFO] LogOutputStream:76 - [STDOUT_REDIRECT] Command line test
2026-08-06 08:34:52,493 [INFO] CodeEngine:229 - oldGeneratedFile, C:\ProjetoIntegrado2\ProjetoIntegrado\MXTmpFiles\usb_vars.tmp_save
2026-08-06 08:34:52,566 [INFO] CodeEngine:247 - Generated code: C:\ProjetoIntegrado2\ProjetoIntegrado\MXTmpFiles\usb_vars.tmp
2026-08-06 08:34:52,575 [INFO] CodeEngine:229 - oldGeneratedFile, C:\ProjetoIntegrado2\ProjetoIntegrado\MXTmpFiles\usb_inc.tmp_save
2026-08-06 08:34:52,617 [INFO] CodeEngine:247 - Generated code: C:\ProjetoIntegrado2\ProjetoIntegrado\MXTmpFiles\usb_inc.tmp
2026-08-06 08:34:52,635 [INFO] CodeEngine:229 - oldGeneratedFile, C:\ProjetoIntegrado2\ProjetoIntegrado\MXTmpFiles\usb_HalInit.tmp_save
2026-08-06 08:34:52,691 [INFO] CodeEngine:247 - Generated code: C:\ProjetoIntegrado2\ProjetoIntegrado\MXTmpFiles\usb_HalInit.tmp
2026-08-06 08:34:52,699 [INFO] CodeEngine:229 - oldGeneratedFile, C:\ProjetoIntegrado2\ProjetoIntegrado\MXTmpFiles\usb_Msp.tmp_save
2026-08-06 08:34:52,746 [INFO] CodeEngine:247 - Generated code: C:\ProjetoIntegrado2\ProjetoIntegrado\MXTmpFiles\usb_Msp.tmp
2026-08-06 08:34:52,791 [INFO] LogOutputStream:76 - [STDOUT_REDIRECT] Command line
2026-08-06 08:34:52,792 [INFO] LogOutputStream:76 - [STDOUT_REDIRECT] Command line
2026-08-06 08:34:52,796 [INFO] Middleware:1252 - No code input for Bsp Dependency
2026-08-06 08:34:52,816 [INFO] CodeEngine:229 - oldGeneratedFile, C:\ProjetoIntegrado2\ProjetoIntegrado\USB_DEVICE\App\usb_device.c_save
2026-08-06 08:34:52,878 [INFO] CodeEngine:247 - Generated code: C:\ProjetoIntegrado2\ProjetoIntegrado\USB_DEVICE\App\usb_device.c
2026-08-06 08:34:52,893 [INFO] CodeEngine:229 - oldGeneratedFile, C:\ProjetoIntegrado2\ProjetoIntegrado\USB_DEVICE\App\usb_device.h_save
2026-08-06 08:34:52,931 [INFO] CodeEngine:247 - Generated code: C:\ProjetoIntegrado2\ProjetoIntegrado\USB_DEVICE\App\usb_device.h
2026-08-06 08:34:52,946 [INFO] CodeEngine:229 - oldGeneratedFile, C:\ProjetoIntegrado2\ProjetoIntegrado\USB_DEVICE\Target\usbd_conf.h_save
2026-08-06 08:34:52,990 [INFO] CodeEngine:247 - Generated code: C:\ProjetoIntegrado2\ProjetoIntegrado\USB_DEVICE\Target\usbd_conf.h
2026-08-06 08:34:53,007 [INFO] CodeEngine:229 - oldGeneratedFile, C:\ProjetoIntegrado2\ProjetoIntegrado\USB_DEVICE\Target\usbd_conf.c_save
2026-08-06 08:34:53,061 [INFO] CodeEngine:247 - Generated code: C:\ProjetoIntegrado2\ProjetoIntegrado\USB_DEVICE\Target\usbd_conf.c
2026-08-06 08:34:53,075 [INFO] CodeEngine:229 - oldGeneratedFile, C:\ProjetoIntegrado2\ProjetoIntegrado\USB_DEVICE\App\usbd_desc.h_save
2026-08-06 08:34:53,124 [INFO] CodeEngine:247 - Generated code: C:\ProjetoIntegrado2\ProjetoIntegrado\USB_DEVICE\App\usbd_desc.h
2026-08-06 08:34:53,142 [INFO] CodeEngine:229 - oldGeneratedFile, C:\ProjetoIntegrado2\ProjetoIntegrado\USB_DEVICE\App\usbd_desc.c_save
2026-08-06 08:34:53,196 [INFO] CodeEngine:247 - Generated code: C:\ProjetoIntegrado2\ProjetoIntegrado\USB_DEVICE\App\usbd_desc.c
2026-08-06 08:34:53,211 [INFO] CodeEngine:229 - oldGeneratedFile, C:\ProjetoIntegrado2\ProjetoIntegrado\USB_DEVICE\App\usbd_cdc_if.h_save
2026-08-06 08:34:53,247 [INFO] CodeEngine:247 - Generated code: C:\ProjetoIntegrado2\ProjetoIntegrado\USB_DEVICE\App\usbd_cdc_if.h
2026-08-06 08:34:53,263 [INFO] CodeEngine:229 - oldGeneratedFile, C:\ProjetoIntegrado2\ProjetoIntegrado\USB_DEVICE\App\usbd_cdc_if.c_save
2026-08-06 08:34:53,317 [INFO] CodeEngine:247 - Generated code: C:\ProjetoIntegrado2\ProjetoIntegrado\USB_DEVICE\App\usbd_cdc_if.c
2026-08-06 08:34:53,338 [INFO] CodeEngine:229 - oldGeneratedFile, C:\ProjetoIntegrado2\ProjetoIntegrado\Core\Src\stm32f1xx_it.c_save
2026-08-06 08:34:53,453 [INFO] CodeEngine:247 - Generated code: C:\ProjetoIntegrado2\ProjetoIntegrado\Core\Src\stm32f1xx_it.c
2026-08-06 08:34:53,467 [INFO] CodeEngine:229 - oldGeneratedFile, C:\ProjetoIntegrado2\ProjetoIntegrado\Core\Inc\stm32f1xx_it.h_save
2026-08-06 08:34:53,509 [INFO] CodeEngine:247 - Generated code: C:\ProjetoIntegrado2\ProjetoIntegrado\Core\Inc\stm32f1xx_it.h
2026-08-06 08:34:53,530 [INFO] CodeEngine:229 - oldGeneratedFile, C:\ProjetoIntegrado2\ProjetoIntegrado\Core\Src\stm32f1xx_hal_msp.c_save
2026-08-06 08:34:53,587 [INFO] CodeEngine:247 - Generated code: C:\ProjetoIntegrado2\ProjetoIntegrado\Core\Src\stm32f1xx_hal_msp.c
2026-08-06 08:34:53,595 [INFO] CodeEngine:229 - oldGeneratedFile, C:\ProjetoIntegrado2\ProjetoIntegrado\MXTmpFiles\system.tmp_save
2026-08-06 08:34:53,634 [INFO] CodeEngine:247 - Generated code: C:\ProjetoIntegrado2\ProjetoIntegrado\MXTmpFiles\system.tmp
2026-08-06 08:34:53,650 [INFO] CodeEngine:229 - oldGeneratedFile, C:\ProjetoIntegrado2\ProjetoIntegrado\Core\Inc\stm32f1xx_hal_conf.h_save
2026-08-06 08:34:53,696 [INFO] CodeEngine:247 - Generated code: C:\ProjetoIntegrado2\ProjetoIntegrado\Core\Inc\stm32f1xx_hal_conf.h
2026-08-06 08:34:53,727 [INFO] CodeEngine:229 - oldGeneratedFile, C:\ProjetoIntegrado2\ProjetoIntegrado\Core\Inc\main.h_save
2026-08-06 08:34:53,771 [INFO] CodeEngine:247 - Generated code: C:\ProjetoIntegrado2\ProjetoIntegrado\Core\Inc\main.h
2026-08-06 08:34:53,786 [INFO] CodeEngine:229 - oldGeneratedFile, C:\ProjetoIntegrado2\ProjetoIntegrado\Core\Src\main.c_save
2026-08-06 08:34:53,870 [INFO] CodeEngine:247 - Generated code: C:\ProjetoIntegrado2\ProjetoIntegrado\Core\Src\main.c
2026-08-06 08:34:54,186 [INFO] ProjectBuilder:2328 - Time for Copy HAL[1] : 83mS.
2026-08-06 08:34:54,213 [INFO] ProjectBuilder:3259 - Project Generator version: 3.11.2
2026-08-06 08:34:54,389 [INFO] ConfigFileManager:1238 - The Die is : DIE410
2026-08-06 08:34:54,399 [INFO] ApiDbMcu:456 - Load IP Config File for FATFS
2026-08-06 08:34:54,408 [INFO] ApiDbMcu:456 - Load IP Config File for FREERTOS
2026-08-06 08:34:57,686 [INFO] ProjectBuilder:3425 - Time for Generating toolchain IDE Files: 3473mS.
2026-08-06 08:34:57,686 [INFO] ProjectBuilder:2207 - Time for Copy CMSIS : 0mS.
2026-08-06 08:34:57,688 [INFO] ProjectBuilder:2207 - Time for Copy CMSIS : 0mS.
2026-08-07 10:04:51,334 [INFO] Activator:170 - 


2026-08-07 10:04:51,334 [INFO] Activator:171 - !SESSION log4j initialized
2026-08-10 08:05:43,992 [INFO] Activator:170 - 


2026-08-10 08:05:43,992 [INFO] Activator:171 - !SESSION log4j initialized
2026-08-10 08:05:53,969 [INFO] McuFinderGlobals:40 - Set McuFinder mode to 2 (CubeIDE integrated)
2026-08-10 08:05:54,344 [INFO] ApplicationProperties:181 - Using Application install path: C:\ST\STM32CubeIDE_1.5.1\STM32CubeIDE\plugins\com.st.stm32cube.common.mx_6.1.1.202012091304
2026-08-10 08:05:54,359 [INFO] DbMcusXml:71 - Set database path to: C:\ST\STM32CubeIDE_1.5.1\STM32CubeIDE\plugins\com.st.stm32cube.common.mx_6.1.1.202012091304\\db\/mcu/
2026-08-10 08:05:54,359 [INFO] DbBoardsPdsc:57 - Set plugin database path to: C:\ST\STM32CubeIDE_1.5.1\STM32CubeIDE\plugins\com.st.stm32cube.common.mx_6.1.1.202012091304\\db\/plugins/boardmanager/
2026-08-10 08:05:54,359 [INFO] DbMcus:259 - Set plugin images path to: C:\ST\STM32CubeIDE_1.5.1\STM32CubeIDE\plugins\com.st.stm32cube.common.mx_6.1.1.202012091304\\db\/plugins/mcufinder/images/
2026-08-10 08:05:54,359 [INFO] DbBoards:265 - Set plugin images path to: C:\ST\STM32CubeIDE_1.5.1\STM32CubeIDE\plugins\com.st.stm32cube.common.mx_6.1.1.202012091304\\db\/plugins/mcufinder/images/
2026-08-10 08:05:54,359 [INFO] DbExamples:329 - Set plugin images path to: C:\ST\STM32CubeIDE_1.5.1\STM32CubeIDE\plugins\com.st.stm32cube.common.mx_6.1.1.202012091304\\db\/plugins/mcufinder/images/
2026-08-10 08:05:54,375 [INFO] DbMcusDocs:112 - Set database path to: C:\Users\Alunos\.stmcufinder\plugins\mcufinder//mcu/
2026-08-10 08:05:54,375 [INFO] DbMcusJson:63 - Set database path to: C:\Users\Alunos\.stmcufinder\plugins\mcufinder//mcu/
2026-08-10 08:05:54,375 [INFO] DbBoardsDocs:112 - Set database path to: C:\Users\Alunos\.stmcufinder\plugins\mcufinder//mcu/
2026-08-10 08:05:54,375 [INFO] DbBoardsJson:56 - Set database path to: C:\Users\Alunos\.stmcufinder\plugins\mcufinder//mcu/
2026-08-10 08:05:54,375 [INFO] CrossReferenceDbSqlite:196 - Set database path to: C:\Users\Alunos\.stmcufinder\plugins\mcufinder//mcu/cs/
2026-08-10 08:05:54,375 [INFO] DbExamplesSqlite:699 - Set database path to: C:\Users\Alunos\.stmcufinder\plugins\mcufinder//mcu/
2026-08-10 08:05:54,469 [INFO] RulesReader:52 - Compatibility file has been processed (228 Rules)
2026-08-10 08:05:54,547 [INFO] MicroXplorer:565 - Detected Java Version = 1.8.0_272
2026-08-10 08:05:54,547 [INFO] DbMcusXml:71 - Set database path to: C:\ST\STM32CubeIDE_1.5.1\STM32CubeIDE\plugins\com.st.stm32cube.common.mx_6.1.1.202012091304\\db\/mcu/
2026-08-10 08:05:54,547 [INFO] DbBoardsPdsc:57 - Set plugin database path to: C:\ST\STM32CubeIDE_1.5.1\STM32CubeIDE\plugins\com.st.stm32cube.common.mx_6.1.1.202012091304\\db\/plugins/boardmanager/
2026-08-10 08:05:54,547 [INFO] DbMcus:259 - Set plugin images path to: C:\ST\STM32CubeIDE_1.5.1\STM32CubeIDE\plugins\com.st.stm32cube.common.mx_6.1.1.202012091304\\db\/plugins/mcufinder/images/
2026-08-10 08:05:54,547 [INFO] DbBoards:265 - Set plugin images path to: C:\ST\STM32CubeIDE_1.5.1\STM32CubeIDE\plugins\com.st.stm32cube.common.mx_6.1.1.202012091304\\db\/plugins/mcufinder/images/
2026-08-10 08:05:54,547 [INFO] DbExamples:329 - Set plugin images path to: C:\ST\STM32CubeIDE_1.5.1\STM32CubeIDE\plugins\com.st.stm32cube.common.mx_6.1.1.202012091304\\db\/plugins/mcufinder/images/
2026-08-10 08:05:54,547 [WARN] DbFile:36 - Overriding database path with different value: C:\Users\Alunos\.stmcufinder\plugins\mcufinder/ => C:\Users\Alunos\.stmcufinder\plugins\mcufinder
2026-08-10 08:05:54,547 [INFO] DbMcusDocs:112 - Set database path to: C:\Users\Alunos\.stmcufinder\plugins\mcufinder//mcu/
2026-08-10 08:05:54,547 [WARN] DbFile:36 - Overriding database path with different value: C:\Users\Alunos\.stmcufinder\plugins\mcufinder/ => C:\Users\Alunos\.stmcufinder\plugins\mcufinder
2026-08-10 08:05:54,547 [INFO] DbMcusJson:63 - Set database path to: C:\Users\Alunos\.stmcufinder\plugins\mcufinder//mcu/
2026-08-10 08:05:54,547 [WARN] DbFile:36 - Overriding database path with different value: C:\Users\Alunos\.stmcufinder\plugins\mcufinder/ => C:\Users\Alunos\.stmcufinder\plugins\mcufinder
2026-08-10 08:05:54,547 [INFO] DbBoardsDocs:112 - Set database path to: C:\Users\Alunos\.stmcufinder\plugins\mcufinder//mcu/
2026-08-10 08:05:54,547 [WARN] DbFile:36 - Overriding database path with different value: C:\Users\Alunos\.stmcufinder\plugins\mcufinder/ => C:\Users\Alunos\.stmcufinder\plugins\mcufinder
2026-08-10 08:05:54,547 [INFO] DbBoardsJson:56 - Set database path to: C:\Users\Alunos\.stmcufinder\plugins\mcufinder//mcu/
2026-08-10 08:05:54,547 [WARN] DbFile:36 - Overriding database path with different value: C:\Users\Alunos\.stmcufinder\plugins\mcufinder/ => C:\Users\Alunos\.stmcufinder\plugins\mcufinder
2026-08-10 08:05:54,547 [WARN] DbFile:36 - Overriding database path with different value: C:\Users\Alunos\.stmcufinder\plugins\mcufinder/ => C:\Users\Alunos\.stmcufinder\plugins\mcufinder
2026-08-10 08:05:54,547 [INFO] CrossReferenceDbSqlite:196 - Set database path to: C:\Users\Alunos\.stmcufinder\plugins\mcufinder//mcu/cs/
2026-08-10 08:05:54,547 [WARN] DbFile:36 - Overriding database path with different value: C:\Users\Alunos\.stmcufinder\plugins\mcufinder/ => C:\Users\Alunos\.stmcufinder\plugins\mcufinder
2026-08-10 08:05:54,547 [INFO] DbExamplesSqlite:699 - Set database path to: C:\Users\Alunos\.stmcufinder\plugins\mcufinder//mcu/
2026-08-10 08:05:54,609 [INFO] MainPanel:190 - HeapMemory: 268435456
2026-08-10 08:05:54,687 [INFO] DbMcusXml:71 - Set database path to: C:\ST\STM32CubeIDE_1.5.1\STM32CubeIDE\plugins\com.st.stm32cube.common.mx_6.1.1.202012091304\\db\/mcu/
2026-08-10 08:05:54,687 [INFO] DbBoardsPdsc:57 - Set plugin database path to: C:\ST\STM32CubeIDE_1.5.1\STM32CubeIDE\plugins\com.st.stm32cube.common.mx_6.1.1.202012091304\\db\/plugins/boardmanager/
2026-08-10 08:05:54,687 [INFO] DbMcus:259 - Set plugin images path to: C:\ST\STM32CubeIDE_1.5.1\STM32CubeIDE\plugins\com.st.stm32cube.common.mx_6.1.1.202012091304\\db\/plugins/mcufinder/images/
2026-08-10 08:05:54,687 [INFO] DbBoards:265 - Set plugin images path to: C:\ST\STM32CubeIDE_1.5.1\STM32CubeIDE\plugins\com.st.stm32cube.common.mx_6.1.1.202012091304\\db\/plugins/mcufinder/images/
2026-08-10 08:05:54,687 [INFO] DbExamples:329 - Set plugin images path to: C:\ST\STM32CubeIDE_1.5.1\STM32CubeIDE\plugins\com.st.stm32cube.common.mx_6.1.1.202012091304\\db\/plugins/mcufinder/images/
2026-08-10 08:05:54,687 [WARN] DbFile:36 - Overriding database path with different value: C:\Users\Alunos\.stmcufinder\plugins\mcufinder/ => C:\Users\Alunos\.stmcufinder\plugins\mcufinder
2026-08-10 08:05:54,687 [INFO] DbMcusDocs:112 - Set database path to: C:\Users\Alunos\.stmcufinder\plugins\mcufinder//mcu/
2026-08-10 08:05:54,687 [WARN] DbFile:36 - Overriding database path with different value: C:\Users\Alunos\.stmcufinder\plugins\mcufinder/ => C:\Users\Alunos\.stmcufinder\plugins\mcufinder
2026-08-10 08:05:54,687 [INFO] DbMcusJson:63 - Set database path to: C:\Users\Alunos\.stmcufinder\plugins\mcufinder//mcu/
2026-08-10 08:05:54,687 [WARN] DbFile:36 - Overriding database path with different value: C:\Users\Alunos\.stmcufinder\plugins\mcufinder/ => C:\Users\Alunos\.stmcufinder\plugins\mcufinder
2026-08-10 08:05:54,687 [INFO] DbBoardsDocs:112 - Set database path to: C:\Users\Alunos\.stmcufinder\plugins\mcufinder//mcu/
2026-08-10 08:05:54,703 [WARN] DbFile:36 - Overriding database path with different value: C:\Users\Alunos\.stmcufinder\plugins\mcufinder/ => C:\Users\Alunos\.stmcufinder\plugins\mcufinder
2026-08-10 08:05:54,703 [INFO] DbBoardsJson:56 - Set database path to: C:\Users\Alunos\.stmcufinder\plugins\mcufinder//mcu/
2026-08-10 08:05:54,703 [WARN] DbFile:36 - Overriding database path with different value: C:\Users\Alunos\.stmcufinder\plugins\mcufinder/ => C:\Users\Alunos\.stmcufinder\plugins\mcufinder
2026-08-10 08:05:54,703 [WARN] DbFile:36 - Overriding database path with different value: C:\Users\Alunos\.stmcufinder\plugins\mcufinder/ => C:\Users\Alunos\.stmcufinder\plugins\mcufinder
2026-08-10 08:05:54,703 [INFO] CrossReferenceDbSqlite:196 - Set database path to: C:\Users\Alunos\.stmcufinder\plugins\mcufinder//mcu/cs/
2026-08-10 08:05:54,703 [WARN] DbFile:36 - Overriding database path with different value: C:\Users\Alunos\.stmcufinder\plugins\mcufinder/ => C:\Users\Alunos\.stmcufinder\plugins\mcufinder
2026-08-10 08:05:54,703 [INFO] DbExamplesSqlite:699 - Set database path to: C:\Users\Alunos\.stmcufinder\plugins\mcufinder//mcu/
2026-08-10 08:05:54,703 [INFO] ApplicationProperties:181 - Using Application install path: C:\ST\STM32CubeIDE_1.5.1\STM32CubeIDE\plugins\com.st.stm32cube.common.mx_6.1.1.202012091304
2026-08-10 08:05:54,703 [INFO] PluginManage:178 - Search for loadable plugins [exclusion list=, ]
2026-08-10 08:05:54,703 [INFO] PluginManage:292 - Check plugin analytics
2026-08-10 08:05:54,812 [INFO] AnalyticsPlugin:225 - Accepted Software Licenses: STM32CubeMX.6.11.0
2026-08-10 08:05:54,812 [INFO] AnalyticsPlugin:227 - Accepted CMSIS Pack Licenses: 
2026-08-10 08:05:54,812 [INFO] AnalyticsPlugin:229 - Accepted Firmware Licenses: 
2026-08-10 08:05:54,812 [INFO] PluginManage:342 - Loaded plugin analytics (category:tool,tabindex:-1)
2026-08-10 08:05:54,812 [INFO] PluginManage:292 - Check plugin clock
2026-08-10 08:05:54,828 [INFO] PluginManage:342 - Loaded plugin clock (category:base,tabindex:2)
2026-08-10 08:05:54,828 [INFO] PluginManage:292 - Check plugin ddr
2026-08-10 08:05:54,828 [INFO] PluginManage:342 - Loaded plugin ddr (category:tool,tabindex:6)
2026-08-10 08:05:54,828 [INFO] PluginManage:292 - Check plugin filemanager
2026-08-10 08:05:54,937 [INFO] PluginManage:342 - Loaded plugin filemanager (category:base,tabindex:10)
2026-08-10 08:05:54,937 [INFO] PluginManage:292 - Check plugin ipmanager
2026-08-10 08:05:54,937 [INFO] PluginManage:342 - Loaded plugin ipmanager (category:base,tabindex:5)
2026-08-10 08:05:54,937 [INFO] PluginManage:292 - Check plugin pinoutandconfiguration
2026-08-10 08:05:54,953 [INFO] PluginManage:342 - Loaded plugin pinoutandconfiguration (category:base,tabindex:1)
2026-08-10 08:05:54,953 [INFO] PluginManage:292 - Check plugin pinoutconfig
2026-08-10 08:05:54,984 [INFO] PluginManage:342 - Loaded plugin pinoutconfig (category:base,tabindex:0)
2026-08-10 08:05:54,984 [INFO] PluginManage:292 - Check plugin power
2026-08-10 08:05:55,000 [INFO] PluginManage:342 - Loaded plugin power (category:power,tabindex:4)
2026-08-10 08:05:55,000 [INFO] PluginManage:292 - Check plugin projectmanager
2026-08-10 08:05:55,015 [INFO] PluginManage:342 - Loaded plugin projectmanager (category:projectmanager,tabindex:3)
2026-08-10 08:05:55,015 [INFO] PluginManage:292 - Check plugin thirdparty
2026-08-10 08:05:55,219 [INFO] PluginManage:342 - Loaded plugin thirdparty (category:base,tabindex:-1)
2026-08-10 08:05:55,219 [WARN] IntegrityCheckThread:59 - waiting for thirdparty lock release [integrity check]
2026-08-10 08:05:55,219 [INFO] PluginManage:292 - Check plugin tools
2026-08-10 08:05:55,219 [INFO] IntegrityCheckThread:61 - entering critical section [integrity check]
2026-08-10 08:05:55,219 [INFO] ThirdPartyUpdaterWithRetryManager:56 - Updater plugin not ready yet. [1/15]
2026-08-10 08:05:55,281 [INFO] PluginManage:342 - Loaded plugin tools (category:base,tabindex:7)
2026-08-10 08:05:55,281 [INFO] PluginManage:292 - Check plugin tutovideos
2026-08-10 08:05:55,422 [INFO] PluginManage:342 - Loaded plugin tutovideos (category:base,tabindex:-1)
2026-08-10 08:05:55,422 [INFO] PluginManage:292 - Check plugin updater
2026-08-10 08:05:55,437 [INFO] PluginManage:342 - Loaded plugin updater (category:base,tabindex:12)
2026-08-10 08:05:55,437 [INFO] PluginManage:265 - PluginManage : Loaded plugins [13]
2026-08-10 08:05:55,547 [INFO] PinOutPanel:1434 - setPackage(No Configuration,No Configuration)
2026-08-10 08:05:55,640 [INFO] IPUIPlugin:64 - create IPUIPlugin
2026-08-10 08:05:55,640 [INFO] PluginManager:203 - loadIPPluginJar : add adc
2026-08-10 08:05:55,672 [INFO] IPUIPlugin:64 - create IPUIPlugin
2026-08-10 08:05:55,672 [INFO] PluginManager:203 - loadIPPluginJar : add aes
2026-08-10 08:05:55,719 [INFO] IPUIPlugin:64 - create IPUIPlugin
2026-08-10 08:05:55,719 [INFO] PluginManager:203 - loadIPPluginJar : add can
2026-08-10 08:05:55,750 [INFO] IPUIPlugin:64 - create IPUIPlugin
2026-08-10 08:05:55,750 [INFO] PluginManager:203 - loadIPPluginJar : add comp
2026-08-10 08:05:55,781 [INFO] IPUIPlugin:64 - create IPUIPlugin
2026-08-10 08:05:55,781 [INFO] PluginManager:203 - loadIPPluginJar : add cryp
2026-08-10 08:05:55,812 [INFO] IPUIPlugin:64 - create IPUIPlugin
2026-08-10 08:05:55,812 [INFO] PluginManager:203 - loadIPPluginJar : add dfsdm
2026-08-10 08:05:55,828 [INFO] IPUIPlugin:64 - create IPUIPlugin
2026-08-10 08:05:55,828 [INFO] PluginManager:203 - loadIPPluginJar : add dma
2026-08-10 08:05:55,859 [INFO] IPUIPlugin:64 - create IPUIPlugin
2026-08-10 08:05:55,859 [INFO] PluginManager:203 - loadIPPluginJar : add fatfs
2026-08-10 08:05:55,922 [INFO] IPUIPlugin:64 - create IPUIPlugin
2026-08-10 08:05:55,922 [INFO] PluginManager:203 - loadIPPluginJar : add fmc
2026-08-10 08:05:55,922 [INFO] IPUIPlugin:64 - create IPUIPlugin
2026-08-10 08:05:55,922 [INFO] PluginManager:203 - loadIPPluginJar : add freertos
2026-08-10 08:05:55,953 [INFO] IPUIPlugin:64 - create IPUIPlugin
2026-08-10 08:05:55,953 [INFO] PluginManager:203 - loadIPPluginJar : add genericplugin
2026-08-10 08:05:56,047 [INFO] IPUIPlugin:64 - create IPUIPlugin
2026-08-10 08:05:56,047 [INFO] PluginManager:203 - loadIPPluginJar : add gfxmmu
2026-08-10 08:05:56,156 [INFO] IPUIPlugin:64 - create IPUIPlugin
2026-08-10 08:05:56,156 [INFO] PluginManager:203 - loadIPPluginJar : add gic
2026-08-10 08:05:56,172 [INFO] IPUIPlugin:64 - create IPUIPlugin
2026-08-10 08:05:56,172 [INFO] PluginManager:203 - loadIPPluginJar : add gpio
2026-08-10 08:05:56,234 [INFO] IPUIPlugin:64 - create IPUIPlugin
2026-08-10 08:05:56,234 [INFO] PluginManager:203 - loadIPPluginJar : add gtzc
2026-08-10 08:05:56,265 [INFO] IPUIPlugin:64 - create IPUIPlugin
2026-08-10 08:05:56,265 [INFO] PluginManager:203 - loadIPPluginJar : add hash
2026-08-10 08:05:56,328 [INFO] IPUIPlugin:64 - create IPUIPlugin
2026-08-10 08:05:56,328 [INFO] PluginManager:203 - loadIPPluginJar : add i2c
2026-08-10 08:05:56,359 [INFO] IPUIPlugin:64 - create IPUIPlugin
2026-08-10 08:05:56,359 [INFO] PluginManager:203 - loadIPPluginJar : add i2s
2026-08-10 08:05:56,375 [INFO] IPUIPlugin:64 - create IPUIPlugin
2026-08-10 08:05:56,375 [INFO] PluginManager:203 - loadIPPluginJar : add ipddr
2026-08-10 08:05:56,422 [INFO] IPUIPlugin:64 - create IPUIPlugin
2026-08-10 08:05:56,422 [INFO] PluginManager:203 - loadIPPluginJar : add lorawan
2026-08-10 08:05:56,468 [INFO] IPUIPlugin:64 - create IPUIPlugin
2026-08-10 08:05:56,468 [INFO] PluginManager:203 - loadIPPluginJar : add ltdc
2026-08-10 08:05:56,484 [INFO] IPUIPlugin:64 - create IPUIPlugin
2026-08-10 08:05:56,484 [INFO] PluginManager:203 - loadIPPluginJar : add mdma
2026-08-10 08:05:56,484 [INFO] IPUIPlugin:64 - create IPUIPlugin
2026-08-10 08:05:56,484 [INFO] PluginManager:203 - loadIPPluginJar : add nvic
2026-08-10 08:05:56,531 [INFO] IPUIPlugin:64 - create IPUIPlugin
2026-08-10 08:05:56,531 [INFO] PluginManager:203 - loadIPPluginJar : add opamp
2026-08-10 08:05:56,593 [INFO] IPUIPlugin:64 - create IPUIPlugin
2026-08-10 08:05:56,593 [INFO] PluginManager:203 - loadIPPluginJar : add openamp
2026-08-10 08:05:56,672 [INFO] IPUIPlugin:64 - create IPUIPlugin
2026-08-10 08:05:56,672 [INFO] PluginManager:203 - loadIPPluginJar : add pdm2pcm
2026-08-10 08:05:56,687 [INFO] IPUIPlugin:64 - create IPUIPlugin
2026-08-10 08:05:56,687 [INFO] PluginManager:203 - loadIPPluginJar : add plateformsettings
2026-08-10 08:05:56,718 [INFO] IPUIPlugin:64 - create IPUIPlugin
2026-08-10 08:05:56,718 [INFO] PluginManager:203 - loadIPPluginJar : add quadspi
2026-08-10 08:05:56,734 [INFO] IPUIPlugin:64 - create IPUIPlugin
2026-08-10 08:05:56,734 [INFO] PluginManager:203 - loadIPPluginJar : add resmgrutility
2026-08-10 08:05:56,797 [INFO] IPUIPlugin:64 - create IPUIPlugin
2026-08-10 08:05:56,797 [INFO] PluginManager:203 - loadIPPluginJar : add sai
2026-08-10 08:05:56,843 [INFO] IPUIPlugin:64 - create IPUIPlugin
2026-08-10 08:05:56,843 [INFO] PluginManager:203 - loadIPPluginJar : add spi
2026-08-10 08:05:56,922 [INFO] IPUIPlugin:64 - create IPUIPlugin
2026-08-10 08:05:56,922 [INFO] PluginManager:203 - loadIPPluginJar : add stm32_wpan
2026-08-10 08:05:56,953 [INFO] IPUIPlugin:64 - create IPUIPlugin
2026-08-10 08:05:56,953 [INFO] PluginManager:203 - loadIPPluginJar : add tim
2026-08-10 08:05:57,015 [INFO] IPUIPlugin:64 - create IPUIPlugin
2026-08-10 08:05:57,015 [INFO] PluginManager:203 - loadIPPluginJar : add touchsensing
2026-08-10 08:05:57,046 [INFO] IPUIPlugin:64 - create IPUIPlugin
2026-08-10 08:05:57,046 [INFO] PluginManager:203 - loadIPPluginJar : add tracer_emb
2026-08-10 08:05:57,093 [INFO] IPUIPlugin:64 - create IPUIPlugin
2026-08-10 08:05:57,093 [INFO] PluginManager:203 - loadIPPluginJar : add ts
2026-08-10 08:05:57,125 [INFO] IPUIPlugin:64 - create IPUIPlugin
2026-08-10 08:05:57,125 [INFO] PluginManager:203 - loadIPPluginJar : add tsc
2026-08-10 08:05:57,156 [INFO] IPUIPlugin:64 - create IPUIPlugin
2026-08-10 08:05:57,156 [INFO] PluginManager:203 - loadIPPluginJar : add ucpd
2026-08-10 08:05:57,203 [INFO] IPUIPlugin:64 - create IPUIPlugin
2026-08-10 08:05:57,203 [INFO] PluginManager:203 - loadIPPluginJar : add usart
2026-08-10 08:05:57,472 [FATAL] Updater:284 - Updater called before beeing initialized
2026-08-10 08:05:57,581 [FATAL] Updater:284 - Updater called before beeing initialized
2026-08-10 08:05:57,613 [WARN] DetailPanel:347 - Failed to get advertising image, set to default
2026-08-10 08:05:57,613 [FATAL] Updater:284 - Updater called before beeing initialized
2026-08-10 08:05:57,613 [WARN] DetailPanel:347 - Failed to get advertising image, set to default
2026-08-10 08:05:57,644 [FATAL] Updater:284 - Updater called before beeing initialized
2026-08-10 08:05:57,644 [WARN] ThirdParty:783 - waiting for thirdparty lock release [close project]
2026-08-10 08:05:58,222 [INFO] ThirdPartyUpdaterWithRetryManager:56 - Updater plugin not ready yet. [2/15]
2026-08-10 08:06:01,237 [FATAL] Updater:284 - Updater called before beeing initialized
2026-08-10 08:06:01,237 [ERROR] AbstractThirdPartyUpdaterManager:153 - java.lang.Integer cannot be cast to java.util.List
2026-08-10 08:06:01,237 [INFO] ThirdParty:887 - Integrity check success = false
2026-08-10 08:06:01,237 [INFO] IntegrityCheckThread:75 - exiting critical section [integrity check]
2026-08-10 08:06:01,237 [INFO] IntegrityCheckThread:78 - End integrity checks thread
2026-08-10 08:06:01,237 [INFO] ThirdParty:785 - entering critical section [close project]
2026-08-10 08:06:01,237 [INFO] ThirdParty:796 - exiting critical section [close project]
2026-08-10 08:06:01,237 [INFO] PinOutPanel:1434 - setPackage(No Configuration,No Configuration)
2026-08-10 08:06:01,237 [FATAL] Updater:284 - Updater called before beeing initialized
2026-08-10 08:06:01,237 [ERROR] Updater:1065 - MainUpdater not yet initialized. External WinMGr cannot be set.
2026-08-10 08:06:01,253 [INFO] Updater:1002 - Updater Version found : 6.1.1
2026-08-10 08:06:01,269 [INFO] ApplicationProperties:181 - Using Application install path: C:\ST\STM32CubeIDE_1.5.1\STM32CubeIDE\plugins\com.st.stm32cube.common.mx_6.1.1.202012091304
2026-08-10 08:06:01,612 [INFO] MainUpdater:2644 - connection check result : 10
2026-08-10 08:06:01,612 [INFO] MainUpdater:3332 - Updater definition file requires update
2026-08-10 08:06:01,612 [INFO] MainUpdater:249 - Updater Check For Update Now.
2026-08-10 08:06:01,612 [INFO] MicroXplorer:415 - Change Database Version : DB.6.0.10
2026-08-10 08:06:01,925 [INFO] ServerAccessManage:348 - Download File updaters.zip
2026-08-10 08:06:02,065 [INFO] FileExtend:225 - Unzip File : updaters.zip
2026-08-10 08:06:02,065 [INFO] FileExtend:240 - Standard Zip Deflate
2026-08-10 08:06:02,878 [INFO] ServerAccessManage:348 - Download File PacksControlFlags.xml
2026-08-10 08:06:03,268 [INFO] ServerAccessManage:348 - Download File cubemx.pidx
2026-08-10 08:06:03,346 [INFO] LoadServerUpdatesThread:329 - End of LoadServerUpdate Thread
2026-08-10 08:06:03,393 [INFO] CheckServerUpdateThread:102 - End of CheckServer Thread
2026-08-10 08:06:03,487 [INFO] MainUpdater:2644 - connection check result : 10
2026-08-10 08:06:03,487 [INFO] MainUpdater:2644 - connection check result : 10
2026-08-10 08:06:03,643 [INFO] MicroXplorer:385 - Change Database Path : 
2026-08-10 08:06:03,643 [INFO] MicroXplorer:415 - Change Database Version : DB.6.0.10
2026-08-10 08:06:03,643 [WARN] ThirdParty:783 - waiting for thirdparty lock release [close project]
2026-08-10 08:06:03,643 [INFO] ThirdParty:785 - entering critical section [close project]
2026-08-10 08:06:03,643 [INFO] ThirdParty:796 - exiting critical section [close project]
2026-08-10 08:06:03,643 [INFO] PinOutPanel:1434 - setPackage(No Configuration,No Configuration)
2026-08-10 08:06:03,643 [INFO] UtilMem:74 - Begin LoadConfig() Used Memory: 225736968 Bytes (1073741824)
2026-08-10 08:06:03,643 [INFO] MicroXplorer:385 - Change Database Path : 
2026-08-10 08:06:03,659 [INFO] MicroXplorer:415 - Change Database Version : DB.6.0.10
2026-08-10 08:06:03,659 [INFO] OpenFileManager:274 - Change cursor
2026-08-10 08:06:03,659 [WARN] ThirdParty:204 - Use empty third party IP manager
2026-08-10 08:06:03,659 [WARN] IntegrityCheckThread:59 - waiting for thirdparty lock release [integrity check]
2026-08-10 08:06:03,659 [INFO] IntegrityCheckThread:61 - entering critical section [integrity check]
2026-08-10 08:06:03,784 [ERROR] Engine:500 - C:\Users\Alunos\.stm32cubemx\thirdparties\pdsc\STMicroelectronics.FP-SNS-MOTENVWB1.1.4.0.pdsc: PDSC version is not supported
2026-08-10 08:06:03,831 [ERROR] Engine:500 - C:\Users\Alunos\.stm32cubemx\thirdparties\pdsc\STMicroelectronics.X-CUBE-SMBUS.2.1.1.pdsc: PDSC version is not supported
2026-08-10 08:06:03,831 [ERROR] Engine:500 - C:\Users\Alunos\.stm32cubemx\thirdparties\pdsc\STMicroelectronics.X-CUBE-SMBUS.2.1.0.pdsc: PDSC version is not supported
2026-08-10 08:06:03,862 [ERROR] Engine:500 - C:\Users\Alunos\.stm32cubemx\thirdparties\pdsc\STMicroelectronics.X-CUBE-ST60.1.0.0.pdsc: PDSC version is not supported
2026-08-10 08:06:03,893 [ERROR] Engine:500 - C:\Users\Alunos\.stm32cubemx\thirdparties\pdsc\STMicroelectronics.X-CUBE-FREERTOS.1.6.0.pdsc: PDSC version is not supported
2026-08-10 08:06:03,909 [ERROR] Engine:500 - C:\Users\Alunos\.stm32cubemx\thirdparties\pdsc\STMicroelectronics.FP-SNS-MOTENV1.5.1.0.pdsc: PDSC version is not supported
2026-08-10 08:06:03,940 [ERROR] Engine:500 - C:\Users\Alunos\.stm32cubemx\thirdparties\pdsc\STMicroelectronics.FP-SNS-FLIGHT1.5.0.2.pdsc: PDSC version is not supported
2026-08-10 08:06:03,956 [ERROR] Engine:500 - C:\Users\Alunos\.stm32cubemx\thirdparties\pdsc\Infineon.AIROC-Wi-Fi-Bluetooth-STM32.1.7.0.pdsc: PDSC version is not supported
2026-08-10 08:06:03,987 [ERROR] Engine:500 - C:\Users\Alunos\.stm32cubemx\thirdparties\pdsc\STMicroelectronics.X-CUBE-DISPLAY.3.0.0.pdsc: PDSC version is not supported
2026-08-10 08:06:04,003 [ERROR] Engine:500 - C:\Users\Alunos\.stm32cubemx\thirdparties\pdsc\STMicroelectronics.FP-SNS-MOTENVWB1.1.5.0.pdsc: PDSC version is not supported
2026-08-10 08:06:04,034 [ERROR] Engine:500 - C:\Users\Alunos\.stm32cubemx\thirdparties\pdsc\STMicroelectronics.X-CUBE-BLEMGR.4.0.0.pdsc: PDSC version is not supported
2026-08-10 08:06:04,050 [ERROR] Engine:500 - C:\Users\Alunos\.stm32cubemx\thirdparties\pdsc\STMicroelectronics.X-CUBE-ST60.1.1.0.pdsc: PDSC version is not supported
2026-08-10 08:06:04,050 [ERROR] Engine:500 - C:\Users\Alunos\.stm32cubemx\thirdparties\pdsc\emotas.I-CUBE-CANOPEN.1.3.0.pdsc: PDSC version is not supported
2026-08-10 08:06:04,065 [ERROR] Engine:500 - C:\Users\Alunos\.stm32cubemx\thirdparties\pdsc\STMicroelectronics.X-CUBE-WBA.1.1.0.pdsc: PDSC version is not supported
2026-08-10 08:06:04,081 [ERROR] Engine:500 - C:\Users\Alunos\.stm32cubemx\thirdparties\pdsc\STMicroelectronics.FP-SNS-STBOX1.2.1.0.pdsc: PDSC version is not supported
2026-08-10 08:06:04,096 [ERROR] Engine:500 - C:\Users\Alunos\.stm32cubemx\thirdparties\pdsc\STMicroelectronics.FP-SNS-SMARTAG2.1.2.0.pdsc: PDSC version is not supported
2026-08-10 08:06:04,112 [ERROR] Engine:500 - C:\Users\Alunos\.stm32cubemx\thirdparties\pdsc\STMicroelectronics.FP-SNS-FLIGHT1.5.1.0.pdsc: PDSC version is not supported
2026-08-10 08:06:04,284 [INFO] LogOutputStream:76 - [STDOUT_REDIRECT] 1 : Invalid condition id : UX_CORESTACK_Condition cause : null
2026-08-10 08:06:04,299 [INFO] LogOutputStream:76 - [STDOUT_REDIRECT] 1 : Invalid condition id : UX_CORESTACK_Condition cause : null
2026-08-10 08:06:04,299 [INFO] LogOutputStream:76 - [STDOUT_REDIRECT] 1 : Invalid condition id : UX_CORESTACK_Condition cause : null
2026-08-10 08:06:04,299 [INFO] LogOutputStream:76 - [STDOUT_REDIRECT] 1 : Invalid condition id : UX_CORESTACK_Condition cause : null
2026-08-10 08:06:04,299 [INFO] LogOutputStream:76 - [STDOUT_REDIRECT] 1 : Invalid condition id : UX_CORESTACK_Condition cause : null
2026-08-10 08:06:04,331 [ERROR] Engine:500 - C:\Users\Alunos\.stm32cubemx\thirdparties\pdsc\STMicroelectronics.FP-SNS-MOTENV1.5.0.0.pdsc: PDSC version is not supported
2026-08-10 08:06:04,424 [ERROR] Engine:500 - C:\Users\Alunos\.stm32cubemx\thirdparties\pdsc\Avnet-IOTCONNECT.X-CUBE-iotc-st67-sdk.1.0.0.pdsc: PDSC version is not supported
2026-08-10 08:06:04,534 [ERROR] Engine:500 - C:\Users\Alunos\.stm32cubemx\thirdparties\pdsc\STMicroelectronics.X-CUBE-FREERTOS.1.4.0.pdsc: PDSC version is not supported
2026-08-10 08:06:04,549 [ERROR] Engine:500 - C:\Users\Alunos\.stm32cubemx\thirdparties\pdsc\STMicroelectronics.X-CUBE-ST67W61.1.1.0.pdsc: PDSC version is not supported
2026-08-10 08:06:04,565 [ERROR] Engine:500 - C:\Users\Alunos\.stm32cubemx\thirdparties\pdsc\STMicroelectronics.FP-SNS-STAIOTCFT.1.1.0.pdsc: PDSC version is not supported
2026-08-10 08:06:04,784 [ERROR] Engine:500 - C:\Users\Alunos\.stm32cubemx\thirdparties\pdsc\EmbeddedOffice.I-CUBE-FS-RTOS.1.0.1.pdsc: PDSC version is not supported
2026-08-10 08:06:04,815 [ERROR] Engine:500 - C:\Users\Alunos\.stm32cubemx\thirdparties\pdsc\STMicroelectronics.X-CUBE-TCPP.4.2.0.pdsc: PDSC version is not supported
2026-08-10 08:06:04,831 [ERROR] Engine:500 - C:\Users\Alunos\.stm32cubemx\thirdparties\pdsc\RealThread.X-CUBE-RT-Thread_Nano.4.1.1.pdsc: PDSC version is not supported
2026-08-10 08:06:04,846 [ERROR] Engine:500 - C:\Users\Alunos\.stm32cubemx\thirdparties\pdsc\quantropi.X-CUBE-qispace-sdk-base.1.9.3.pdsc: PDSC version is not supported
2026-08-10 08:06:04,862 [ERROR] Engine:500 - C:\Users\Alunos\.stm32cubemx\thirdparties\pdsc\STMicroelectronics.X-CUBE-FREERTOS.1.5.0.pdsc: PDSC version is not supported
2026-08-10 08:06:04,878 [ERROR] Engine:500 - C:\Users\Alunos\.stm32cubemx\thirdparties\pdsc\ITTIA_DB.I-CUBE-ITTIADB.8.9.0.pdsc: PDSC version is not supported
2026-08-10 08:06:04,893 [ERROR] Engine:500 - C:\Users\Alunos\.stm32cubemx\thirdparties\pdsc\STMicroelectronics.X-CUBE-ST67W61.1.0.0.pdsc: PDSC version is not supported
2026-08-10 08:06:05,206 [ERROR] Engine:500 - C:\Users\Alunos\.stm32cubemx\thirdparties\pdsc\Avnet-IotConnect.X-CUBE-IoTC-DA16k-PMOD.1.0.0.pdsc: PDSC version is not supported
2026-08-10 08:06:05,237 [ERROR] Engine:500 - C:\Users\Alunos\.stm32cubemx\thirdparties\pdsc\STMicroelectronics.X-CUBE-IPS.3.2.0.pdsc: PDSC version is not supported
2026-08-10 08:06:05,237 [ERROR] Engine:500 - C:\Users\Alunos\.stm32cubemx\thirdparties\pdsc\STMicroelectronics.eDS-WB_DPC_TT-BIDIR.2.1.1.pdsc: PDSC version is not supported
2026-08-10 08:06:05,331 [ERROR] Engine:500 - C:\Users\Alunos\.stm32cubemx\thirdparties\pdsc\STMicroelectronics.X-CUBE-DPower.1.2.0.pdsc: PDSC version is not supported
2026-08-10 08:06:05,346 [ERROR] Engine:500 - C:\Users\Alunos\.stm32cubemx\thirdparties\pdsc\STMicroelectronics.eDS-WB_DPC_VIENNA.1.2.0.pdsc: PDSC version is not supported
2026-08-10 08:06:05,409 [ERROR] Engine:500 - C:\Users\Alunos\.stm32cubemx\thirdparties\pdsc\STMicroelectronics.eDS-WB_DPC_3PH2L-BIDIR.1.1.1.pdsc: PDSC version is not supported
2026-08-10 08:06:05,424 [ERROR] Engine:500 - C:\Users\Alunos\.stm32cubemx\thirdparties\pdsc\STMicroelectronics.X-CUBE-ST67W61.1.3.0.pdsc: PDSC version is not supported
2026-08-10 08:06:05,424 [ERROR] Engine:500 - C:\Users\Alunos\.stm32cubemx\thirdparties\pdsc\STMicroelectronics.X-CUBE-FREERTOS.1.3.1.pdsc: PDSC version is not supported
2026-08-10 08:06:05,424 [ERROR] Engine:500 - C:\Users\Alunos\.stm32cubemx\thirdparties\pdsc\STMicroelectronics.X-CUBE-FREERTOS.1.3.0.pdsc: PDSC version is not supported
2026-08-10 08:06:05,471 [ERROR] Engine:500 - C:\Users\Alunos\.stm32cubemx\thirdparties\pdsc\STMicroelectronics.FP-SNS-STAIOTCFT.1.0.0.pdsc: PDSC version is not supported
2026-08-10 08:06:05,471 [ERROR] Engine:500 - C:\Users\Alunos\.stm32cubemx\thirdparties\pdsc\STMicroelectronics.X-CUBE-DPower.1.3.0.pdsc: PDSC version is not supported
2026-08-10 08:06:05,487 [WARN] ConditionMgr:437 - getConditionDescription Invalid condition id : LAN8742 Phy interface Condition cause : null
2026-08-10 08:06:05,487 [WARN] ConditionMgr:1040 - genDependencies : Invalid condition id : LAN8742 Phy interface Condition cause : null
2026-08-10 08:06:05,487 [WARN] ConditionMgr:1040 - genDependencies : Invalid condition id : LAN8742 Phy interface Condition cause : null
2026-08-10 08:06:05,487 [WARN] ConditionMgr:1040 - genDependencies : Invalid condition id : LAN8742 Phy interface Condition cause : null
2026-08-10 08:06:05,518 [ERROR] Engine:500 - C:\Users\Alunos\.stm32cubemx\thirdparties\pdsc\STMicroelectronics.X-CUBE-ST67W61.1.2.0.pdsc: PDSC version is not supported
2026-08-10 08:06:05,534 [ERROR] Engine:500 - C:\Users\Alunos\.stm32cubemx\thirdparties\pdsc\STMicroelectronics.X-CUBE-BLEMGR.4.1.0.pdsc: PDSC version is not supported
2026-08-10 08:06:05,549 [WARN] ConditionMgr:437 - getConditionDescription Invalid condition id : UX DEVICE CLASS RTOS Condition cause : null
2026-08-10 08:06:05,549 [WARN] ConditionMgr:437 - getConditionDescription Invalid condition id : UX DEVICE CLASS RTOS Condition cause : null
2026-08-10 08:06:05,549 [WARN] ConditionMgr:1040 - genDependencies : Invalid condition id : UX DEVICE CLASS RTOS Condition cause : null
2026-08-10 08:06:05,549 [WARN] ConditionMgr:1040 - genDependencies : Invalid condition id : UX DEVICE CLASS RTOS Condition cause : null
2026-08-10 08:06:05,549 [WARN] ConditionMgr:1040 - genDependencies : Invalid condition id : UX DEVICE CLASS RTOS Condition cause : null
2026-08-10 08:06:05,549 [WARN] ConditionMgr:1040 - genDependencies : Invalid condition id : UX DEVICE CLASS RTOS Condition cause : null
2026-08-10 08:06:05,549 [WARN] ConditionMgr:1040 - genDependencies : Invalid condition id : UX DEVICE CLASS RTOS Condition cause : null
2026-08-10 08:06:05,581 [ERROR] Engine:500 - C:\Users\Alunos\.stm32cubemx\thirdparties\pdsc\STMicroelectronics.FP-SNS-STBOX1.2.0.0.pdsc: PDSC version is not supported
2026-08-10 08:06:05,627 [ERROR] Engine:500 - C:\Users\Alunos\.stm32cubemx\thirdparties\pdsc\Cesanta.I-CUBE-Mongoose.7.13.0.pdsc: PDSC version is not supported
2026-08-10 08:06:05,674 [ERROR] Engine:500 - C:\Users\Alunos\.stm32cubemx\thirdparties\pdsc\STMicroelectronics.X-CUBE-IPS.3.1.0.pdsc: PDSC version is not supported
2026-08-10 08:06:05,674 [ERROR] Engine:500 - C:\Users\Alunos\.stm32cubemx\thirdparties\pdsc\STMicroelectronics.X-CUBE-BLEMGR.4.2.0.pdsc: PDSC version is not supported
2026-08-10 08:06:05,690 [ERROR] Engine:500 - C:\Users\Alunos\.stm32cubemx\thirdparties\pdsc\STMicroelectronics.X-CUBE-ALS.1.0.2.pdsc: PDSC version is not supported
2026-08-10 08:06:05,737 [ERROR] Engine:500 - C:\Users\Alunos\.stm32cubemx\thirdparties\pdsc\STMicroelectronics.X-CUBE-TOF1.3.4.2.pdsc: PDSC version is not supported
2026-08-10 08:06:05,752 [ERROR] Engine:500 - C:\Users\Alunos\.stm32cubemx\thirdparties\pdsc\STMicroelectronics.X-CUBE-TOF1.3.4.3.pdsc: PDSC version is not supported
2026-08-10 08:06:05,752 [INFO] ThirdParty:887 - Integrity check success = true
2026-08-10 08:06:05,752 [INFO] IntegrityCheckThread:75 - exiting critical section [integrity check]
2026-08-10 08:06:05,752 [INFO] IntegrityCheckThread:78 - End integrity checks thread
2026-08-10 08:06:06,393 [WARN] ApiManager:294 - Cannot register API 'Board Extension:PM33A1' from pack STMicroelectronics.X-CUBE-PM33A1.1.0.0: no header file found
2026-08-10 08:06:06,393 [WARN] ApiManager:294 - Cannot register API 'Board Extension:NFC09A1' from pack STMicroelectronics.X-CUBE-NFC9.1.0.0: no header file found
2026-08-10 08:06:06,393 [WARN] ApiManager:294 - Cannot register API 'Wireless:BlueNRG-MS' from pack STMicroelectronics.X-CUBE-BLE1.7.1.0: no header file found
2026-08-10 08:06:06,409 [WARN] ApiManager:294 - Cannot register API 'Wireless:STM32WB05N' from pack STMicroelectronics.X-CUBE-WB05N.1.1.0: no header file found
2026-08-10 08:06:06,409 [WARN] ApiManager:294 - Cannot register API 'Board Extension:EEPRMA2' from pack STMicroelectronics.X-CUBE-EEPRMA1.5.2.0: no header file found
2026-08-10 08:06:06,409 [WARN] ApiManager:294 - Cannot register API 'Board Extension:PGEEZ1' from pack STMicroelectronics.X-CUBE-EEPRMA1.5.2.0: no header file found
2026-08-10 08:06:06,409 [WARN] ApiManager:294 - Cannot register API 'Board Extension:EEICA1' from pack STMicroelectronics.X-CUBE-EEPRMA1.5.2.0: no header file found
2026-08-10 08:06:06,409 [WARN] ApiManager:294 - Cannot register API 'Board Part:M24' from pack STMicroelectronics.X-CUBE-EEPRMA1.5.2.0: no header file found
2026-08-10 08:06:06,409 [WARN] ApiManager:294 - Cannot register API 'Board Part:M95' from pack STMicroelectronics.X-CUBE-EEPRMA1.5.2.0: no header file found
2026-08-10 08:06:06,409 [WARN] ApiManager:294 - Cannot register API 'Board Part:M95P32' from pack STMicroelectronics.X-CUBE-EEPRMA1.5.2.0: no header file found
2026-08-10 08:06:06,409 [WARN] ApiManager:294 - Cannot register API 'Board Part:M24256E-F' from pack STMicroelectronics.X-CUBE-EEPRMA1.5.2.0: no header file found
2026-08-10 08:06:06,409 [WARN] ApiManager:294 - Cannot register API 'Board Part:M24M01E-F' from pack STMicroelectronics.X-CUBE-EEPRMA1.5.2.0: no header file found
2026-08-10 08:06:06,409 [WARN] ApiManager:294 - Cannot register API 'PGEEZ1:SPI' from pack STMicroelectronics.X-CUBE-EEPRMA1.5.2.0: no header file found
2026-08-10 08:06:06,409 [WARN] ApiManager:294 - Cannot register API 'PGEEZ1:QDSPI' from pack STMicroelectronics.X-CUBE-EEPRMA1.5.2.0: no header file found
2026-08-10 08:06:06,409 [WARN] ApiManager:294 - Cannot register API 'Board Extension:GNSS1A1' from pack STMicroelectronics.X-CUBE-GNSS1.7.0.1: no header file found
2026-08-10 08:06:06,409 [WARN] ApiManager:294 - Cannot register API 'Board Support:Custom' from pack STMicroelectronics.X-CUBE-GNSS1.7.0.1: no header file found
2026-08-10 08:06:06,409 [WARN] ApiManager:294 - Cannot register API 'Data Exchange:lib_gnss' from pack STMicroelectronics.X-CUBE-GNSS1.7.0.1: no header file found
2026-08-10 08:06:06,409 [WARN] ApiManager:294 - Cannot register API 'Board Extension:NFC12A1' from pack STMicroelectronics.X-CUBE-NFC12.1.0.0: no header file found
2026-08-10 08:06:06,409 [WARN] ApiManager:294 - Cannot register API 'Board Extension:NFC06A1' from pack STMicroelectronics.X-CUBE-NFC6.3.1.0: no header file found
2026-08-10 08:06:06,409 [WARN] ApiManager:294 - Cannot register API 'Board Extension:NFC08A1' from pack STMicroelectronics.X-CUBE-NFC6.3.1.0: no header file found
2026-08-10 08:06:06,424 [WARN] ApiManager:294 - Cannot register API 'Board Extension:IKS02A1' from pack STMicroelectronics.X-CUBE-MEMS1.12.0.0: no header file found
2026-08-10 08:06:06,424 [WARN] ApiManager:294 - Cannot register API 'Board Extension:IKS4A1' from pack STMicroelectronics.X-CUBE-MEMS1.12.0.0: no header file found
2026-08-10 08:06:06,424 [WARN] ApiManager:294 - Cannot register API 'Board Extension:IKS5A1' from pack STMicroelectronics.X-CUBE-MEMS1.12.0.0: no header file found
2026-08-10 08:06:06,440 [WARN] ApiManager:294 - Cannot register API 'Board Extension:SAFEA1' from pack STMicroelectronics.X-CUBE-STSE01.2.0.0: no header file found
2026-08-10 08:06:06,440 [WARN] ApiManager:294 - Cannot register API 'Board Extension:ESE01A1' from pack STMicroelectronics.X-CUBE-STSE01.2.0.0: no header file found
2026-08-10 08:06:06,440 [WARN] ApiManager:294 - Cannot register API 'Board Extension:ESE02A1' from pack STMicroelectronics.X-CUBE-STSE01.2.0.0: no header file found
2026-08-10 08:06:06,440 [WARN] ApiManager:294 - Cannot register API 'Board Part:STSAFEA110' from pack STMicroelectronics.X-CUBE-STSE01.2.0.0: no header file found
2026-08-10 08:06:06,440 [WARN] ApiManager:294 - Cannot register API 'Board Part:STSAFEA120' from pack STMicroelectronics.X-CUBE-STSE01.2.0.0: no header file found
2026-08-10 08:06:06,440 [WARN] ApiManager:294 - Cannot register API 'Board Part:STSAFEL010' from pack STMicroelectronics.X-CUBE-STSE01.2.0.0: no header file found
2026-08-10 08:06:06,440 [WARN] ApiManager:294 - Cannot register API 'Security:STM32_Cryptographic' from pack STMicroelectronics.X-CUBE-STSE01.2.0.0: no header file found
2026-08-10 08:06:06,440 [WARN] ApiManager:294 - Cannot register API 'Security:STSELib' from pack STMicroelectronics.X-CUBE-STSE01.2.0.0: no header file found
2026-08-10 08:06:06,456 [WARN] ApiManager:294 - Cannot register API 'Board Extension:IKS01A3' from pack STMicroelectronics.X-CUBE-MEMS1.11.2.0: no header file found
2026-08-10 08:06:06,456 [WARN] ApiManager:294 - Cannot register API 'Board Extension:IKS02A1' from pack STMicroelectronics.X-CUBE-MEMS1.11.2.0: no header file found
2026-08-10 08:06:06,456 [WARN] ApiManager:294 - Cannot register API 'Board Extension:IKS4A1' from pack STMicroelectronics.X-CUBE-MEMS1.11.2.0: no header file found
2026-08-10 08:06:06,456 [INFO] RtosManager:464 - Registered RTOS mode: class=CMSIS, group=RTOS, mode=CMSIS_V1, owner=FREERTOS
2026-08-10 08:06:06,456 [INFO] RtosManager:464 - Registered RTOS mode: class=CMSIS, group=RTOS2, mode=CMSIS_V2, owner=FREERTOS
2026-08-10 08:06:06,456 [INFO] RtosManager:464 - Registered RTOS mode: class=RTOS, group=Core, mode=CMSIS_V1, owner=FREERTOS
2026-08-10 08:06:06,456 [INFO] RtosManager:464 - Registered RTOS mode: class=RTOS, group=Core, mode=CMSIS_V2, owner=FREERTOS
2026-08-10 08:06:06,456 [WARN] ModelIntegratedComponent:182 - Missing modes for component STMicroelectronics:FreeRTOS:0.0.1:STMicroelectronics:RTOS:FreeRTOS:Core:::10.2.0:
2026-08-10 08:06:06,456 [WARN] ApiManager:294 - Cannot register API 'Board Extension:STSAFEA1' from pack STMicroelectronics.X-CUBE-SAFEA1.1.2.2: no header file found
2026-08-10 08:06:06,456 [WARN] ApiManager:294 - Cannot register API 'Board Part:STSAFEA110' from pack STMicroelectronics.X-CUBE-SAFEA1.1.2.2: no header file found
2026-08-10 08:06:06,456 [WARN] ApiManager:294 - Cannot register API 'Security:ST_Cryptolib' from pack STMicroelectronics.X-CUBE-SAFEA1.1.2.2: no header file found
2026-08-10 08:06:06,456 [WARN] ApiManager:294 - Cannot register API 'Security:MbedTLS' from pack STMicroelectronics.X-CUBE-SAFEA1.1.2.2: no header file found
2026-08-10 08:06:06,456 [WARN] ApiManager:294 - Cannot register API 'Board Extension:NFC04A1' from pack STMicroelectronics.X-CUBE-NFC4.3.0.0: no header file found
2026-08-10 08:06:06,471 [WARN] ApiManager:294 - Cannot register API 'Board Extension:S2868A1' from pack STMicroelectronics.X-CUBE-SUBG2.5.0.0: no header file found
2026-08-10 08:06:06,471 [WARN] ApiManager:294 - Cannot register API 'Board Extension:S2868A2' from pack STMicroelectronics.X-CUBE-SUBG2.5.0.0: no header file found
2026-08-10 08:06:06,471 [WARN] ApiManager:294 - Cannot register API 'Board Extension:S2915A1' from pack STMicroelectronics.X-CUBE-SUBG2.5.0.0: no header file found
2026-08-10 08:06:06,487 [WARN] ApiManager:294 - Cannot register API 'Board Extension:IKS02A1' from pack STMicroelectronics.X-CUBE-MEMS1.13.0.0: no header file found
2026-08-10 08:06:06,487 [WARN] ApiManager:294 - Cannot register API 'Board Extension:IKS4A1' from pack STMicroelectronics.X-CUBE-MEMS1.13.0.0: no header file found
2026-08-10 08:06:06,487 [WARN] ApiManager:294 - Cannot register API 'Board Extension:IKS5A1' from pack STMicroelectronics.X-CUBE-MEMS1.13.0.0: no header file found
2026-08-10 08:06:06,487 [WARN] ApiManager:294 - Cannot register API 'Wireless:STM32WB05N' from pack STMicroelectronics.X-CUBE-WB05N.2.0.0: no header file found
2026-08-10 08:06:06,487 [WARN] ApiManager:294 - Cannot register API 'Board Extension:NFC07A1' from pack STMicroelectronics.X-CUBE-NFC7.2.0.0: no header file found
2026-08-10 08:06:06,487 [WARN] ApiManager:294 - Cannot register API 'Board Extension:GNSS1A1' from pack STMicroelectronics.X-CUBE-GNSS1.7.1.1: no header file found
2026-08-10 08:06:06,487 [WARN] ApiManager:294 - Cannot register API 'Board Support:Custom' from pack STMicroelectronics.X-CUBE-GNSS1.7.1.1: no header file found
2026-08-10 08:06:06,487 [WARN] ApiManager:294 - Cannot register API 'Data Exchange:lib_gnss' from pack STMicroelectronics.X-CUBE-GNSS1.7.1.1: no header file found
2026-08-10 08:06:06,487 [WARN] ApiManager:294 - Cannot register API 'Wireless:BlueNRG-MS' from pack STMicroelectronics.X-CUBE-BLE1.7.0.0: no header file found
2026-08-10 08:06:06,487 [WARN] ApiManager:294 - Cannot register API 'Board Extension:NFC10A1' from pack STMicroelectronics.X-CUBE-NFC10.1.0.0: no header file found
2026-08-10 08:06:06,487 [WARN] ApiManager:294 - Cannot register API 'Board Extension:EEPRMA2' from pack STMicroelectronics.X-CUBE-EEPRMA1.5.1.0: no header file found
2026-08-10 08:06:06,487 [WARN] ApiManager:294 - Cannot register API 'Board Extension:PGEEZ1' from pack STMicroelectronics.X-CUBE-EEPRMA1.5.1.0: no header file found
2026-08-10 08:06:06,487 [WARN] ApiManager:294 - Cannot register API 'Board Extension:EEICA1' from pack STMicroelectronics.X-CUBE-EEPRMA1.5.1.0: no header file found
2026-08-10 08:06:06,487 [WARN] ApiManager:294 - Cannot register API 'Board Part:M24' from pack STMicroelectronics.X-CUBE-EEPRMA1.5.1.0: no header file found
2026-08-10 08:06:06,487 [WARN] ApiManager:294 - Cannot register API 'Board Part:M95' from pack STMicroelectronics.X-CUBE-EEPRMA1.5.1.0: no header file found
2026-08-10 08:06:06,487 [WARN] ApiManager:294 - Cannot register API 'Board Part:M95P32' from pack STMicroelectronics.X-CUBE-EEPRMA1.5.1.0: no header file found
2026-08-10 08:06:06,487 [WARN] ApiManager:294 - Cannot register API 'Board Part:M24256E-F' from pack STMicroelectronics.X-CUBE-EEPRMA1.5.1.0: no header file found
2026-08-10 08:06:06,487 [WARN] ApiManager:294 - Cannot register API 'Board Part:M24M01E-F' from pack STMicroelectronics.X-CUBE-EEPRMA1.5.1.0: no header file found
2026-08-10 08:06:06,487 [WARN] ApiManager:294 - Cannot register API 'PGEEZ1:SPI' from pack STMicroelectronics.X-CUBE-EEPRMA1.5.1.0: no header file found
2026-08-10 08:06:06,487 [WARN] ApiManager:294 - Cannot register API 'PGEEZ1:QDSPI' from pack STMicroelectronics.X-CUBE-EEPRMA1.5.1.0: no header file found
2026-08-10 08:06:06,487 [WARN] ModelIntegratedComponent:51 - No mode defined for component null
2026-08-10 08:06:06,487 [WARN] ModelIntegratedComponent:51 - No mode defined for component null
2026-08-10 08:06:06,487 [WARN] ModelIntegratedComponent:51 - No mode defined for component null
2026-08-10 08:06:06,487 [WARN] ModelIntegratedComponent:51 - No mode defined for component null
2026-08-10 08:06:06,487 [WARN] ModelIntegratedComponent:51 - No mode defined for component null
2026-08-10 08:06:06,487 [WARN] ModelIntegratedComponent:51 - No mode defined for component null
2026-08-10 08:06:06,487 [WARN] ModelIntegratedComponent:51 - No mode defined for component null
2026-08-10 08:06:06,487 [WARN] ModelIntegratedComponent:51 - No mode defined for component null
2026-08-10 08:06:06,487 [WARN] ModelIntegratedComponent:51 - No mode defined for component null
2026-08-10 08:06:06,487 [WARN] ModelIntegratedComponent:51 - No mode defined for component null
2026-08-10 08:06:06,487 [WARN] ModelIntegratedComponent:51 - No mode defined for component null
2026-08-10 08:06:06,487 [WARN] ModelIntegratedComponent:51 - No mode defined for component null
2026-08-10 08:06:06,487 [WARN] ModelIntegratedComponent:51 - No mode defined for component null
2026-08-10 08:06:06,487 [WARN] ModelIntegratedComponent:51 - No mode defined for component null
2026-08-10 08:06:06,487 [WARN] ModelIntegratedComponent:51 - No mode defined for component null
2026-08-10 08:06:06,487 [WARN] ModelIntegratedComponent:51 - No mode defined for component null
2026-08-10 08:06:06,487 [WARN] ModelIntegratedComponent:51 - No mode defined for component null
2026-08-10 08:06:06,487 [WARN] ModelIntegratedComponent:51 - No mode defined for component null
2026-08-10 08:06:06,487 [WARN] ModelIntegratedComponent:51 - No mode defined for component null
2026-08-10 08:06:06,487 [WARN] ModelIntegratedComponent:51 - No mode defined for component null
2026-08-10 08:06:06,487 [WARN] ModelIntegratedComponent:51 - No mode defined for component null
2026-08-10 08:06:06,487 [WARN] ModelIntegratedComponent:51 - No mode defined for component null
2026-08-10 08:06:06,487 [WARN] ModelIntegratedComponent:51 - No mode defined for component null
2026-08-10 08:06:06,487 [WARN] ModelIntegratedComponent:51 - No mode defined for component null
2026-08-10 08:06:06,487 [WARN] ModelIntegratedComponent:51 - No mode defined for component null
2026-08-10 08:06:06,487 [WARN] ModelIntegratedComponent:51 - No mode defined for component null
2026-08-10 08:06:06,487 [WARN] ModelIntegratedComponent:51 - No mode defined for component null
2026-08-10 08:06:06,487 [WARN] ModelIntegratedComponent:51 - No mode defined for component null
2026-08-10 08:06:06,487 [WARN] ModelIntegratedComponent:51 - No mode defined for component null
2026-08-10 08:06:06,502 [WARN] ModelIntegratedComponent:51 - No mode defined for component null
2026-08-10 08:06:06,502 [WARN] ModelIntegratedComponent:51 - No mode defined for component null
2026-08-10 08:06:06,502 [WARN] ModelIntegratedComponent:51 - No mode defined for component null
2026-08-10 08:06:06,502 [WARN] ModelIntegratedComponent:51 - No mode defined for component null
2026-08-10 08:06:06,502 [WARN] ModelIntegratedComponent:51 - No mode defined for component null
2026-08-10 08:06:06,502 [WARN] ModelIntegratedComponent:51 - No mode defined for component null
2026-08-10 08:06:06,502 [WARN] ModelIntegratedComponent:51 - No mode defined for component null
2026-08-10 08:06:06,502 [WARN] ModelIntegratedComponent:51 - No mode defined for component null
2026-08-10 08:06:06,502 [WARN] ModelIntegratedComponent:51 - No mode defined for component null
2026-08-10 08:06:06,502 [WARN] ApiManager:294 - Cannot register API 'Board Extension:NFC07A1' from pack STMicroelectronics.X-CUBE-NFC7.1.0.1: no header file found
2026-08-10 08:06:06,502 [WARN] ApiManager:294 - Cannot register API 'Board Extension:GNSS1A1' from pack STMicroelectronics.X-CUBE-GNSS1.7.1.0: no header file found
2026-08-10 08:06:06,502 [WARN] ApiManager:294 - Cannot register API 'Board Support:Custom' from pack STMicroelectronics.X-CUBE-GNSS1.7.1.0: no header file found
2026-08-10 08:06:06,502 [WARN] ApiManager:294 - Cannot register API 'Data Exchange:lib_gnss' from pack STMicroelectronics.X-CUBE-GNSS1.7.1.0: no header file found
2026-08-10 08:06:06,502 [WARN] ApiManager:294 - Cannot register API 'Board Extension:SAFEA1' from pack STMicroelectronics.X-CUBE-STSE01.1.0.0: no header file found
2026-08-10 08:06:06,502 [WARN] ApiManager:294 - Cannot register API 'Board Extension:ESE01A1' from pack STMicroelectronics.X-CUBE-STSE01.1.0.0: no header file found
2026-08-10 08:06:06,502 [WARN] ApiManager:294 - Cannot register API 'Board Part:STSAFEA110' from pack STMicroelectronics.X-CUBE-STSE01.1.0.0: no header file found
2026-08-10 08:06:06,502 [WARN] ApiManager:294 - Cannot register API 'Board Part:STSAFEA120' from pack STMicroelectronics.X-CUBE-STSE01.1.0.0: no header file found
2026-08-10 08:06:06,502 [WARN] ApiManager:294 - Cannot register API 'Security:STM32_Cryptographic' from pack STMicroelectronics.X-CUBE-STSE01.1.0.0: no header file found
2026-08-10 08:06:06,502 [WARN] ApiManager:294 - Cannot register API 'Security:STSELib' from pack STMicroelectronics.X-CUBE-STSE01.1.0.0: no header file found
2026-08-10 08:06:06,502 [WARN] ApiManager:294 - Cannot register API 'Board Extension:NFC06A1' from pack STMicroelectronics.X-CUBE-NFC6.3.2.0: no header file found
2026-08-10 08:06:06,502 [WARN] ApiManager:294 - Cannot register API 'Board Extension:NFC08A1' from pack STMicroelectronics.X-CUBE-NFC6.3.2.0: no header file found
2026-08-10 08:06:06,518 [WARN] ApiManager:294 - Cannot register API 'Board Extension:IKS02A1' from pack STMicroelectronics.X-CUBE-MEMS1.12.1.0: no header file found
2026-08-10 08:06:06,518 [WARN] ApiManager:294 - Cannot register API 'Board Extension:IKS4A1' from pack STMicroelectronics.X-CUBE-MEMS1.12.1.0: no header file found
2026-08-10 08:06:06,518 [WARN] ApiManager:294 - Cannot register API 'Board Extension:IKS5A1' from pack STMicroelectronics.X-CUBE-MEMS1.12.1.0: no header file found
2026-08-10 08:06:06,534 [WARN] ApiManager:294 - Cannot register API 'Board Extension:IKS01A3' from pack STMicroelectronics.X-CUBE-MEMS1.11.1.0: no header file found
2026-08-10 08:06:06,534 [WARN] ApiManager:294 - Cannot register API 'Board Extension:IKS02A1' from pack STMicroelectronics.X-CUBE-MEMS1.11.1.0: no header file found
2026-08-10 08:06:06,534 [WARN] ApiManager:294 - Cannot register API 'Board Extension:IKS4A1' from pack STMicroelectronics.X-CUBE-MEMS1.11.1.0: no header file found
2026-08-10 08:06:06,565 [WARN] ApiManager:294 - Cannot register API 'Board Extension:IKS01A3' from pack STMicroelectronics.X-CUBE-MEMS1.11.3.0: no header file found
2026-08-10 08:06:06,565 [WARN] ApiManager:294 - Cannot register API 'Board Extension:IKS02A1' from pack STMicroelectronics.X-CUBE-MEMS1.11.3.0: no header file found
2026-08-10 08:06:06,565 [WARN] ApiManager:294 - Cannot register API 'Board Extension:IKS4A1' from pack STMicroelectronics.X-CUBE-MEMS1.11.3.0: no header file found
2026-08-10 08:06:06,580 [WARN] ApiManager:294 - Cannot register API 'Board Extension:S2868A1' from pack STMicroelectronics.X-CUBE-SFXS2LP1.4.0.0: no header file found
2026-08-10 08:06:06,580 [WARN] ApiManager:294 - Cannot register API 'Board Extension:S2868A2' from pack STMicroelectronics.X-CUBE-SFXS2LP1.4.0.0: no header file found
2026-08-10 08:06:06,580 [WARN] ApiManager:294 - Cannot register API 'Board Extension:S2915A1' from pack STMicroelectronics.X-CUBE-SFXS2LP1.4.0.0: no header file found
2026-08-10 08:06:06,580 [WARN] ApiManager:294 - Cannot register API 'Wireless:BlueNRG-2' from pack STMicroelectronics.X-CUBE-BLE2.3.3.0: no header file found
2026-08-10 08:06:06,580 [WARN] ApiManager:294 - Cannot register API 'Board Extension:NFC13A1' from pack STMicroelectronics.X-CUBE-NFC13.1.0.0: no header file found
2026-08-10 08:06:06,580 [WARN] ApiManager:294 - Cannot register API 'Wireless:STM32WB05N' from pack STMicroelectronics.X-CUBE-WB05N.2.1.0: no header file found
2026-08-10 08:06:08,607 [INFO] UtilMem:74 - End LoadConfig() Used Memory: 201615752 Bytes (1073741824)
2026-08-10 08:06:08,607 [INFO] DbMcusXml:97 - Load MCU database from C:\ST\STM32CubeIDE_1.5.1\STM32CubeIDE\plugins\com.st.stm32cube.common.mx_6.1.1.202012091304\\db\/mcu/families.xml
2026-08-10 08:06:08,903 [INFO] DbMcusJson:92 - JSON generation date=Tue Nov 16 13:17:54 BRT 2021 (1637079474)
2026-08-10 08:06:09,202 [INFO] DbMcus:176 - Found 1835 MCUs (1796 are supported by CubeMX, 1920 are visible in CubeMX)
2026-08-10 08:06:09,202 [INFO] ApiDb:238 - Load user favorites file C:\Users\Alunos/.stm32cubeide/favorites.mcus.txt: 1 item(s)
2026-08-10 08:06:09,202 [INFO] ApiDb:242 - User favorites MCUs=[STM32F103C8Tx]
2026-08-10 08:06:09,202 [INFO] DbMcus:188 - Set 1 / 1 favorites MCUs
2026-08-10 08:06:09,212 [WARN] ThirdParty:749 - waiting for thirdparty lock release [change project]
2026-08-10 08:06:09,212 [INFO] ThirdParty:751 - entering critical section [change project]
2026-08-10 08:06:09,212 [INFO] ThirdParty:939 - CMSIS Pack Vendor :STMicroelectronics X-CUBE-AZRTOS-H7 3.5.0
2026-08-10 08:06:09,212 [INFO] ThirdParty:939 - CMSIS Pack Vendor :STMicroelectronics X-CUBE-PM33A1 1.0.0
2026-08-10 08:06:09,212 [INFO] ThirdParty:939 - CMSIS Pack Vendor :STMicroelectronics X-CUBE-AZRTOS-H7 3.3.0
2026-08-10 08:06:09,212 [INFO] ThirdParty:939 - CMSIS Pack Vendor :STMicroelectronics X-CUBE-NFC9 1.0.0
2026-08-10 08:06:09,212 [INFO] ThirdParty:939 - CMSIS Pack Vendor :STMicroelectronics USB_HOST 2.0.0
2026-08-10 08:06:09,212 [INFO] ThirdParty:939 - CMSIS Pack Vendor :STMicroelectronics FP-ATR-ASTRA1 2.0.3
2026-08-10 08:06:09,212 [INFO] ThirdParty:939 - CMSIS Pack Vendor :STMicroelectronics X-CUBE-AZRTOS-F4 1.1.0
2026-08-10 08:06:09,212 [INFO] ThirdParty:939 - CMSIS Pack Vendor :STMicroelectronics FP-ATR-ASTRA1 2.0.2
2026-08-10 08:06:09,212 [INFO] ThirdParty:939 - CMSIS Pack Vendor :STMicroelectronics FP-ATR-ASTRA1 2.0.1
2026-08-10 08:06:09,212 [INFO] ThirdParty:939 - CMSIS Pack Vendor :STMicroelectronics X-CUBE-BLE1 7.1.0
2026-08-10 08:06:09,212 [INFO] ThirdParty:939 - CMSIS Pack Vendor :STMicroelectronics X-CUBE-WB05N 1.1.0
2026-08-10 08:06:09,212 [INFO] ThirdParty:939 - CMSIS Pack Vendor :wolfSSL I-CUBE-wolfMQTT 1.19.2
2026-08-10 08:06:09,212 [INFO] ThirdParty:939 - CMSIS Pack Vendor :STMicroelectronics USB_DEVICE 3.0.0
2026-08-10 08:06:09,212 [INFO] ThirdParty:939 - CMSIS Pack Vendor :STMicroelectronics X-CUBE-ISPU 2.1.0
2026-08-10 08:06:09,212 [INFO] ThirdParty:939 - CMSIS Pack Vendor :STMicroelectronics X-CUBE-EEPRMA1 5.2.0
2026-08-10 08:06:09,212 [INFO] ThirdParty:939 - CMSIS Pack Vendor :STMicroelectronics X-CUBE-AZRTOS-WB 2.0.0
2026-08-10 08:06:09,212 [INFO] ThirdParty:939 - CMSIS Pack Vendor :STMicroelectronics X-CUBE-GNSS1 7.0.1
2026-08-10 08:06:09,212 [INFO] ThirdParty:939 - CMSIS Pack Vendor :STMicroelectronics X-CUBE-NFC12 1.0.0
2026-08-10 08:06:09,212 [INFO] ThirdParty:939 - CMSIS Pack Vendor :STMicroelectronics X-CUBE-AZRTOS-F7 1.1.0
2026-08-10 08:06:09,212 [INFO] ThirdParty:939 - CMSIS Pack Vendor :STMicroelectronics X-CUBE-AZRTOS-L5 2.0.0
2026-08-10 08:06:09,212 [INFO] ThirdParty:939 - CMSIS Pack Vendor :STMicroelectronics X-CUBE-TOUCHGFX 4.25.0
2026-08-10 08:06:09,212 [INFO] ThirdParty:939 - CMSIS Pack Vendor :STMicroelectronics USB_DEVICE 2.0.0
2026-08-10 08:06:09,212 [INFO] ThirdParty:939 - CMSIS Pack Vendor :STMicroelectronics X-CUBE-NFC6 3.1.0
2026-08-10 08:06:09,212 [INFO] ThirdParty:939 - CMSIS Pack Vendor :STMicroelectronics X-CUBE-AI 10.1.0
2026-08-10 08:06:09,212 [INFO] ThirdParty:939 - CMSIS Pack Vendor :STMicroelectronics X-CUBE-MEMS1 12.0.0
2026-08-10 08:06:09,212 [INFO] ThirdParty:939 - CMSIS Pack Vendor :STMicroelectronics X-CUBE-STSE01 2.0.0
2026-08-10 08:06:09,212 [INFO] ThirdParty:939 - CMSIS Pack Vendor :STMicroelectronics X-CUBE-ALGOBUILD 1.5.0
2026-08-10 08:06:09,212 [INFO] ThirdParty:939 - CMSIS Pack Vendor :STMicroelectronics X-CUBE-MEMS1 11.2.0
2026-08-10 08:06:09,212 [INFO] ThirdParty:939 - CMSIS Pack Vendor :STMicroelectronics FreeRTOS 0.0.1
2026-08-10 08:06:09,212 [INFO] ThirdParty:939 - CMSIS Pack Vendor :STMicroelectronics X-CUBE-AZRTOS-H7RS 1.3.0
2026-08-10 08:06:09,212 [INFO] ThirdParty:939 - CMSIS Pack Vendor :STMicroelectronics X-CUBE-AZRTOS-G0 1.1.0
2026-08-10 08:06:09,212 [INFO] ThirdParty:939 - CMSIS Pack Vendor :STMicroelectronics X-CUBE-SAFEA1 1.2.2
2026-08-10 08:06:09,212 [INFO] ThirdParty:939 - CMSIS Pack Vendor :STMicroelectronics X-CUBE-NFC4 3.0.0
2026-08-10 08:06:09,212 [INFO] ThirdParty:939 - CMSIS Pack Vendor :STMicroelectronics X-CUBE-SUBG2 5.0.0
2026-08-10 08:06:09,212 [INFO] ThirdParty:939 - CMSIS Pack Vendor :STMicroelectronics X-CUBE-AZRTOS-H7RS 1.1.0
2026-08-10 08:06:09,212 [INFO] ThirdParty:939 - CMSIS Pack Vendor :STMicroelectronics lwIP 2.0.3
2026-08-10 08:06:09,212 [INFO] ThirdParty:939 - CMSIS Pack Vendor :STMicroelectronics X-CUBE-MEMS1 13.0.0
2026-08-10 08:06:09,212 [INFO] ThirdParty:939 - CMSIS Pack Vendor :STMicroelectronics USB_HOST 1.0.0
2026-08-10 08:06:09,212 [INFO] ThirdParty:939 - CMSIS Pack Vendor :STMicroelectronics X-CUBE-AZRTOS-G4 2.0.0
2026-08-10 08:06:09,212 [INFO] ThirdParty:939 - CMSIS Pack Vendor :STMicroelectronics X-CUBE-WB05N 2.0.0
2026-08-10 08:06:09,212 [INFO] ThirdParty:939 - CMSIS Pack Vendor :STMicroelectronics PDM2PCM 3.1.0
2026-08-10 08:06:09,212 [INFO] ThirdParty:939 - CMSIS Pack Vendor :STMicroelectronics PDM2PCM 3.3.0
2026-08-10 08:06:09,212 [INFO] ThirdParty:939 - CMSIS Pack Vendor :wolfSSL I-CUBE-wolfTPM 3.8.0
2026-08-10 08:06:09,212 [INFO] ThirdParty:939 - CMSIS Pack Vendor :STMicroelectronics X-CUBE-AZRTOS-H7 3.4.0
2026-08-10 08:06:09,212 [INFO] ThirdParty:939 - CMSIS Pack Vendor :wolfSSL I-CUBE-wolfSSH 1.4.20
2026-08-10 08:06:09,212 [INFO] ThirdParty:939 - CMSIS Pack Vendor :STMicroelectronics X-CUBE-NFC7 2.0.0
2026-08-10 08:06:09,212 [INFO] ThirdParty:939 - CMSIS Pack Vendor :STMicroelectronics X-CUBE-GNSS1 7.1.1
2026-08-10 08:06:09,212 [INFO] ThirdParty:939 - CMSIS Pack Vendor :STMicroelectronics X-CUBE-BLE1 7.0.0
2026-08-10 08:06:09,212 [INFO] ThirdParty:939 - CMSIS Pack Vendor :STMicroelectronics FP-ATR-SIGFOX1 3.2.0
2026-08-10 08:06:09,212 [INFO] ThirdParty:939 - CMSIS Pack Vendor :STMicroelectronics X-CUBE-NFC10 1.0.0
2026-08-10 08:06:09,212 [INFO] ThirdParty:939 - CMSIS Pack Vendor :STMicroelectronics X-CUBE-EEPRMA1 5.1.0
2026-08-10 08:06:09,212 [INFO] ThirdParty:939 - CMSIS Pack Vendor :STMicroelectronics HAL Drivers 0.0.0
2026-08-10 08:06:09,212 [INFO] ThirdParty:939 - CMSIS Pack Vendor :STMicroelectronics MBEDTLS 2.16.2
2026-08-10 08:06:09,212 [INFO] ThirdParty:939 - CMSIS Pack Vendor :STMicroelectronics X-CUBE-NFC7 1.0.1
2026-08-10 08:06:09,212 [INFO] ThirdParty:939 - CMSIS Pack Vendor :STMicroelectronics MBEDTLS 2.14.1
2026-08-10 08:06:09,212 [INFO] ThirdParty:939 - CMSIS Pack Vendor :STMicroelectronics X-CUBE-GNSS1 7.1.0
2026-08-10 08:06:09,212 [INFO] ThirdParty:939 - CMSIS Pack Vendor :wolfSSL I-CUBE-wolfSSL 5.7.6
2026-08-10 08:06:09,212 [INFO] ThirdParty:939 - CMSIS Pack Vendor :STMicroelectronics X-CUBE-TOUCHGFX 4.26.0
2026-08-10 08:06:09,212 [INFO] ThirdParty:939 - CMSIS Pack Vendor :STMicroelectronics X-CUBE-TOUCHGFX 4.24.2
2026-08-10 08:06:09,212 [INFO] ThirdParty:939 - CMSIS Pack Vendor :STMicroelectronics X-CUBE-STSE01 1.0.0
2026-08-10 08:06:09,212 [INFO] ThirdParty:939 - CMSIS Pack Vendor :STMicroelectronics X-CUBE-TOUCHGFX 4.26.1
2026-08-10 08:06:09,212 [INFO] ThirdParty:939 - CMSIS Pack Vendor :portGmbH I-Cube-SoM-uGOAL 1.1.0
2026-08-10 08:06:09,212 [INFO] ThirdParty:939 - CMSIS Pack Vendor :STMicroelectronics X-CUBE-NFC6 3.2.0
2026-08-10 08:06:09,212 [INFO] ThirdParty:939 - CMSIS Pack Vendor :STMicroelectronics X-CUBE-AI 10.0.0
2026-08-10 08:06:09,212 [INFO] ThirdParty:939 - CMSIS Pack Vendor :STMicroelectronics X-CUBE-AI 10.2.1
2026-08-10 08:06:09,212 [INFO] ThirdParty:939 - CMSIS Pack Vendor :STMicroelectronics X-CUBE-AI 10.2.0
2026-08-10 08:06:09,212 [INFO] ThirdParty:939 - CMSIS Pack Vendor :STMicroelectronics X-CUBE-MEMS1 12.1.0
2026-08-10 08:06:09,212 [INFO] ThirdParty:939 - CMSIS Pack Vendor :STMicroelectronics X-CUBE-MEMS1 11.1.0
2026-08-10 08:06:09,212 [INFO] ThirdParty:939 - CMSIS Pack Vendor :STMicroelectronics X-CUBE-AZRTOS-WL 2.0.0
2026-08-10 08:06:09,212 [INFO] ThirdParty:939 - CMSIS Pack Vendor :SEGGER I-CUBE-embOS 1.3.1
2026-08-10 08:06:09,212 [INFO] ThirdParty:939 - CMSIS Pack Vendor :STMicroelectronics X-CUBE-ALGOBUILD 1.4.0
2026-08-10 08:06:09,212 [INFO] ThirdParty:939 - CMSIS Pack Vendor :STMicroelectronics X-CUBE-MEMS1 11.3.0
2026-08-10 08:06:09,212 [INFO] ThirdParty:939 - CMSIS Pack Vendor :STMicroelectronics USB_DEVICE 1.0.0
2026-08-10 08:06:09,212 [INFO] ThirdParty:939 - CMSIS Pack Vendor :STMicroelectronics X-CUBE-AZRTOS-H7RS 1.2.0
2026-08-10 08:06:09,212 [INFO] ThirdParty:939 - CMSIS Pack Vendor :STMicroelectronics X-CUBE-AZRTOS-H7RS 1.0.0
2026-08-10 08:06:09,212 [INFO] ThirdParty:939 - CMSIS Pack Vendor :STMicroelectronics X-CUBE-AZRTOS-L4 2.0.0
2026-08-10 08:06:09,212 [INFO] ThirdParty:939 - CMSIS Pack Vendor :WES I-CUBE-Cesium 1.3.0
2026-08-10 08:06:09,212 [INFO] ThirdParty:939 - CMSIS Pack Vendor :STMicroelectronics lwIP 2.1.2
2026-08-10 08:06:09,212 [INFO] ThirdParty:939 - CMSIS Pack Vendor :STMicroelectronics X-CUBE-SFXS2LP1 4.0.0
2026-08-10 08:06:09,212 [INFO] ThirdParty:939 - CMSIS Pack Vendor :STMicroelectronics X-CUBE-BLE2 3.3.0
2026-08-10 08:06:09,212 [INFO] ThirdParty:939 - CMSIS Pack Vendor :STMicroelectronics X-CUBE-NFC13 1.0.0
2026-08-10 08:06:09,212 [INFO] ThirdParty:939 - CMSIS Pack Vendor :STMicroelectronics PDM2PCM 3.2.0
2026-08-10 08:06:09,212 [INFO] ThirdParty:939 - CMSIS Pack Vendor :STMicroelectronics X-CUBE-WB05N 2.1.0
2026-08-10 08:06:09,212 [INFO] ThirdParty:757 - exiting critical section [change project]
2026-08-10 08:06:09,337 [INFO] PinOutPanel:1434 - setPackage(No Configuration,No Configuration)
2026-08-10 08:06:09,337 [INFO] PinOutPanel:1434 - setPackage(STM32F103C8Tx,LQFP48)
2026-08-10 08:06:09,525 [INFO] UtilMem:74 - Before build in PCC Used Memory: 814976152 Bytes (1073741824)
2026-08-10 08:06:09,791 [INFO] SharedServices:72 - Folder for power plug-in: C:/Users/Alunos/.stm32cubemx/plugins/power
2026-08-10 08:06:09,806 [INFO] SharedServices:72 - Folder for power plug-in: C:/Users/Alunos/.stm32cubemx/plugins/power
2026-08-10 08:06:09,837 [INFO] SharedServices:72 - Folder for power plug-in: C:/Users/Alunos/.stm32cubemx/plugins/power
2026-08-10 08:06:09,837 [INFO] SharedServices:72 - Folder for power plug-in: C:/Users/Alunos/.stm32cubemx/plugins/power
2026-08-10 08:06:09,994 [INFO] UtilMem:74 - After build in PCC Used Memory: 891105608 Bytes (1073741824)
2026-08-10 08:06:10,134 [INFO] ApiDbMcu:456 - Load IP Config File for USB_DEVICE
2026-08-10 08:06:10,165 [INFO] IPUIPlugin:64 - create IPUIPlugin
2026-08-10 08:06:10,165 [INFO] IPUIPlugin:64 - create IPUIPlugin
2026-08-10 08:06:10,165 [INFO] IPUIPlugin:64 - create IPUIPlugin
2026-08-10 08:06:10,165 [INFO] IPUIPlugin:64 - create IPUIPlugin
2026-08-10 08:06:10,165 [INFO] IPUIPlugin:64 - create IPUIPlugin
2026-08-10 08:06:10,165 [INFO] IPUIPlugin:64 - create IPUIPlugin
2026-08-10 08:06:10,165 [INFO] IPUIPlugin:64 - create IPUIPlugin
2026-08-10 08:06:10,165 [INFO] IPUIPlugin:64 - create IPUIPlugin
2026-08-10 08:06:10,165 [INFO] IPUIPlugin:64 - create IPUIPlugin
2026-08-10 08:06:10,165 [INFO] IPUIPlugin:64 - create IPUIPlugin
2026-08-10 08:06:10,165 [INFO] IPUIPlugin:64 - create IPUIPlugin
2026-08-10 08:06:10,165 [INFO] IPUIPlugin:64 - create IPUIPlugin
2026-08-10 08:06:10,165 [INFO] IPUIPlugin:64 - create IPUIPlugin
2026-08-10 08:06:10,165 [INFO] IPUIPlugin:64 - create IPUIPlugin
2026-08-10 08:06:10,165 [INFO] IPUIPlugin:64 - create IPUIPlugin
2026-08-10 08:06:10,165 [INFO] IPUIPlugin:64 - create IPUIPlugin
2026-08-10 08:06:10,165 [INFO] IPUIPlugin:64 - create IPUIPlugin
2026-08-10 08:06:10,165 [INFO] IPUIPlugin:64 - create IPUIPlugin
2026-08-10 08:06:10,165 [INFO] IPUIPlugin:64 - create IPUIPlugin
2026-08-10 08:06:10,165 [INFO] IPUIPlugin:64 - create IPUIPlugin
2026-08-10 08:06:10,165 [INFO] IPUIPlugin:64 - create IPUIPlugin
2026-08-10 08:06:10,165 [INFO] IPUIPlugin:64 - create IPUIPlugin
2026-08-10 08:06:10,165 [INFO] IPUIPlugin:64 - create IPUIPlugin
2026-08-10 08:06:10,165 [INFO] IPUIPlugin:64 - create IPUIPlugin
2026-08-10 08:06:10,165 [INFO] IPUIPlugin:64 - create IPUIPlugin
2026-08-10 08:06:10,165 [INFO] IPUIPlugin:64 - create IPUIPlugin
2026-08-10 08:06:10,165 [INFO] IPUIPlugin:64 - create IPUIPlugin
2026-08-10 08:06:10,197 [INFO] LogOutputStream:76 - [STDOUT_REDIRECT] toolchainItems.length=====1
2026-08-10 08:06:10,275 [INFO] OpenFileManager:294 - Restore cursor
2026-08-10 08:11:22,068 [INFO] DbMcusDocs:145 - JSON generation date=Tue Nov 16 13:17:54 BRT 2021 (1637079474)
2026-08-10 08:11:22,147 [INFO] DbMcusDocs:81 - Found 682 MCUs documents
2026-08-10 08:22:48,645 [INFO] UtilMem:74 - End SaveConfig() Used Memory: 849031112 Bytes (1073741824)
2026-08-10 08:22:51,312 [INFO] UtilMem:74 - End SaveConfig() Used Memory: 862020448 Bytes (1073741824)
2026-08-10 08:22:52,778 [INFO] UtilMem:74 - End SaveConfig() Used Memory: 894298656 Bytes (1073741824)
2026-08-10 08:22:53,059 [INFO] BlockDiagram:2735 - set Specific Code input for plugin: NVIC
2026-08-10 08:22:53,059 [INFO] BlockDiagram:2735 - set Specific Code input for plugin: USB_DEVICE
2026-08-10 08:22:53,059 [INFO] BlockDiagram:2735 - set Specific Code input for plugin: USB
2026-08-10 08:22:53,059 [INFO] BlockDiagram:2735 - set Specific Code input for plugin: SYS
2026-08-10 08:22:53,059 [INFO] BlockDiagram:2735 - set Specific Code input for plugin: GPIO
2026-08-10 08:22:53,059 [INFO] BlockDiagram:2735 - set Specific Code input for plugin: ADC
2026-08-10 08:22:53,059 [INFO] BlockDiagram:2735 - set Specific Code input for plugin: RCC
2026-08-10 08:22:53,059 [INFO] CodeGenerator:639 - code generatio: config db path: C:\ST\STM32CubeIDE_1.5.1\STM32CubeIDE\plugins\com.st.stm32cube.common.mx_6.1.1.202012091304\\db\
2026-08-10 08:22:53,278 [INFO] CodeEngine:229 - oldGeneratedFile, C:\ProjetoIntegrado2\ProjetoIntegrado\MXTmpFiles\license.tmp_save
2026-08-10 08:22:53,543 [INFO] CodeEngine:247 - Generated code: C:\ProjetoIntegrado2\ProjetoIntegrado\MXTmpFiles\license.tmp
2026-08-10 08:22:53,590 [INFO] CodeEngine:229 - oldGeneratedFile, C:\ProjetoIntegrado2\ProjetoIntegrado\MXTmpFiles\gpio.tmp_save
2026-08-10 08:22:53,652 [INFO] CodeEngine:247 - Generated code: C:\ProjetoIntegrado2\ProjetoIntegrado\MXTmpFiles\gpio.tmp
2026-08-10 08:22:53,668 [INFO] LogOutputStream:76 - [STDOUT_REDIRECT] Command line test
2026-08-10 08:22:53,699 [INFO] CodeEngine:229 - oldGeneratedFile, C:\ProjetoIntegrado2\ProjetoIntegrado\MXTmpFiles\usb_vars.tmp_save
2026-08-10 08:22:53,762 [INFO] CodeEngine:247 - Generated code: C:\ProjetoIntegrado2\ProjetoIntegrado\MXTmpFiles\usb_vars.tmp
2026-08-10 08:22:53,762 [INFO] CodeEngine:229 - oldGeneratedFile, C:\ProjetoIntegrado2\ProjetoIntegrado\MXTmpFiles\usb_inc.tmp_save
2026-08-10 08:22:53,809 [INFO] CodeEngine:247 - Generated code: C:\ProjetoIntegrado2\ProjetoIntegrado\MXTmpFiles\usb_inc.tmp
2026-08-10 08:22:53,824 [INFO] CodeEngine:229 - oldGeneratedFile, C:\ProjetoIntegrado2\ProjetoIntegrado\MXTmpFiles\usb_HalInit.tmp_save
2026-08-10 08:22:53,871 [INFO] CodeEngine:247 - Generated code: C:\ProjetoIntegrado2\ProjetoIntegrado\MXTmpFiles\usb_HalInit.tmp
2026-08-10 08:22:53,887 [INFO] CodeEngine:229 - oldGeneratedFile, C:\ProjetoIntegrado2\ProjetoIntegrado\MXTmpFiles\usb_Msp.tmp_save
2026-08-10 08:22:53,934 [INFO] CodeEngine:247 - Generated code: C:\ProjetoIntegrado2\ProjetoIntegrado\MXTmpFiles\usb_Msp.tmp
2026-08-10 08:22:54,012 [INFO] LogOutputStream:76 - [STDOUT_REDIRECT] Command line
2026-08-10 08:22:54,012 [INFO] LogOutputStream:76 - [STDOUT_REDIRECT] Command line
2026-08-10 08:22:54,012 [INFO] Middleware:1252 - No code input for Bsp Dependency
2026-08-10 08:22:54,027 [INFO] CodeEngine:229 - oldGeneratedFile, C:\ProjetoIntegrado2\ProjetoIntegrado\USB_DEVICE\App\usb_device.c_save
2026-08-10 08:22:54,090 [INFO] CodeEngine:247 - Generated code: C:\ProjetoIntegrado2\ProjetoIntegrado\USB_DEVICE\App\usb_device.c
2026-08-10 08:22:54,106 [INFO] CodeEngine:229 - oldGeneratedFile, C:\ProjetoIntegrado2\ProjetoIntegrado\USB_DEVICE\App\usb_device.h_save
2026-08-10 08:22:54,152 [INFO] CodeEngine:247 - Generated code: C:\ProjetoIntegrado2\ProjetoIntegrado\USB_DEVICE\App\usb_device.h
2026-08-10 08:22:54,168 [INFO] CodeEngine:229 - oldGeneratedFile, C:\ProjetoIntegrado2\ProjetoIntegrado\USB_DEVICE\Target\usbd_conf.h_save
2026-08-10 08:22:54,230 [INFO] CodeEngine:247 - Generated code: C:\ProjetoIntegrado2\ProjetoIntegrado\USB_DEVICE\Target\usbd_conf.h
2026-08-10 08:22:54,246 [INFO] CodeEngine:229 - oldGeneratedFile, C:\ProjetoIntegrado2\ProjetoIntegrado\USB_DEVICE\Target\usbd_conf.c_save
2026-08-10 08:22:54,309 [INFO] CodeEngine:247 - Generated code: C:\ProjetoIntegrado2\ProjetoIntegrado\USB_DEVICE\Target\usbd_conf.c
2026-08-10 08:22:54,324 [INFO] CodeEngine:229 - oldGeneratedFile, C:\ProjetoIntegrado2\ProjetoIntegrado\USB_DEVICE\App\usbd_desc.h_save
2026-08-10 08:22:54,356 [INFO] CodeEngine:247 - Generated code: C:\ProjetoIntegrado2\ProjetoIntegrado\USB_DEVICE\App\usbd_desc.h
2026-08-10 08:22:54,371 [INFO] CodeEngine:229 - oldGeneratedFile, C:\ProjetoIntegrado2\ProjetoIntegrado\USB_DEVICE\App\usbd_desc.c_save
2026-08-10 08:22:54,434 [INFO] CodeEngine:247 - Generated code: C:\ProjetoIntegrado2\ProjetoIntegrado\USB_DEVICE\App\usbd_desc.c
2026-08-10 08:22:54,449 [INFO] CodeEngine:229 - oldGeneratedFile, C:\ProjetoIntegrado2\ProjetoIntegrado\USB_DEVICE\App\usbd_cdc_if.h_save
2026-08-10 08:22:54,481 [INFO] CodeEngine:247 - Generated code: C:\ProjetoIntegrado2\ProjetoIntegrado\USB_DEVICE\App\usbd_cdc_if.h
2026-08-10 08:22:54,496 [INFO] CodeEngine:229 - oldGeneratedFile, C:\ProjetoIntegrado2\ProjetoIntegrado\USB_DEVICE\App\usbd_cdc_if.c_save
2026-08-10 08:22:54,574 [INFO] CodeEngine:247 - Generated code: C:\ProjetoIntegrado2\ProjetoIntegrado\USB_DEVICE\App\usbd_cdc_if.c
2026-08-10 08:22:54,590 [INFO] CodeEngine:229 - oldGeneratedFile, C:\ProjetoIntegrado2\ProjetoIntegrado\Core\Src\stm32f1xx_it.c_save
2026-08-10 08:22:54,668 [INFO] CodeEngine:247 - Generated code: C:\ProjetoIntegrado2\ProjetoIntegrado\Core\Src\stm32f1xx_it.c
2026-08-10 08:22:54,684 [INFO] CodeEngine:229 - oldGeneratedFile, C:\ProjetoIntegrado2\ProjetoIntegrado\Core\Inc\stm32f1xx_it.h_save
2026-08-10 08:22:54,731 [INFO] CodeEngine:247 - Generated code: C:\ProjetoIntegrado2\ProjetoIntegrado\Core\Inc\stm32f1xx_it.h
2026-08-10 08:22:54,746 [INFO] CodeEngine:229 - oldGeneratedFile, C:\ProjetoIntegrado2\ProjetoIntegrado\Core\Src\stm32f1xx_hal_msp.c_save
2026-08-10 08:22:54,809 [INFO] CodeEngine:247 - Generated code: C:\ProjetoIntegrado2\ProjetoIntegrado\Core\Src\stm32f1xx_hal_msp.c
2026-08-10 08:22:54,809 [INFO] CodeEngine:229 - oldGeneratedFile, C:\ProjetoIntegrado2\ProjetoIntegrado\MXTmpFiles\system.tmp_save
2026-08-10 08:22:54,856 [INFO] CodeEngine:247 - Generated code: C:\ProjetoIntegrado2\ProjetoIntegrado\MXTmpFiles\system.tmp
2026-08-10 08:22:54,871 [INFO] CodeEngine:229 - oldGeneratedFile, C:\ProjetoIntegrado2\ProjetoIntegrado\Core\Inc\stm32f1xx_hal_conf.h_save
2026-08-10 08:22:54,918 [INFO] CodeEngine:247 - Generated code: C:\ProjetoIntegrado2\ProjetoIntegrado\Core\Inc\stm32f1xx_hal_conf.h
2026-08-10 08:22:54,949 [INFO] CodeEngine:229 - oldGeneratedFile, C:\ProjetoIntegrado2\ProjetoIntegrado\Core\Inc\main.h_save
2026-08-10 08:22:55,012 [INFO] CodeEngine:247 - Generated code: C:\ProjetoIntegrado2\ProjetoIntegrado\Core\Inc\main.h
2026-08-10 08:22:55,027 [INFO] CodeEngine:229 - oldGeneratedFile, C:\ProjetoIntegrado2\ProjetoIntegrado\Core\Src\main.c_save
2026-08-10 08:22:55,105 [INFO] CodeEngine:247 - Generated code: C:\ProjetoIntegrado2\ProjetoIntegrado\Core\Src\main.c
2026-08-10 08:22:55,465 [INFO] ProjectBuilder:2328 - Time for Copy HAL[1] : 94mS.
2026-08-10 08:22:55,465 [INFO] ProjectBuilder:3259 - Project Generator version: 3.11.2
2026-08-10 08:22:55,652 [INFO] ConfigFileManager:1238 - The Die is : DIE410
2026-08-10 08:22:55,652 [INFO] ApiDbMcu:456 - Load IP Config File for FATFS
2026-08-10 08:22:55,668 [INFO] ApiDbMcu:456 - Load IP Config File for FREERTOS
2026-08-10 08:22:58,975 [INFO] ProjectBuilder:3425 - Time for Generating toolchain IDE Files: 3510mS.
2026-08-10 08:22:58,975 [INFO] ProjectBuilder:2207 - Time for Copy CMSIS : 0mS.
2026-08-10 08:22:58,991 [INFO] ProjectBuilder:2207 - Time for Copy CMSIS : 0mS.
2026-08-10 09:01:43,018 [INFO] Activator:170 - 


2026-08-10 09:01:43,018 [INFO] Activator:171 - !SESSION log4j initialized
2026-08-10 09:01:52,127 [INFO] McuFinderGlobals:40 - Set McuFinder mode to 2 (CubeIDE integrated)
2026-08-10 09:01:52,248 [INFO] ApplicationProperties:181 - Using Application install path: C:\ST\STM32CubeIDE_1.5.1\STM32CubeIDE\plugins\com.st.stm32cube.common.mx_6.1.1.202012091304
2026-08-10 09:01:52,253 [INFO] DbMcusXml:71 - Set database path to: C:\ST\STM32CubeIDE_1.5.1\STM32CubeIDE\plugins\com.st.stm32cube.common.mx_6.1.1.202012091304\\db\/mcu/
2026-08-10 09:01:52,256 [INFO] DbBoardsPdsc:57 - Set plugin database path to: C:\ST\STM32CubeIDE_1.5.1\STM32CubeIDE\plugins\com.st.stm32cube.common.mx_6.1.1.202012091304\\db\/plugins/boardmanager/
2026-08-10 09:01:52,256 [INFO] DbMcus:259 - Set plugin images path to: C:\ST\STM32CubeIDE_1.5.1\STM32CubeIDE\plugins\com.st.stm32cube.common.mx_6.1.1.202012091304\\db\/plugins/mcufinder/images/
2026-08-10 09:01:52,256 [INFO] DbBoards:265 - Set plugin images path to: C:\ST\STM32CubeIDE_1.5.1\STM32CubeIDE\plugins\com.st.stm32cube.common.mx_6.1.1.202012091304\\db\/plugins/mcufinder/images/
2026-08-10 09:01:52,257 [INFO] DbExamples:329 - Set plugin images path to: C:\ST\STM32CubeIDE_1.5.1\STM32CubeIDE\plugins\com.st.stm32cube.common.mx_6.1.1.202012091304\\db\/plugins/mcufinder/images/
2026-08-10 09:01:52,266 [INFO] DbMcusDocs:112 - Set database path to: C:\Users\Alunos\.stmcufinder\plugins\mcufinder//mcu/
2026-08-10 09:01:52,267 [INFO] DbMcusJson:63 - Set database path to: C:\Users\Alunos\.stmcufinder\plugins\mcufinder//mcu/
2026-08-10 09:01:52,267 [INFO] DbBoardsDocs:112 - Set database path to: C:\Users\Alunos\.stmcufinder\plugins\mcufinder//mcu/
2026-08-10 09:01:52,268 [INFO] DbBoardsJson:56 - Set database path to: C:\Users\Alunos\.stmcufinder\plugins\mcufinder//mcu/
2026-08-10 09:01:52,268 [INFO] CrossReferenceDbSqlite:196 - Set database path to: C:\Users\Alunos\.stmcufinder\plugins\mcufinder//mcu/cs/
2026-08-10 09:01:52,268 [INFO] DbExamplesSqlite:699 - Set database path to: C:\Users\Alunos\.stmcufinder\plugins\mcufinder//mcu/
2026-08-10 09:01:52,331 [INFO] RulesReader:52 - Compatibility file has been processed (228 Rules)
2026-08-10 09:01:52,382 [INFO] MicroXplorer:565 - Detected Java Version = 1.8.0_272
2026-08-10 09:01:52,382 [INFO] DbMcusXml:71 - Set database path to: C:\ST\STM32CubeIDE_1.5.1\STM32CubeIDE\plugins\com.st.stm32cube.common.mx_6.1.1.202012091304\\db\/mcu/
2026-08-10 09:01:52,382 [INFO] DbBoardsPdsc:57 - Set plugin database path to: C:\ST\STM32CubeIDE_1.5.1\STM32CubeIDE\plugins\com.st.stm32cube.common.mx_6.1.1.202012091304\\db\/plugins/boardmanager/
2026-08-10 09:01:52,382 [INFO] DbMcus:259 - Set plugin images path to: C:\ST\STM32CubeIDE_1.5.1\STM32CubeIDE\plugins\com.st.stm32cube.common.mx_6.1.1.202012091304\\db\/plugins/mcufinder/images/
2026-08-10 09:01:52,382 [INFO] DbBoards:265 - Set plugin images path to: C:\ST\STM32CubeIDE_1.5.1\STM32CubeIDE\plugins\com.st.stm32cube.common.mx_6.1.1.202012091304\\db\/plugins/mcufinder/images/
2026-08-10 09:01:52,382 [INFO] DbExamples:329 - Set plugin images path to: C:\ST\STM32CubeIDE_1.5.1\STM32CubeIDE\plugins\com.st.stm32cube.common.mx_6.1.1.202012091304\\db\/plugins/mcufinder/images/
2026-08-10 09:01:52,382 [WARN] DbFile:36 - Overriding database path with different value: C:\Users\Alunos\.stmcufinder\plugins\mcufinder/ => C:\Users\Alunos\.stmcufinder\plugins\mcufinder
2026-08-10 09:01:52,382 [INFO] DbMcusDocs:112 - Set database path to: C:\Users\Alunos\.stmcufinder\plugins\mcufinder//mcu/
2026-08-10 09:01:52,382 [WARN] DbFile:36 - Overriding database path with different value: C:\Users\Alunos\.stmcufinder\plugins\mcufinder/ => C:\Users\Alunos\.stmcufinder\plugins\mcufinder
2026-08-10 09:01:52,382 [INFO] DbMcusJson:63 - Set database path to: C:\Users\Alunos\.stmcufinder\plugins\mcufinder//mcu/
2026-08-10 09:01:52,382 [WARN] DbFile:36 - Overriding database path with different value: C:\Users\Alunos\.stmcufinder\plugins\mcufinder/ => C:\Users\Alunos\.stmcufinder\plugins\mcufinder
2026-08-10 09:01:52,382 [INFO] DbBoardsDocs:112 - Set database path to: C:\Users\Alunos\.stmcufinder\plugins\mcufinder//mcu/
2026-08-10 09:01:52,382 [WARN] DbFile:36 - Overriding database path with different value: C:\Users\Alunos\.stmcufinder\plugins\mcufinder/ => C:\Users\Alunos\.stmcufinder\plugins\mcufinder
2026-08-10 09:01:52,382 [INFO] DbBoardsJson:56 - Set database path to: C:\Users\Alunos\.stmcufinder\plugins\mcufinder//mcu/
2026-08-10 09:01:52,382 [WARN] DbFile:36 - Overriding database path with different value: C:\Users\Alunos\.stmcufinder\plugins\mcufinder/ => C:\Users\Alunos\.stmcufinder\plugins\mcufinder
2026-08-10 09:01:52,382 [WARN] DbFile:36 - Overriding database path with different value: C:\Users\Alunos\.stmcufinder\plugins\mcufinder/ => C:\Users\Alunos\.stmcufinder\plugins\mcufinder
2026-08-10 09:01:52,382 [INFO] CrossReferenceDbSqlite:196 - Set database path to: C:\Users\Alunos\.stmcufinder\plugins\mcufinder//mcu/cs/
2026-08-10 09:01:52,382 [WARN] DbFile:36 - Overriding database path with different value: C:\Users\Alunos\.stmcufinder\plugins\mcufinder/ => C:\Users\Alunos\.stmcufinder\plugins\mcufinder
2026-08-10 09:01:52,382 [INFO] DbExamplesSqlite:699 - Set database path to: C:\Users\Alunos\.stmcufinder\plugins\mcufinder//mcu/
2026-08-10 09:01:52,413 [INFO] MainPanel:190 - HeapMemory: 268435456
2026-08-10 09:01:52,445 [INFO] DbMcusXml:71 - Set database path to: C:\ST\STM32CubeIDE_1.5.1\STM32CubeIDE\plugins\com.st.stm32cube.common.mx_6.1.1.202012091304\\db\/mcu/
2026-08-10 09:01:52,445 [INFO] DbBoardsPdsc:57 - Set plugin database path to: C:\ST\STM32CubeIDE_1.5.1\STM32CubeIDE\plugins\com.st.stm32cube.common.mx_6.1.1.202012091304\\db\/plugins/boardmanager/
2026-08-10 09:01:52,445 [INFO] DbMcus:259 - Set plugin images path to: C:\ST\STM32CubeIDE_1.5.1\STM32CubeIDE\plugins\com.st.stm32cube.common.mx_6.1.1.202012091304\\db\/plugins/mcufinder/images/
2026-08-10 09:01:52,445 [INFO] DbBoards:265 - Set plugin images path to: C:\ST\STM32CubeIDE_1.5.1\STM32CubeIDE\plugins\com.st.stm32cube.common.mx_6.1.1.202012091304\\db\/plugins/mcufinder/images/
2026-08-10 09:01:52,445 [INFO] DbExamples:329 - Set plugin images path to: C:\ST\STM32CubeIDE_1.5.1\STM32CubeIDE\plugins\com.st.stm32cube.common.mx_6.1.1.202012091304\\db\/plugins/mcufinder/images/
2026-08-10 09:01:52,445 [WARN] DbFile:36 - Overriding database path with different value: C:\Users\Alunos\.stmcufinder\plugins\mcufinder/ => C:\Users\Alunos\.stmcufinder\plugins\mcufinder
2026-08-10 09:01:52,445 [INFO] DbMcusDocs:112 - Set database path to: C:\Users\Alunos\.stmcufinder\plugins\mcufinder//mcu/
2026-08-10 09:01:52,445 [WARN] DbFile:36 - Overriding database path with different value: C:\Users\Alunos\.stmcufinder\plugins\mcufinder/ => C:\Users\Alunos\.stmcufinder\plugins\mcufinder
2026-08-10 09:01:52,445 [INFO] DbMcusJson:63 - Set database path to: C:\Users\Alunos\.stmcufinder\plugins\mcufinder//mcu/
2026-08-10 09:01:52,445 [WARN] DbFile:36 - Overriding database path with different value: C:\Users\Alunos\.stmcufinder\plugins\mcufinder/ => C:\Users\Alunos\.stmcufinder\plugins\mcufinder
2026-08-10 09:01:52,445 [INFO] DbBoardsDocs:112 - Set database path to: C:\Users\Alunos\.stmcufinder\plugins\mcufinder//mcu/
2026-08-10 09:01:52,445 [WARN] DbFile:36 - Overriding database path with different value: C:\Users\Alunos\.stmcufinder\plugins\mcufinder/ => C:\Users\Alunos\.stmcufinder\plugins\mcufinder
2026-08-10 09:01:52,445 [INFO] DbBoardsJson:56 - Set database path to: C:\Users\Alunos\.stmcufinder\plugins\mcufinder//mcu/
2026-08-10 09:01:52,445 [WARN] DbFile:36 - Overriding database path with different value: C:\Users\Alunos\.stmcufinder\plugins\mcufinder/ => C:\Users\Alunos\.stmcufinder\plugins\mcufinder
2026-08-10 09:01:52,445 [WARN] DbFile:36 - Overriding database path with different value: C:\Users\Alunos\.stmcufinder\plugins\mcufinder/ => C:\Users\Alunos\.stmcufinder\plugins\mcufinder
2026-08-10 09:01:52,445 [INFO] CrossReferenceDbSqlite:196 - Set database path to: C:\Users\Alunos\.stmcufinder\plugins\mcufinder//mcu/cs/
2026-08-10 09:01:52,445 [WARN] DbFile:36 - Overriding database path with different value: C:\Users\Alunos\.stmcufinder\plugins\mcufinder/ => C:\Users\Alunos\.stmcufinder\plugins\mcufinder
2026-08-10 09:01:52,445 [INFO] DbExamplesSqlite:699 - Set database path to: C:\Users\Alunos\.stmcufinder\plugins\mcufinder//mcu/
2026-08-10 09:01:52,460 [INFO] ApplicationProperties:181 - Using Application install path: C:\ST\STM32CubeIDE_1.5.1\STM32CubeIDE\plugins\com.st.stm32cube.common.mx_6.1.1.202012091304
2026-08-10 09:01:52,460 [INFO] PluginManage:178 - Search for loadable plugins [exclusion list=, ]
2026-08-10 09:01:52,460 [INFO] PluginManage:292 - Check plugin analytics
2026-08-10 09:01:52,536 [INFO] AnalyticsPlugin:225 - Accepted Software Licenses: STM32CubeMX.6.11.0
2026-08-10 09:01:52,536 [INFO] AnalyticsPlugin:227 - Accepted CMSIS Pack Licenses: 
2026-08-10 09:01:52,536 [INFO] AnalyticsPlugin:229 - Accepted Firmware Licenses: 
2026-08-10 09:01:52,536 [INFO] PluginManage:342 - Loaded plugin analytics (category:tool,tabindex:-1)
2026-08-10 09:01:52,536 [INFO] PluginManage:292 - Check plugin clock
2026-08-10 09:01:52,552 [INFO] PluginManage:342 - Loaded plugin clock (category:base,tabindex:2)
2026-08-10 09:01:52,552 [INFO] PluginManage:292 - Check plugin ddr
2026-08-10 09:01:52,552 [INFO] PluginManage:342 - Loaded plugin ddr (category:tool,tabindex:6)
2026-08-10 09:01:52,552 [INFO] PluginManage:292 - Check plugin filemanager
2026-08-10 09:01:52,611 [INFO] PluginManage:342 - Loaded plugin filemanager (category:base,tabindex:10)
2026-08-10 09:01:52,611 [INFO] PluginManage:292 - Check plugin ipmanager
2026-08-10 09:01:52,611 [INFO] PluginManage:342 - Loaded plugin ipmanager (category:base,tabindex:5)
2026-08-10 09:01:52,611 [INFO] PluginManage:292 - Check plugin pinoutandconfiguration
2026-08-10 09:01:52,627 [INFO] PluginManage:342 - Loaded plugin pinoutandconfiguration (category:base,tabindex:1)
2026-08-10 09:01:52,627 [INFO] PluginManage:292 - Check plugin pinoutconfig
2026-08-10 09:01:52,658 [INFO] PluginManage:342 - Loaded plugin pinoutconfig (category:base,tabindex:0)
2026-08-10 09:01:52,658 [INFO] PluginManage:292 - Check plugin power
2026-08-10 09:01:52,658 [INFO] PluginManage:342 - Loaded plugin power (category:power,tabindex:4)
2026-08-10 09:01:52,658 [INFO] PluginManage:292 - Check plugin projectmanager
2026-08-10 09:01:52,674 [INFO] PluginManage:342 - Loaded plugin projectmanager (category:projectmanager,tabindex:3)
2026-08-10 09:01:52,674 [INFO] PluginManage:292 - Check plugin thirdparty
2026-08-10 09:01:52,830 [INFO] PluginManage:342 - Loaded plugin thirdparty (category:base,tabindex:-1)
2026-08-10 09:01:52,830 [WARN] IntegrityCheckThread:59 - waiting for thirdparty lock release [integrity check]
2026-08-10 09:01:52,830 [INFO] PluginManage:292 - Check plugin tools
2026-08-10 09:01:52,830 [INFO] IntegrityCheckThread:61 - entering critical section [integrity check]
2026-08-10 09:01:52,830 [INFO] ThirdPartyUpdaterWithRetryManager:56 - Updater plugin not ready yet. [1/15]
2026-08-10 09:01:52,893 [INFO] PluginManage:342 - Loaded plugin tools (category:base,tabindex:7)
2026-08-10 09:01:52,893 [INFO] PluginManage:292 - Check plugin tutovideos
2026-08-10 09:01:53,017 [INFO] PluginManage:342 - Loaded plugin tutovideos (category:base,tabindex:-1)
2026-08-10 09:01:53,017 [INFO] PluginManage:292 - Check plugin updater
2026-08-10 09:01:53,032 [INFO] PluginManage:342 - Loaded plugin updater (category:base,tabindex:12)
2026-08-10 09:01:53,032 [INFO] PluginManage:265 - PluginManage : Loaded plugins [13]
2026-08-10 09:01:53,134 [INFO] PinOutPanel:1434 - setPackage(No Configuration,No Configuration)
2026-08-10 09:01:53,190 [INFO] IPUIPlugin:64 - create IPUIPlugin
2026-08-10 09:01:53,190 [INFO] PluginManager:203 - loadIPPluginJar : add adc
2026-08-10 09:01:53,221 [INFO] IPUIPlugin:64 - create IPUIPlugin
2026-08-10 09:01:53,221 [INFO] PluginManager:203 - loadIPPluginJar : add aes
2026-08-10 09:01:53,252 [INFO] IPUIPlugin:64 - create IPUIPlugin
2026-08-10 09:01:53,252 [INFO] PluginManager:203 - loadIPPluginJar : add can
2026-08-10 09:01:53,283 [INFO] IPUIPlugin:64 - create IPUIPlugin
2026-08-10 09:01:53,283 [INFO] PluginManager:203 - loadIPPluginJar : add comp
2026-08-10 09:01:53,314 [INFO] IPUIPlugin:64 - create IPUIPlugin
2026-08-10 09:01:53,314 [INFO] PluginManager:203 - loadIPPluginJar : add cryp
2026-08-10 09:01:53,358 [INFO] IPUIPlugin:64 - create IPUIPlugin
2026-08-10 09:01:53,359 [INFO] PluginManager:203 - loadIPPluginJar : add dfsdm
2026-08-10 09:01:53,362 [INFO] IPUIPlugin:64 - create IPUIPlugin
2026-08-10 09:01:53,362 [INFO] PluginManager:203 - loadIPPluginJar : add dma
2026-08-10 09:01:53,383 [INFO] IPUIPlugin:64 - create IPUIPlugin
2026-08-10 09:01:53,383 [INFO] PluginManager:203 - loadIPPluginJar : add fatfs
2026-08-10 09:01:53,430 [INFO] IPUIPlugin:64 - create IPUIPlugin
2026-08-10 09:01:53,430 [INFO] PluginManager:203 - loadIPPluginJar : add fmc
2026-08-10 09:01:53,455 [INFO] IPUIPlugin:64 - create IPUIPlugin
2026-08-10 09:01:53,456 [INFO] PluginManager:203 - loadIPPluginJar : add freertos
2026-08-10 09:01:53,471 [INFO] IPUIPlugin:64 - create IPUIPlugin
2026-08-10 09:01:53,471 [INFO] PluginManager:203 - loadIPPluginJar : add genericplugin
2026-08-10 09:01:53,549 [INFO] IPUIPlugin:64 - create IPUIPlugin
2026-08-10 09:01:53,549 [INFO] PluginManager:203 - loadIPPluginJar : add gfxmmu
2026-08-10 09:01:53,657 [INFO] IPUIPlugin:64 - create IPUIPlugin
2026-08-10 09:01:53,657 [INFO] PluginManager:203 - loadIPPluginJar : add gic
2026-08-10 09:01:53,657 [INFO] IPUIPlugin:64 - create IPUIPlugin
2026-08-10 09:01:53,657 [INFO] PluginManager:203 - loadIPPluginJar : add gpio
2026-08-10 09:01:53,732 [INFO] IPUIPlugin:64 - create IPUIPlugin
2026-08-10 09:01:53,733 [INFO] PluginManager:203 - loadIPPluginJar : add gtzc
2026-08-10 09:01:53,768 [INFO] IPUIPlugin:64 - create IPUIPlugin
2026-08-10 09:01:53,768 [INFO] PluginManager:203 - loadIPPluginJar : add hash
2026-08-10 09:01:53,814 [INFO] IPUIPlugin:64 - create IPUIPlugin
2026-08-10 09:01:53,814 [INFO] PluginManager:203 - loadIPPluginJar : add i2c
2026-08-10 09:01:53,861 [INFO] IPUIPlugin:64 - create IPUIPlugin
2026-08-10 09:01:53,861 [INFO] PluginManager:203 - loadIPPluginJar : add i2s
2026-08-10 09:01:53,861 [INFO] IPUIPlugin:64 - create IPUIPlugin
2026-08-10 09:01:53,861 [INFO] PluginManager:203 - loadIPPluginJar : add ipddr
2026-08-10 09:01:53,908 [INFO] IPUIPlugin:64 - create IPUIPlugin
2026-08-10 09:01:53,908 [INFO] PluginManager:203 - loadIPPluginJar : add lorawan
2026-08-10 09:01:53,939 [INFO] IPUIPlugin:64 - create IPUIPlugin
2026-08-10 09:01:53,939 [INFO] PluginManager:203 - loadIPPluginJar : add ltdc
2026-08-10 09:01:53,955 [INFO] IPUIPlugin:64 - create IPUIPlugin
2026-08-10 09:01:53,955 [INFO] PluginManager:203 - loadIPPluginJar : add mdma
2026-08-10 09:01:53,955 [INFO] IPUIPlugin:64 - create IPUIPlugin
2026-08-10 09:01:53,955 [INFO] PluginManager:203 - loadIPPluginJar : add nvic
2026-08-10 09:01:54,006 [INFO] IPUIPlugin:64 - create IPUIPlugin
2026-08-10 09:01:54,006 [INFO] PluginManager:203 - loadIPPluginJar : add opamp
2026-08-10 09:01:54,060 [INFO] IPUIPlugin:64 - create IPUIPlugin
2026-08-10 09:01:54,060 [INFO] PluginManager:203 - loadIPPluginJar : add openamp
2026-08-10 09:01:54,107 [INFO] IPUIPlugin:64 - create IPUIPlugin
2026-08-10 09:01:54,107 [INFO] PluginManager:203 - loadIPPluginJar : add pdm2pcm
2026-08-10 09:01:54,123 [INFO] IPUIPlugin:64 - create IPUIPlugin
2026-08-10 09:01:54,123 [INFO] PluginManager:203 - loadIPPluginJar : add plateformsettings
2026-08-10 09:01:54,138 [INFO] IPUIPlugin:64 - create IPUIPlugin
2026-08-10 09:01:54,138 [INFO] PluginManager:203 - loadIPPluginJar : add quadspi
2026-08-10 09:01:54,154 [INFO] IPUIPlugin:64 - create IPUIPlugin
2026-08-10 09:01:54,154 [INFO] PluginManager:203 - loadIPPluginJar : add resmgrutility
2026-08-10 09:01:54,201 [INFO] IPUIPlugin:64 - create IPUIPlugin
2026-08-10 09:01:54,201 [INFO] PluginManager:203 - loadIPPluginJar : add sai
2026-08-10 09:01:54,246 [INFO] IPUIPlugin:64 - create IPUIPlugin
2026-08-10 09:01:54,246 [INFO] PluginManager:203 - loadIPPluginJar : add spi
2026-08-10 09:01:54,283 [INFO] IPUIPlugin:64 - create IPUIPlugin
2026-08-10 09:01:54,283 [INFO] PluginManager:203 - loadIPPluginJar : add stm32_wpan
2026-08-10 09:01:54,314 [INFO] IPUIPlugin:64 - create IPUIPlugin
2026-08-10 09:01:54,314 [INFO] PluginManager:203 - loadIPPluginJar : add tim
2026-08-10 09:01:54,376 [INFO] IPUIPlugin:64 - create IPUIPlugin
2026-08-10 09:01:54,376 [INFO] PluginManager:203 - loadIPPluginJar : add touchsensing
2026-08-10 09:01:54,392 [INFO] IPUIPlugin:64 - create IPUIPlugin
2026-08-10 09:01:54,392 [INFO] PluginManager:203 - loadIPPluginJar : add tracer_emb
2026-08-10 09:01:54,429 [INFO] IPUIPlugin:64 - create IPUIPlugin
2026-08-10 09:01:54,430 [INFO] PluginManager:203 - loadIPPluginJar : add ts
2026-08-10 09:01:54,455 [INFO] IPUIPlugin:64 - create IPUIPlugin
2026-08-10 09:01:54,455 [INFO] PluginManager:203 - loadIPPluginJar : add tsc
2026-08-10 09:01:54,471 [INFO] IPUIPlugin:64 - create IPUIPlugin
2026-08-10 09:01:54,471 [INFO] PluginManager:203 - loadIPPluginJar : add ucpd
2026-08-10 09:01:54,518 [INFO] IPUIPlugin:64 - create IPUIPlugin
2026-08-10 09:01:54,518 [INFO] PluginManager:203 - loadIPPluginJar : add usart
2026-08-10 09:01:54,711 [FATAL] Updater:284 - Updater called before beeing initialized
2026-08-10 09:01:54,768 [FATAL] Updater:284 - Updater called before beeing initialized
2026-08-10 09:01:54,783 [WARN] DetailPanel:347 - Failed to get advertising image, set to default
2026-08-10 09:01:54,783 [FATAL] Updater:284 - Updater called before beeing initialized
2026-08-10 09:01:54,783 [WARN] DetailPanel:347 - Failed to get advertising image, set to default
2026-08-10 09:01:54,815 [FATAL] Updater:284 - Updater called before beeing initialized
2026-08-10 09:01:54,815 [WARN] ThirdParty:783 - waiting for thirdparty lock release [close project]
2026-08-10 09:01:55,831 [INFO] ThirdPartyUpdaterWithRetryManager:56 - Updater plugin not ready yet. [2/15]
2026-08-10 09:01:58,833 [FATAL] Updater:284 - Updater called before beeing initialized
2026-08-10 09:01:58,833 [ERROR] AbstractThirdPartyUpdaterManager:153 - java.lang.Integer cannot be cast to java.util.List
2026-08-10 09:01:58,833 [INFO] ThirdParty:887 - Integrity check success = false
2026-08-10 09:01:58,833 [INFO] IntegrityCheckThread:75 - exiting critical section [integrity check]
2026-08-10 09:01:58,833 [INFO] IntegrityCheckThread:78 - End integrity checks thread
2026-08-10 09:01:58,833 [INFO] ThirdParty:785 - entering critical section [close project]
2026-08-10 09:01:58,833 [INFO] ThirdParty:796 - exiting critical section [close project]
2026-08-10 09:01:58,833 [INFO] PinOutPanel:1434 - setPackage(No Configuration,No Configuration)
2026-08-10 09:01:58,833 [FATAL] Updater:284 - Updater called before beeing initialized
2026-08-10 09:01:58,864 [ERROR] Updater:1065 - MainUpdater not yet initialized. External WinMGr cannot be set.
2026-08-10 09:01:58,864 [INFO] Updater:1002 - Updater Version found : 6.1.1
2026-08-10 09:01:58,888 [INFO] ApplicationProperties:181 - Using Application install path: C:\ST\STM32CubeIDE_1.5.1\STM32CubeIDE\plugins\com.st.stm32cube.common.mx_6.1.1.202012091304
2026-08-10 09:01:59,127 [INFO] MainUpdater:2644 - connection check result : 10
2026-08-10 09:01:59,127 [INFO] MainUpdater:249 - Updater Check For Update Now.
2026-08-10 09:01:59,127 [INFO] MicroXplorer:415 - Change Database Version : DB.6.0.10
2026-08-10 09:01:59,190 [INFO] CheckServerUpdateThread:102 - End of CheckServer Thread
2026-08-10 09:01:59,269 [INFO] MainUpdater:2644 - connection check result : 10
2026-08-10 09:01:59,269 [INFO] MainUpdater:2644 - connection check result : 10
2026-08-10 09:01:59,423 [INFO] MicroXplorer:385 - Change Database Path : 
2026-08-10 09:01:59,423 [INFO] MicroXplorer:415 - Change Database Version : DB.6.0.10
2026-08-10 09:01:59,423 [WARN] ThirdParty:783 - waiting for thirdparty lock release [close project]
2026-08-10 09:01:59,423 [INFO] ThirdParty:785 - entering critical section [close project]
2026-08-10 09:01:59,423 [INFO] ThirdParty:796 - exiting critical section [close project]
2026-08-10 09:01:59,423 [INFO] PinOutPanel:1434 - setPackage(No Configuration,No Configuration)
2026-08-10 09:01:59,423 [INFO] UtilMem:74 - Begin LoadConfig() Used Memory: 162763840 Bytes (268435456)
2026-08-10 09:01:59,423 [INFO] MicroXplorer:385 - Change Database Path : 
2026-08-10 09:01:59,423 [INFO] MicroXplorer:415 - Change Database Version : DB.6.0.10
2026-08-10 09:01:59,423 [INFO] OpenFileManager:274 - Change cursor
2026-08-10 09:01:59,423 [WARN] ThirdParty:204 - Use empty third party IP manager
2026-08-10 09:01:59,438 [WARN] IntegrityCheckThread:59 - waiting for thirdparty lock release [integrity check]
2026-08-10 09:01:59,438 [INFO] IntegrityCheckThread:61 - entering critical section [integrity check]
2026-08-10 09:01:59,536 [ERROR] Engine:500 - C:\Users\Alunos\.stm32cubemx\thirdparties\pdsc\STMicroelectronics.FP-SNS-MOTENVWB1.1.4.0.pdsc: PDSC version is not supported
2026-08-10 09:01:59,564 [ERROR] Engine:500 - C:\Users\Alunos\.stm32cubemx\thirdparties\pdsc\STMicroelectronics.X-CUBE-SMBUS.2.1.1.pdsc: PDSC version is not supported
2026-08-10 09:01:59,580 [ERROR] Engine:500 - C:\Users\Alunos\.stm32cubemx\thirdparties\pdsc\STMicroelectronics.X-CUBE-SMBUS.2.1.0.pdsc: PDSC version is not supported
2026-08-10 09:01:59,595 [ERROR] Engine:500 - C:\Users\Alunos\.stm32cubemx\thirdparties\pdsc\STMicroelectronics.X-CUBE-ST60.1.0.0.pdsc: PDSC version is not supported
2026-08-10 09:01:59,642 [ERROR] Engine:500 - C:\Users\Alunos\.stm32cubemx\thirdparties\pdsc\STMicroelectronics.X-CUBE-FREERTOS.1.6.0.pdsc: PDSC version is not supported
2026-08-10 09:01:59,642 [ERROR] Engine:500 - C:\Users\Alunos\.stm32cubemx\thirdparties\pdsc\STMicroelectronics.FP-SNS-MOTENV1.5.1.0.pdsc: PDSC version is not supported
2026-08-10 09:01:59,674 [ERROR] Engine:500 - C:\Users\Alunos\.stm32cubemx\thirdparties\pdsc\STMicroelectronics.FP-SNS-FLIGHT1.5.0.2.pdsc: PDSC version is not supported
2026-08-10 09:01:59,690 [ERROR] Engine:500 - C:\Users\Alunos\.stm32cubemx\thirdparties\pdsc\Infineon.AIROC-Wi-Fi-Bluetooth-STM32.1.7.0.pdsc: PDSC version is not supported
2026-08-10 09:01:59,721 [ERROR] Engine:500 - C:\Users\Alunos\.stm32cubemx\thirdparties\pdsc\STMicroelectronics.X-CUBE-DISPLAY.3.0.0.pdsc: PDSC version is not supported
2026-08-10 09:01:59,737 [ERROR] Engine:500 - C:\Users\Alunos\.stm32cubemx\thirdparties\pdsc\STMicroelectronics.FP-SNS-MOTENVWB1.1.5.0.pdsc: PDSC version is not supported
2026-08-10 09:01:59,752 [ERROR] Engine:500 - C:\Users\Alunos\.stm32cubemx\thirdparties\pdsc\STMicroelectronics.X-CUBE-BLEMGR.4.0.0.pdsc: PDSC version is not supported
2026-08-10 09:01:59,773 [ERROR] Engine:500 - C:\Users\Alunos\.stm32cubemx\thirdparties\pdsc\STMicroelectronics.X-CUBE-ST60.1.1.0.pdsc: PDSC version is not supported
2026-08-10 09:01:59,781 [ERROR] Engine:500 - C:\Users\Alunos\.stm32cubemx\thirdparties\pdsc\emotas.I-CUBE-CANOPEN.1.3.0.pdsc: PDSC version is not supported
2026-08-10 09:01:59,788 [ERROR] Engine:500 - C:\Users\Alunos\.stm32cubemx\thirdparties\pdsc\STMicroelectronics.X-CUBE-WBA.1.1.0.pdsc: PDSC version is not supported
2026-08-10 09:01:59,813 [ERROR] Engine:500 - C:\Users\Alunos\.stm32cubemx\thirdparties\pdsc\STMicroelectronics.FP-SNS-STBOX1.2.1.0.pdsc: PDSC version is not supported
2026-08-10 09:01:59,815 [ERROR] Engine:500 - C:\Users\Alunos\.stm32cubemx\thirdparties\pdsc\STMicroelectronics.FP-SNS-SMARTAG2.1.2.0.pdsc: PDSC version is not supported
2026-08-10 09:01:59,815 [ERROR] Engine:500 - C:\Users\Alunos\.stm32cubemx\thirdparties\pdsc\STMicroelectronics.FP-SNS-FLIGHT1.5.1.0.pdsc: PDSC version is not supported
2026-08-10 09:01:59,999 [INFO] LogOutputStream:76 - [STDOUT_REDIRECT] 1 : Invalid condition id : UX_CORESTACK_Condition cause : null
2026-08-10 09:02:00,002 [INFO] LogOutputStream:76 - [STDOUT_REDIRECT] 1 : Invalid condition id : UX_CORESTACK_Condition cause : null
2026-08-10 09:02:00,002 [INFO] LogOutputStream:76 - [STDOUT_REDIRECT] 1 : Invalid condition id : UX_CORESTACK_Condition cause : null
2026-08-10 09:02:00,002 [INFO] LogOutputStream:76 - [STDOUT_REDIRECT] 1 : Invalid condition id : UX_CORESTACK_Condition cause : null
2026-08-10 09:02:00,002 [INFO] LogOutputStream:76 - [STDOUT_REDIRECT] 1 : Invalid condition id : UX_CORESTACK_Condition cause : null
2026-08-10 09:02:00,017 [ERROR] Engine:500 - C:\Users\Alunos\.stm32cubemx\thirdparties\pdsc\STMicroelectronics.FP-SNS-MOTENV1.5.0.0.pdsc: PDSC version is not supported
2026-08-10 09:02:00,112 [ERROR] Engine:500 - C:\Users\Alunos\.stm32cubemx\thirdparties\pdsc\Avnet-IOTCONNECT.X-CUBE-iotc-st67-sdk.1.0.0.pdsc: PDSC version is not supported
2026-08-10 09:02:00,143 [ERROR] Engine:500 - C:\Users\Alunos\.stm32cubemx\thirdparties\pdsc\STMicroelectronics.X-CUBE-FREERTOS.1.4.0.pdsc: PDSC version is not supported
2026-08-10 09:02:00,174 [ERROR] Engine:500 - C:\Users\Alunos\.stm32cubemx\thirdparties\pdsc\STMicroelectronics.X-CUBE-ST67W61.1.1.0.pdsc: PDSC version is not supported
2026-08-10 09:02:00,190 [ERROR] Engine:500 - C:\Users\Alunos\.stm32cubemx\thirdparties\pdsc\STMicroelectronics.FP-SNS-STAIOTCFT.1.1.0.pdsc: PDSC version is not supported
2026-08-10 09:02:00,434 [ERROR] Engine:500 - C:\Users\Alunos\.stm32cubemx\thirdparties\pdsc\EmbeddedOffice.I-CUBE-FS-RTOS.1.0.1.pdsc: PDSC version is not supported
2026-08-10 09:02:00,449 [ERROR] Engine:500 - C:\Users\Alunos\.stm32cubemx\thirdparties\pdsc\STMicroelectronics.X-CUBE-TCPP.4.2.0.pdsc: PDSC version is not supported
2026-08-10 09:02:00,465 [ERROR] Engine:500 - C:\Users\Alunos\.stm32cubemx\thirdparties\pdsc\RealThread.X-CUBE-RT-Thread_Nano.4.1.1.pdsc: PDSC version is not supported
2026-08-10 09:02:00,481 [ERROR] Engine:500 - C:\Users\Alunos\.stm32cubemx\thirdparties\pdsc\quantropi.X-CUBE-qispace-sdk-base.1.9.3.pdsc: PDSC version is not supported
2026-08-10 09:02:00,496 [ERROR] Engine:500 - C:\Users\Alunos\.stm32cubemx\thirdparties\pdsc\STMicroelectronics.X-CUBE-FREERTOS.1.5.0.pdsc: PDSC version is not supported
2026-08-10 09:02:00,512 [ERROR] Engine:500 - C:\Users\Alunos\.stm32cubemx\thirdparties\pdsc\ITTIA_DB.I-CUBE-ITTIADB.8.9.0.pdsc: PDSC version is not supported
2026-08-10 09:02:00,535 [ERROR] Engine:500 - C:\Users\Alunos\.stm32cubemx\thirdparties\pdsc\STMicroelectronics.X-CUBE-ST67W61.1.0.0.pdsc: PDSC version is not supported
2026-08-10 09:02:00,924 [ERROR] Engine:500 - C:\Users\Alunos\.stm32cubemx\thirdparties\pdsc\Avnet-IotConnect.X-CUBE-IoTC-DA16k-PMOD.1.0.0.pdsc: PDSC version is not supported
2026-08-10 09:02:00,939 [ERROR] Engine:500 - C:\Users\Alunos\.stm32cubemx\thirdparties\pdsc\STMicroelectronics.X-CUBE-IPS.3.2.0.pdsc: PDSC version is not supported
2026-08-10 09:02:00,955 [ERROR] Engine:500 - C:\Users\Alunos\.stm32cubemx\thirdparties\pdsc\STMicroelectronics.eDS-WB_DPC_TT-BIDIR.2.1.1.pdsc: PDSC version is not supported
2026-08-10 09:02:01,018 [ERROR] Engine:500 - C:\Users\Alunos\.stm32cubemx\thirdparties\pdsc\STMicroelectronics.X-CUBE-DPower.1.2.0.pdsc: PDSC version is not supported
2026-08-10 09:02:01,034 [ERROR] Engine:500 - C:\Users\Alunos\.stm32cubemx\thirdparties\pdsc\STMicroelectronics.eDS-WB_DPC_VIENNA.1.2.0.pdsc: PDSC version is not supported
2026-08-10 09:02:01,112 [ERROR] Engine:500 - C:\Users\Alunos\.stm32cubemx\thirdparties\pdsc\STMicroelectronics.eDS-WB_DPC_3PH2L-BIDIR.1.1.1.pdsc: PDSC version is not supported
2026-08-10 09:02:01,112 [ERROR] Engine:500 - C:\Users\Alunos\.stm32cubemx\thirdparties\pdsc\STMicroelectronics.X-CUBE-ST67W61.1.3.0.pdsc: PDSC version is not supported
2026-08-10 09:02:01,112 [ERROR] Engine:500 - C:\Users\Alunos\.stm32cubemx\thirdparties\pdsc\STMicroelectronics.X-CUBE-FREERTOS.1.3.1.pdsc: PDSC version is not supported
2026-08-10 09:02:01,127 [ERROR] Engine:500 - C:\Users\Alunos\.stm32cubemx\thirdparties\pdsc\STMicroelectronics.X-CUBE-FREERTOS.1.3.0.pdsc: PDSC version is not supported
2026-08-10 09:02:01,160 [ERROR] Engine:500 - C:\Users\Alunos\.stm32cubemx\thirdparties\pdsc\STMicroelectronics.FP-SNS-STAIOTCFT.1.0.0.pdsc: PDSC version is not supported
2026-08-10 09:02:01,176 [ERROR] Engine:500 - C:\Users\Alunos\.stm32cubemx\thirdparties\pdsc\STMicroelectronics.X-CUBE-DPower.1.3.0.pdsc: PDSC version is not supported
2026-08-10 09:02:01,197 [WARN] ConditionMgr:437 - getConditionDescription Invalid condition id : LAN8742 Phy interface Condition cause : null
2026-08-10 09:02:01,198 [WARN] ConditionMgr:1040 - genDependencies : Invalid condition id : LAN8742 Phy interface Condition cause : null
2026-08-10 09:02:01,198 [WARN] ConditionMgr:1040 - genDependencies : Invalid condition id : LAN8742 Phy interface Condition cause : null
2026-08-10 09:02:01,199 [WARN] ConditionMgr:1040 - genDependencies : Invalid condition id : LAN8742 Phy interface Condition cause : null
2026-08-10 09:02:01,222 [ERROR] Engine:500 - C:\Users\Alunos\.stm32cubemx\thirdparties\pdsc\STMicroelectronics.X-CUBE-ST67W61.1.2.0.pdsc: PDSC version is not supported
2026-08-10 09:02:01,254 [ERROR] Engine:500 - C:\Users\Alunos\.stm32cubemx\thirdparties\pdsc\STMicroelectronics.X-CUBE-BLEMGR.4.1.0.pdsc: PDSC version is not supported
2026-08-10 09:02:01,269 [WARN] ConditionMgr:437 - getConditionDescription Invalid condition id : UX DEVICE CLASS RTOS Condition cause : null
2026-08-10 09:02:01,269 [WARN] ConditionMgr:437 - getConditionDescription Invalid condition id : UX DEVICE CLASS RTOS Condition cause : null
2026-08-10 09:02:01,269 [WARN] ConditionMgr:1040 - genDependencies : Invalid condition id : UX DEVICE CLASS RTOS Condition cause : null
2026-08-10 09:02:01,269 [WARN] ConditionMgr:1040 - genDependencies : Invalid condition id : UX DEVICE CLASS RTOS Condition cause : null
2026-08-10 09:02:01,269 [WARN] ConditionMgr:1040 - genDependencies : Invalid condition id : UX DEVICE CLASS RTOS Condition cause : null
2026-08-10 09:02:01,269 [WARN] ConditionMgr:1040 - genDependencies : Invalid condition id : UX DEVICE CLASS RTOS Condition cause : null
2026-08-10 09:02:01,269 [WARN] ConditionMgr:1040 - genDependencies : Invalid condition id : UX DEVICE CLASS RTOS Condition cause : null
2026-08-10 09:02:01,303 [ERROR] Engine:500 - C:\Users\Alunos\.stm32cubemx\thirdparties\pdsc\STMicroelectronics.FP-SNS-STBOX1.2.0.0.pdsc: PDSC version is not supported
2026-08-10 09:02:01,346 [ERROR] Engine:500 - C:\Users\Alunos\.stm32cubemx\thirdparties\pdsc\Cesanta.I-CUBE-Mongoose.7.13.0.pdsc: PDSC version is not supported
2026-08-10 09:02:01,393 [ERROR] Engine:500 - C:\Users\Alunos\.stm32cubemx\thirdparties\pdsc\STMicroelectronics.X-CUBE-IPS.3.1.0.pdsc: PDSC version is not supported
2026-08-10 09:02:01,412 [ERROR] Engine:500 - C:\Users\Alunos\.stm32cubemx\thirdparties\pdsc\STMicroelectronics.X-CUBE-BLEMGR.4.2.0.pdsc: PDSC version is not supported
2026-08-10 09:02:01,419 [ERROR] Engine:500 - C:\Users\Alunos\.stm32cubemx\thirdparties\pdsc\STMicroelectronics.X-CUBE-ALS.1.0.2.pdsc: PDSC version is not supported
2026-08-10 09:02:01,455 [ERROR] Engine:500 - C:\Users\Alunos\.stm32cubemx\thirdparties\pdsc\STMicroelectronics.X-CUBE-TOF1.3.4.2.pdsc: PDSC version is not supported
2026-08-10 09:02:01,470 [ERROR] Engine:500 - C:\Users\Alunos\.stm32cubemx\thirdparties\pdsc\STMicroelectronics.X-CUBE-TOF1.3.4.3.pdsc: PDSC version is not supported
2026-08-10 09:02:01,470 [INFO] ThirdParty:887 - Integrity check success = true
2026-08-10 09:02:01,470 [INFO] IntegrityCheckThread:75 - exiting critical section [integrity check]
2026-08-10 09:02:01,470 [INFO] IntegrityCheckThread:78 - End integrity checks thread
2026-08-10 09:02:02,106 [WARN] ApiManager:294 - Cannot register API 'Board Extension:PM33A1' from pack STMicroelectronics.X-CUBE-PM33A1.1.0.0: no header file found
2026-08-10 09:02:02,122 [WARN] ApiManager:294 - Cannot register API 'Board Extension:NFC09A1' from pack STMicroelectronics.X-CUBE-NFC9.1.0.0: no header file found
2026-08-10 09:02:02,122 [WARN] ApiManager:294 - Cannot register API 'Wireless:BlueNRG-MS' from pack STMicroelectronics.X-CUBE-BLE1.7.1.0: no header file found
2026-08-10 09:02:02,122 [WARN] ApiManager:294 - Cannot register API 'Wireless:STM32WB05N' from pack STMicroelectronics.X-CUBE-WB05N.1.1.0: no header file found
2026-08-10 09:02:02,122 [WARN] ApiManager:294 - Cannot register API 'Board Extension:EEPRMA2' from pack STMicroelectronics.X-CUBE-EEPRMA1.5.2.0: no header file found
2026-08-10 09:02:02,122 [WARN] ApiManager:294 - Cannot register API 'Board Extension:PGEEZ1' from pack STMicroelectronics.X-CUBE-EEPRMA1.5.2.0: no header file found
2026-08-10 09:02:02,122 [WARN] ApiManager:294 - Cannot register API 'Board Extension:EEICA1' from pack STMicroelectronics.X-CUBE-EEPRMA1.5.2.0: no header file found
2026-08-10 09:02:02,122 [WARN] ApiManager:294 - Cannot register API 'Board Part:M24' from pack STMicroelectronics.X-CUBE-EEPRMA1.5.2.0: no header file found
2026-08-10 09:02:02,122 [WARN] ApiManager:294 - Cannot register API 'Board Part:M95' from pack STMicroelectronics.X-CUBE-EEPRMA1.5.2.0: no header file found
2026-08-10 09:02:02,122 [WARN] ApiManager:294 - Cannot register API 'Board Part:M95P32' from pack STMicroelectronics.X-CUBE-EEPRMA1.5.2.0: no header file found
2026-08-10 09:02:02,122 [WARN] ApiManager:294 - Cannot register API 'Board Part:M24256E-F' from pack STMicroelectronics.X-CUBE-EEPRMA1.5.2.0: no header file found
2026-08-10 09:02:02,122 [WARN] ApiManager:294 - Cannot register API 'Board Part:M24M01E-F' from pack STMicroelectronics.X-CUBE-EEPRMA1.5.2.0: no header file found
2026-08-10 09:02:02,122 [WARN] ApiManager:294 - Cannot register API 'PGEEZ1:SPI' from pack STMicroelectronics.X-CUBE-EEPRMA1.5.2.0: no header file found
2026-08-10 09:02:02,122 [WARN] ApiManager:294 - Cannot register API 'PGEEZ1:QDSPI' from pack STMicroelectronics.X-CUBE-EEPRMA1.5.2.0: no header file found
2026-08-10 09:02:02,122 [WARN] ApiManager:294 - Cannot register API 'Board Extension:GNSS1A1' from pack STMicroelectronics.X-CUBE-GNSS1.7.0.1: no header file found
2026-08-10 09:02:02,122 [WARN] ApiManager:294 - Cannot register API 'Board Support:Custom' from pack STMicroelectronics.X-CUBE-GNSS1.7.0.1: no header file found
2026-08-10 09:02:02,122 [WARN] ApiManager:294 - Cannot register API 'Data Exchange:lib_gnss' from pack STMicroelectronics.X-CUBE-GNSS1.7.0.1: no header file found
2026-08-10 09:02:02,122 [WARN] ApiManager:294 - Cannot register API 'Board Extension:NFC12A1' from pack STMicroelectronics.X-CUBE-NFC12.1.0.0: no header file found
2026-08-10 09:02:02,138 [WARN] ApiManager:294 - Cannot register API 'Board Extension:NFC06A1' from pack STMicroelectronics.X-CUBE-NFC6.3.1.0: no header file found
2026-08-10 09:02:02,138 [WARN] ApiManager:294 - Cannot register API 'Board Extension:NFC08A1' from pack STMicroelectronics.X-CUBE-NFC6.3.1.0: no header file found
2026-08-10 09:02:02,153 [WARN] ApiManager:294 - Cannot register API 'Board Extension:IKS02A1' from pack STMicroelectronics.X-CUBE-MEMS1.12.0.0: no header file found
2026-08-10 09:02:02,153 [WARN] ApiManager:294 - Cannot register API 'Board Extension:IKS4A1' from pack STMicroelectronics.X-CUBE-MEMS1.12.0.0: no header file found
2026-08-10 09:02:02,153 [WARN] ApiManager:294 - Cannot register API 'Board Extension:IKS5A1' from pack STMicroelectronics.X-CUBE-MEMS1.12.0.0: no header file found
2026-08-10 09:02:02,173 [WARN] ApiManager:294 - Cannot register API 'Board Extension:SAFEA1' from pack STMicroelectronics.X-CUBE-STSE01.2.0.0: no header file found
2026-08-10 09:02:02,173 [WARN] ApiManager:294 - Cannot register API 'Board Extension:ESE01A1' from pack STMicroelectronics.X-CUBE-STSE01.2.0.0: no header file found
2026-08-10 09:02:02,173 [WARN] ApiManager:294 - Cannot register API 'Board Extension:ESE02A1' from pack STMicroelectronics.X-CUBE-STSE01.2.0.0: no header file found
2026-08-10 09:02:02,173 [WARN] ApiManager:294 - Cannot register API 'Board Part:STSAFEA110' from pack STMicroelectronics.X-CUBE-STSE01.2.0.0: no header file found
2026-08-10 09:02:02,173 [WARN] ApiManager:294 - Cannot register API 'Board Part:STSAFEA120' from pack STMicroelectronics.X-CUBE-STSE01.2.0.0: no header file found
2026-08-10 09:02:02,173 [WARN] ApiManager:294 - Cannot register API 'Board Part:STSAFEL010' from pack STMicroelectronics.X-CUBE-STSE01.2.0.0: no header file found
2026-08-10 09:02:02,173 [WARN] ApiManager:294 - Cannot register API 'Security:STM32_Cryptographic' from pack STMicroelectronics.X-CUBE-STSE01.2.0.0: no header file found
2026-08-10 09:02:02,173 [WARN] ApiManager:294 - Cannot register API 'Security:STSELib' from pack STMicroelectronics.X-CUBE-STSE01.2.0.0: no header file found
2026-08-10 09:02:02,188 [WARN] ApiManager:294 - Cannot register API 'Board Extension:IKS01A3' from pack STMicroelectronics.X-CUBE-MEMS1.11.2.0: no header file found
2026-08-10 09:02:02,188 [WARN] ApiManager:294 - Cannot register API 'Board Extension:IKS02A1' from pack STMicroelectronics.X-CUBE-MEMS1.11.2.0: no header file found
2026-08-10 09:02:02,188 [WARN] ApiManager:294 - Cannot register API 'Board Extension:IKS4A1' from pack STMicroelectronics.X-CUBE-MEMS1.11.2.0: no header file found
2026-08-10 09:02:02,188 [INFO] RtosManager:464 - Registered RTOS mode: class=CMSIS, group=RTOS, mode=CMSIS_V1, owner=FREERTOS
2026-08-10 09:02:02,188 [INFO] RtosManager:464 - Registered RTOS mode: class=CMSIS, group=RTOS2, mode=CMSIS_V2, owner=FREERTOS
2026-08-10 09:02:02,188 [INFO] RtosManager:464 - Registered RTOS mode: class=RTOS, group=Core, mode=CMSIS_V1, owner=FREERTOS
2026-08-10 09:02:02,188 [INFO] RtosManager:464 - Registered RTOS mode: class=RTOS, group=Core, mode=CMSIS_V2, owner=FREERTOS
2026-08-10 09:02:02,188 [WARN] ModelIntegratedComponent:182 - Missing modes for component STMicroelectronics:FreeRTOS:0.0.1:STMicroelectronics:RTOS:FreeRTOS:Core:::10.2.0:
2026-08-10 09:02:02,188 [WARN] ApiManager:294 - Cannot register API 'Board Extension:STSAFEA1' from pack STMicroelectronics.X-CUBE-SAFEA1.1.2.2: no header file found
2026-08-10 09:02:02,188 [WARN] ApiManager:294 - Cannot register API 'Board Part:STSAFEA110' from pack STMicroelectronics.X-CUBE-SAFEA1.1.2.2: no header file found
2026-08-10 09:02:02,188 [WARN] ApiManager:294 - Cannot register API 'Security:ST_Cryptolib' from pack STMicroelectronics.X-CUBE-SAFEA1.1.2.2: no header file found
2026-08-10 09:02:02,188 [WARN] ApiManager:294 - Cannot register API 'Security:MbedTLS' from pack STMicroelectronics.X-CUBE-SAFEA1.1.2.2: no header file found
2026-08-10 09:02:02,188 [WARN] ApiManager:294 - Cannot register API 'Board Extension:NFC04A1' from pack STMicroelectronics.X-CUBE-NFC4.3.0.0: no header file found
2026-08-10 09:02:02,204 [WARN] ApiManager:294 - Cannot register API 'Board Extension:S2868A1' from pack STMicroelectronics.X-CUBE-SUBG2.5.0.0: no header file found
2026-08-10 09:02:02,204 [WARN] ApiManager:294 - Cannot register API 'Board Extension:S2868A2' from pack STMicroelectronics.X-CUBE-SUBG2.5.0.0: no header file found
2026-08-10 09:02:02,204 [WARN] ApiManager:294 - Cannot register API 'Board Extension:S2915A1' from pack STMicroelectronics.X-CUBE-SUBG2.5.0.0: no header file found
2026-08-10 09:02:02,220 [WARN] ApiManager:294 - Cannot register API 'Board Extension:IKS02A1' from pack STMicroelectronics.X-CUBE-MEMS1.13.0.0: no header file found
2026-08-10 09:02:02,220 [WARN] ApiManager:294 - Cannot register API 'Board Extension:IKS4A1' from pack STMicroelectronics.X-CUBE-MEMS1.13.0.0: no header file found
2026-08-10 09:02:02,220 [WARN] ApiManager:294 - Cannot register API 'Board Extension:IKS5A1' from pack STMicroelectronics.X-CUBE-MEMS1.13.0.0: no header file found
2026-08-10 09:02:02,220 [WARN] ApiManager:294 - Cannot register API 'Wireless:STM32WB05N' from pack STMicroelectronics.X-CUBE-WB05N.2.0.0: no header file found
2026-08-10 09:02:02,220 [WARN] ApiManager:294 - Cannot register API 'Board Extension:NFC07A1' from pack STMicroelectronics.X-CUBE-NFC7.2.0.0: no header file found
2026-08-10 09:02:02,220 [WARN] ApiManager:294 - Cannot register API 'Board Extension:GNSS1A1' from pack STMicroelectronics.X-CUBE-GNSS1.7.1.1: no header file found
2026-08-10 09:02:02,220 [WARN] ApiManager:294 - Cannot register API 'Board Support:Custom' from pack STMicroelectronics.X-CUBE-GNSS1.7.1.1: no header file found
2026-08-10 09:02:02,220 [WARN] ApiManager:294 - Cannot register API 'Data Exchange:lib_gnss' from pack STMicroelectronics.X-CUBE-GNSS1.7.1.1: no header file found
2026-08-10 09:02:02,220 [WARN] ApiManager:294 - Cannot register API 'Wireless:BlueNRG-MS' from pack STMicroelectronics.X-CUBE-BLE1.7.0.0: no header file found
2026-08-10 09:02:02,220 [WARN] ApiManager:294 - Cannot register API 'Board Extension:NFC10A1' from pack STMicroelectronics.X-CUBE-NFC10.1.0.0: no header file found
2026-08-10 09:02:02,220 [WARN] ApiManager:294 - Cannot register API 'Board Extension:EEPRMA2' from pack STMicroelectronics.X-CUBE-EEPRMA1.5.1.0: no header file found
2026-08-10 09:02:02,220 [WARN] ApiManager:294 - Cannot register API 'Board Extension:PGEEZ1' from pack STMicroelectronics.X-CUBE-EEPRMA1.5.1.0: no header file found
2026-08-10 09:02:02,220 [WARN] ApiManager:294 - Cannot register API 'Board Extension:EEICA1' from pack STMicroelectronics.X-CUBE-EEPRMA1.5.1.0: no header file found
2026-08-10 09:02:02,220 [WARN] ApiManager:294 - Cannot register API 'Board Part:M24' from pack STMicroelectronics.X-CUBE-EEPRMA1.5.1.0: no header file found
2026-08-10 09:02:02,220 [WARN] ApiManager:294 - Cannot register API 'Board Part:M95' from pack STMicroelectronics.X-CUBE-EEPRMA1.5.1.0: no header file found
2026-08-10 09:02:02,220 [WARN] ApiManager:294 - Cannot register API 'Board Part:M95P32' from pack STMicroelectronics.X-CUBE-EEPRMA1.5.1.0: no header file found
2026-08-10 09:02:02,220 [WARN] ApiManager:294 - Cannot register API 'Board Part:M24256E-F' from pack STMicroelectronics.X-CUBE-EEPRMA1.5.1.0: no header file found
2026-08-10 09:02:02,220 [WARN] ApiManager:294 - Cannot register API 'Board Part:M24M01E-F' from pack STMicroelectronics.X-CUBE-EEPRMA1.5.1.0: no header file found
2026-08-10 09:02:02,220 [WARN] ApiManager:294 - Cannot register API 'PGEEZ1:SPI' from pack STMicroelectronics.X-CUBE-EEPRMA1.5.1.0: no header file found
2026-08-10 09:02:02,220 [WARN] ApiManager:294 - Cannot register API 'PGEEZ1:QDSPI' from pack STMicroelectronics.X-CUBE-EEPRMA1.5.1.0: no header file found
2026-08-10 09:02:02,220 [WARN] ModelIntegratedComponent:51 - No mode defined for component null
2026-08-10 09:02:02,220 [WARN] ModelIntegratedComponent:51 - No mode defined for component null
2026-08-10 09:02:02,220 [WARN] ModelIntegratedComponent:51 - No mode defined for component null
2026-08-10 09:02:02,220 [WARN] ModelIntegratedComponent:51 - No mode defined for component null
2026-08-10 09:02:02,220 [WARN] ModelIntegratedComponent:51 - No mode defined for component null
2026-08-10 09:02:02,220 [WARN] ModelIntegratedComponent:51 - No mode defined for component null
2026-08-10 09:02:02,220 [WARN] ModelIntegratedComponent:51 - No mode defined for component null
2026-08-10 09:02:02,220 [WARN] ModelIntegratedComponent:51 - No mode defined for component null
2026-08-10 09:02:02,220 [WARN] ModelIntegratedComponent:51 - No mode defined for component null
2026-08-10 09:02:02,220 [WARN] ModelIntegratedComponent:51 - No mode defined for component null
2026-08-10 09:02:02,220 [WARN] ModelIntegratedComponent:51 - No mode defined for component null
2026-08-10 09:02:02,220 [WARN] ModelIntegratedComponent:51 - No mode defined for component null
2026-08-10 09:02:02,220 [WARN] ModelIntegratedComponent:51 - No mode defined for component null
2026-08-10 09:02:02,220 [WARN] ModelIntegratedComponent:51 - No mode defined for component null
2026-08-10 09:02:02,220 [WARN] ModelIntegratedComponent:51 - No mode defined for component null
2026-08-10 09:02:02,220 [WARN] ModelIntegratedComponent:51 - No mode defined for component null
2026-08-10 09:02:02,220 [WARN] ModelIntegratedComponent:51 - No mode defined for component null
2026-08-10 09:02:02,220 [WARN] ModelIntegratedComponent:51 - No mode defined for component null
2026-08-10 09:02:02,220 [WARN] ModelIntegratedComponent:51 - No mode defined for component null
2026-08-10 09:02:02,220 [WARN] ModelIntegratedComponent:51 - No mode defined for component null
2026-08-10 09:02:02,220 [WARN] ModelIntegratedComponent:51 - No mode defined for component null
2026-08-10 09:02:02,220 [WARN] ModelIntegratedComponent:51 - No mode defined for component null
2026-08-10 09:02:02,220 [WARN] ModelIntegratedComponent:51 - No mode defined for component null
2026-08-10 09:02:02,220 [WARN] ModelIntegratedComponent:51 - No mode defined for component null
2026-08-10 09:02:02,220 [WARN] ModelIntegratedComponent:51 - No mode defined for component null
2026-08-10 09:02:02,220 [WARN] ModelIntegratedComponent:51 - No mode defined for component null
2026-08-10 09:02:02,220 [WARN] ModelIntegratedComponent:51 - No mode defined for component null
2026-08-10 09:02:02,220 [WARN] ModelIntegratedComponent:51 - No mode defined for component null
2026-08-10 09:02:02,220 [WARN] ModelIntegratedComponent:51 - No mode defined for component null
2026-08-10 09:02:02,220 [WARN] ModelIntegratedComponent:51 - No mode defined for component null
2026-08-10 09:02:02,220 [WARN] ModelIntegratedComponent:51 - No mode defined for component null
2026-08-10 09:02:02,220 [WARN] ModelIntegratedComponent:51 - No mode defined for component null
2026-08-10 09:02:02,220 [WARN] ModelIntegratedComponent:51 - No mode defined for component null
2026-08-10 09:02:02,220 [WARN] ModelIntegratedComponent:51 - No mode defined for component null
2026-08-10 09:02:02,220 [WARN] ModelIntegratedComponent:51 - No mode defined for component null
2026-08-10 09:02:02,220 [WARN] ModelIntegratedComponent:51 - No mode defined for component null
2026-08-10 09:02:02,220 [WARN] ModelIntegratedComponent:51 - No mode defined for component null
2026-08-10 09:02:02,220 [WARN] ModelIntegratedComponent:51 - No mode defined for component null
2026-08-10 09:02:02,220 [WARN] ApiManager:294 - Cannot register API 'Board Extension:NFC07A1' from pack STMicroelectronics.X-CUBE-NFC7.1.0.1: no header file found
2026-08-10 09:02:02,220 [WARN] ApiManager:294 - Cannot register API 'Board Extension:GNSS1A1' from pack STMicroelectronics.X-CUBE-GNSS1.7.1.0: no header file found
2026-08-10 09:02:02,220 [WARN] ApiManager:294 - Cannot register API 'Board Support:Custom' from pack STMicroelectronics.X-CUBE-GNSS1.7.1.0: no header file found
2026-08-10 09:02:02,220 [WARN] ApiManager:294 - Cannot register API 'Data Exchange:lib_gnss' from pack STMicroelectronics.X-CUBE-GNSS1.7.1.0: no header file found
2026-08-10 09:02:02,220 [WARN] ApiManager:294 - Cannot register API 'Board Extension:SAFEA1' from pack STMicroelectronics.X-CUBE-STSE01.1.0.0: no header file found
2026-08-10 09:02:02,220 [WARN] ApiManager:294 - Cannot register API 'Board Extension:ESE01A1' from pack STMicroelectronics.X-CUBE-STSE01.1.0.0: no header file found
2026-08-10 09:02:02,220 [WARN] ApiManager:294 - Cannot register API 'Board Part:STSAFEA110' from pack STMicroelectronics.X-CUBE-STSE01.1.0.0: no header file found
2026-08-10 09:02:02,220 [WARN] ApiManager:294 - Cannot register API 'Board Part:STSAFEA120' from pack STMicroelectronics.X-CUBE-STSE01.1.0.0: no header file found
2026-08-10 09:02:02,220 [WARN] ApiManager:294 - Cannot register API 'Security:STM32_Cryptographic' from pack STMicroelectronics.X-CUBE-STSE01.1.0.0: no header file found
2026-08-10 09:02:02,220 [WARN] ApiManager:294 - Cannot register API 'Security:STSELib' from pack STMicroelectronics.X-CUBE-STSE01.1.0.0: no header file found
2026-08-10 09:02:02,220 [WARN] ApiManager:294 - Cannot register API 'Board Extension:NFC06A1' from pack STMicroelectronics.X-CUBE-NFC6.3.2.0: no header file found
2026-08-10 09:02:02,220 [WARN] ApiManager:294 - Cannot register API 'Board Extension:NFC08A1' from pack STMicroelectronics.X-CUBE-NFC6.3.2.0: no header file found
2026-08-10 09:02:02,235 [WARN] ApiManager:294 - Cannot register API 'Board Extension:IKS02A1' from pack STMicroelectronics.X-CUBE-MEMS1.12.1.0: no header file found
2026-08-10 09:02:02,235 [WARN] ApiManager:294 - Cannot register API 'Board Extension:IKS4A1' from pack STMicroelectronics.X-CUBE-MEMS1.12.1.0: no header file found
2026-08-10 09:02:02,235 [WARN] ApiManager:294 - Cannot register API 'Board Extension:IKS5A1' from pack STMicroelectronics.X-CUBE-MEMS1.12.1.0: no header file found
2026-08-10 09:02:02,273 [WARN] ApiManager:294 - Cannot register API 'Board Extension:IKS01A3' from pack STMicroelectronics.X-CUBE-MEMS1.11.1.0: no header file found
2026-08-10 09:02:02,273 [WARN] ApiManager:294 - Cannot register API 'Board Extension:IKS02A1' from pack STMicroelectronics.X-CUBE-MEMS1.11.1.0: no header file found
2026-08-10 09:02:02,273 [WARN] ApiManager:294 - Cannot register API 'Board Extension:IKS4A1' from pack STMicroelectronics.X-CUBE-MEMS1.11.1.0: no header file found
2026-08-10 09:02:02,302 [WARN] ApiManager:294 - Cannot register API 'Board Extension:IKS01A3' from pack STMicroelectronics.X-CUBE-MEMS1.11.3.0: no header file found
2026-08-10 09:02:02,303 [WARN] ApiManager:294 - Cannot register API 'Board Extension:IKS02A1' from pack STMicroelectronics.X-CUBE-MEMS1.11.3.0: no header file found
2026-08-10 09:02:02,303 [WARN] ApiManager:294 - Cannot register API 'Board Extension:IKS4A1' from pack STMicroelectronics.X-CUBE-MEMS1.11.3.0: no header file found
2026-08-10 09:02:02,307 [WARN] ApiManager:294 - Cannot register API 'Board Extension:S2868A1' from pack STMicroelectronics.X-CUBE-SFXS2LP1.4.0.0: no header file found
2026-08-10 09:02:02,307 [WARN] ApiManager:294 - Cannot register API 'Board Extension:S2868A2' from pack STMicroelectronics.X-CUBE-SFXS2LP1.4.0.0: no header file found
2026-08-10 09:02:02,307 [WARN] ApiManager:294 - Cannot register API 'Board Extension:S2915A1' from pack STMicroelectronics.X-CUBE-SFXS2LP1.4.0.0: no header file found
2026-08-10 09:02:02,308 [WARN] ApiManager:294 - Cannot register API 'Wireless:BlueNRG-2' from pack STMicroelectronics.X-CUBE-BLE2.3.3.0: no header file found
2026-08-10 09:02:02,308 [WARN] ApiManager:294 - Cannot register API 'Board Extension:NFC13A1' from pack STMicroelectronics.X-CUBE-NFC13.1.0.0: no header file found
2026-08-10 09:02:02,308 [WARN] ApiManager:294 - Cannot register API 'Wireless:STM32WB05N' from pack STMicroelectronics.X-CUBE-WB05N.2.1.0: no header file found
2026-08-10 09:02:04,110 [INFO] ImportTextPane:162 - (OptionalMessage_ERROR) IP (RCC) : Invalid parameter (FamilyName)
2026-08-10 09:02:04,172 [INFO] UtilMem:74 - End LoadConfig() Used Memory: 274193320 Bytes (558891008)
2026-08-10 09:02:04,172 [INFO] DbMcusXml:97 - Load MCU database from C:\ST\STM32CubeIDE_1.5.1\STM32CubeIDE\plugins\com.st.stm32cube.common.mx_6.1.1.202012091304\\db\/mcu/families.xml
2026-08-10 09:02:04,485 [INFO] DbMcusJson:92 - JSON generation date=Tue Nov 16 13:17:54 BRT 2021 (1637079474)
2026-08-10 09:02:04,843 [INFO] DbMcus:176 - Found 1835 MCUs (1796 are supported by CubeMX, 1920 are visible in CubeMX)
2026-08-10 09:02:04,848 [INFO] ApiDb:238 - Load user favorites file C:\Users\Alunos/.stm32cubeide/favorites.mcus.txt: 1 item(s)
2026-08-10 09:02:04,849 [INFO] ApiDb:242 - User favorites MCUs=[STM32F103C8Tx]
2026-08-10 09:02:04,849 [INFO] DbMcus:188 - Set 1 / 1 favorites MCUs
2026-08-10 09:02:04,856 [WARN] ThirdParty:749 - waiting for thirdparty lock release [change project]
2026-08-10 09:02:04,856 [INFO] ThirdParty:751 - entering critical section [change project]
2026-08-10 09:02:04,856 [INFO] ThirdParty:939 - CMSIS Pack Vendor :STMicroelectronics X-CUBE-AZRTOS-H7 3.5.0
2026-08-10 09:02:04,856 [INFO] ThirdParty:939 - CMSIS Pack Vendor :STMicroelectronics X-CUBE-PM33A1 1.0.0
2026-08-10 09:02:04,856 [INFO] ThirdParty:939 - CMSIS Pack Vendor :STMicroelectronics X-CUBE-AZRTOS-H7 3.3.0
2026-08-10 09:02:04,856 [INFO] ThirdParty:939 - CMSIS Pack Vendor :STMicroelectronics X-CUBE-NFC9 1.0.0
2026-08-10 09:02:04,856 [INFO] ThirdParty:939 - CMSIS Pack Vendor :STMicroelectronics USB_HOST 2.0.0
2026-08-10 09:02:04,856 [INFO] ThirdParty:939 - CMSIS Pack Vendor :STMicroelectronics FP-ATR-ASTRA1 2.0.3
2026-08-10 09:02:04,856 [INFO] ThirdParty:939 - CMSIS Pack Vendor :STMicroelectronics X-CUBE-AZRTOS-F4 1.1.0
2026-08-10 09:02:04,856 [INFO] ThirdParty:939 - CMSIS Pack Vendor :STMicroelectronics FP-ATR-ASTRA1 2.0.2
2026-08-10 09:02:04,856 [INFO] ThirdParty:939 - CMSIS Pack Vendor :STMicroelectronics FP-ATR-ASTRA1 2.0.1
2026-08-10 09:02:04,856 [INFO] ThirdParty:939 - CMSIS Pack Vendor :STMicroelectronics X-CUBE-BLE1 7.1.0
2026-08-10 09:02:04,856 [INFO] ThirdParty:939 - CMSIS Pack Vendor :STMicroelectronics X-CUBE-WB05N 1.1.0
2026-08-10 09:02:04,856 [INFO] ThirdParty:939 - CMSIS Pack Vendor :wolfSSL I-CUBE-wolfMQTT 1.19.2
2026-08-10 09:02:04,856 [INFO] ThirdParty:939 - CMSIS Pack Vendor :STMicroelectronics USB_DEVICE 3.0.0
2026-08-10 09:02:04,856 [INFO] ThirdParty:939 - CMSIS Pack Vendor :STMicroelectronics X-CUBE-ISPU 2.1.0
2026-08-10 09:02:04,856 [INFO] ThirdParty:939 - CMSIS Pack Vendor :STMicroelectronics X-CUBE-EEPRMA1 5.2.0
2026-08-10 09:02:04,856 [INFO] ThirdParty:939 - CMSIS Pack Vendor :STMicroelectronics X-CUBE-AZRTOS-WB 2.0.0
2026-08-10 09:02:04,856 [INFO] ThirdParty:939 - CMSIS Pack Vendor :STMicroelectronics X-CUBE-GNSS1 7.0.1
2026-08-10 09:02:04,856 [INFO] ThirdParty:939 - CMSIS Pack Vendor :STMicroelectronics X-CUBE-NFC12 1.0.0
2026-08-10 09:02:04,856 [INFO] ThirdParty:939 - CMSIS Pack Vendor :STMicroelectronics X-CUBE-AZRTOS-F7 1.1.0
2026-08-10 09:02:04,856 [INFO] ThirdParty:939 - CMSIS Pack Vendor :STMicroelectronics X-CUBE-AZRTOS-L5 2.0.0
2026-08-10 09:02:04,856 [INFO] ThirdParty:939 - CMSIS Pack Vendor :STMicroelectronics X-CUBE-TOUCHGFX 4.25.0
2026-08-10 09:02:04,856 [INFO] ThirdParty:939 - CMSIS Pack Vendor :STMicroelectronics USB_DEVICE 2.0.0
2026-08-10 09:02:04,856 [INFO] ThirdParty:939 - CMSIS Pack Vendor :STMicroelectronics X-CUBE-NFC6 3.1.0
2026-08-10 09:02:04,856 [INFO] ThirdParty:939 - CMSIS Pack Vendor :STMicroelectronics X-CUBE-AI 10.1.0
2026-08-10 09:02:04,856 [INFO] ThirdParty:939 - CMSIS Pack Vendor :STMicroelectronics X-CUBE-MEMS1 12.0.0
2026-08-10 09:02:04,856 [INFO] ThirdParty:939 - CMSIS Pack Vendor :STMicroelectronics X-CUBE-STSE01 2.0.0
2026-08-10 09:02:04,856 [INFO] ThirdParty:939 - CMSIS Pack Vendor :STMicroelectronics X-CUBE-ALGOBUILD 1.5.0
2026-08-10 09:02:04,857 [INFO] ThirdParty:939 - CMSIS Pack Vendor :STMicroelectronics X-CUBE-MEMS1 11.2.0
2026-08-10 09:02:04,857 [INFO] ThirdParty:939 - CMSIS Pack Vendor :STMicroelectronics FreeRTOS 0.0.1
2026-08-10 09:02:04,857 [INFO] ThirdParty:939 - CMSIS Pack Vendor :STMicroelectronics X-CUBE-AZRTOS-H7RS 1.3.0
2026-08-10 09:02:04,857 [INFO] ThirdParty:939 - CMSIS Pack Vendor :STMicroelectronics X-CUBE-AZRTOS-G0 1.1.0
2026-08-10 09:02:04,857 [INFO] ThirdParty:939 - CMSIS Pack Vendor :STMicroelectronics X-CUBE-SAFEA1 1.2.2
2026-08-10 09:02:04,857 [INFO] ThirdParty:939 - CMSIS Pack Vendor :STMicroelectronics X-CUBE-NFC4 3.0.0
2026-08-10 09:02:04,857 [INFO] ThirdParty:939 - CMSIS Pack Vendor :STMicroelectronics X-CUBE-SUBG2 5.0.0
2026-08-10 09:02:04,857 [INFO] ThirdParty:939 - CMSIS Pack Vendor :STMicroelectronics X-CUBE-AZRTOS-H7RS 1.1.0
2026-08-10 09:02:04,857 [INFO] ThirdParty:939 - CMSIS Pack Vendor :STMicroelectronics lwIP 2.0.3
2026-08-10 09:02:04,857 [INFO] ThirdParty:939 - CMSIS Pack Vendor :STMicroelectronics X-CUBE-MEMS1 13.0.0
2026-08-10 09:02:04,857 [INFO] ThirdParty:939 - CMSIS Pack Vendor :STMicroelectronics USB_HOST 1.0.0
2026-08-10 09:02:04,857 [INFO] ThirdParty:939 - CMSIS Pack Vendor :STMicroelectronics X-CUBE-AZRTOS-G4 2.0.0
2026-08-10 09:02:04,857 [INFO] ThirdParty:939 - CMSIS Pack Vendor :STMicroelectronics X-CUBE-WB05N 2.0.0
2026-08-10 09:02:04,857 [INFO] ThirdParty:939 - CMSIS Pack Vendor :STMicroelectronics PDM2PCM 3.1.0
2026-08-10 09:02:04,857 [INFO] ThirdParty:939 - CMSIS Pack Vendor :STMicroelectronics PDM2PCM 3.3.0
2026-08-10 09:02:04,857 [INFO] ThirdParty:939 - CMSIS Pack Vendor :wolfSSL I-CUBE-wolfTPM 3.8.0
2026-08-10 09:02:04,857 [INFO] ThirdParty:939 - CMSIS Pack Vendor :STMicroelectronics X-CUBE-AZRTOS-H7 3.4.0
2026-08-10 09:02:04,857 [INFO] ThirdParty:939 - CMSIS Pack Vendor :wolfSSL I-CUBE-wolfSSH 1.4.20
2026-08-10 09:02:04,857 [INFO] ThirdParty:939 - CMSIS Pack Vendor :STMicroelectronics X-CUBE-NFC7 2.0.0
2026-08-10 09:02:04,857 [INFO] ThirdParty:939 - CMSIS Pack Vendor :STMicroelectronics X-CUBE-GNSS1 7.1.1
2026-08-10 09:02:04,857 [INFO] ThirdParty:939 - CMSIS Pack Vendor :STMicroelectronics X-CUBE-BLE1 7.0.0
2026-08-10 09:02:04,857 [INFO] ThirdParty:939 - CMSIS Pack Vendor :STMicroelectronics FP-ATR-SIGFOX1 3.2.0
2026-08-10 09:02:04,857 [INFO] ThirdParty:939 - CMSIS Pack Vendor :STMicroelectronics X-CUBE-NFC10 1.0.0
2026-08-10 09:02:04,857 [INFO] ThirdParty:939 - CMSIS Pack Vendor :STMicroelectronics X-CUBE-EEPRMA1 5.1.0
2026-08-10 09:02:04,857 [INFO] ThirdParty:939 - CMSIS Pack Vendor :STMicroelectronics HAL Drivers 0.0.0
2026-08-10 09:02:04,857 [INFO] ThirdParty:939 - CMSIS Pack Vendor :STMicroelectronics MBEDTLS 2.16.2
2026-08-10 09:02:04,857 [INFO] ThirdParty:939 - CMSIS Pack Vendor :STMicroelectronics X-CUBE-NFC7 1.0.1
2026-08-10 09:02:04,857 [INFO] ThirdParty:939 - CMSIS Pack Vendor :STMicroelectronics MBEDTLS 2.14.1
2026-08-10 09:02:04,857 [INFO] ThirdParty:939 - CMSIS Pack Vendor :STMicroelectronics X-CUBE-GNSS1 7.1.0
2026-08-10 09:02:04,857 [INFO] ThirdParty:939 - CMSIS Pack Vendor :wolfSSL I-CUBE-wolfSSL 5.7.6
2026-08-10 09:02:04,857 [INFO] ThirdParty:939 - CMSIS Pack Vendor :STMicroelectronics X-CUBE-TOUCHGFX 4.26.0
2026-08-10 09:02:04,857 [INFO] ThirdParty:939 - CMSIS Pack Vendor :STMicroelectronics X-CUBE-TOUCHGFX 4.24.2
2026-08-10 09:02:04,857 [INFO] ThirdParty:939 - CMSIS Pack Vendor :STMicroelectronics X-CUBE-STSE01 1.0.0
2026-08-10 09:02:04,857 [INFO] ThirdParty:939 - CMSIS Pack Vendor :STMicroelectronics X-CUBE-TOUCHGFX 4.26.1
2026-08-10 09:02:04,858 [INFO] ThirdParty:939 - CMSIS Pack Vendor :portGmbH I-Cube-SoM-uGOAL 1.1.0
2026-08-10 09:02:04,858 [INFO] ThirdParty:939 - CMSIS Pack Vendor :STMicroelectronics X-CUBE-NFC6 3.2.0
2026-08-10 09:02:04,858 [INFO] ThirdParty:939 - CMSIS Pack Vendor :STMicroelectronics X-CUBE-AI 10.0.0
2026-08-10 09:02:04,858 [INFO] ThirdParty:939 - CMSIS Pack Vendor :STMicroelectronics X-CUBE-AI 10.2.1
2026-08-10 09:02:04,858 [INFO] ThirdParty:939 - CMSIS Pack Vendor :STMicroelectronics X-CUBE-AI 10.2.0
2026-08-10 09:02:04,858 [INFO] ThirdParty:939 - CMSIS Pack Vendor :STMicroelectronics X-CUBE-MEMS1 12.1.0
2026-08-10 09:02:04,858 [INFO] ThirdParty:939 - CMSIS Pack Vendor :STMicroelectronics X-CUBE-MEMS1 11.1.0
2026-08-10 09:02:04,858 [INFO] ThirdParty:939 - CMSIS Pack Vendor :STMicroelectronics X-CUBE-AZRTOS-WL 2.0.0
2026-08-10 09:02:04,858 [INFO] ThirdParty:939 - CMSIS Pack Vendor :SEGGER I-CUBE-embOS 1.3.1
2026-08-10 09:02:04,858 [INFO] ThirdParty:939 - CMSIS Pack Vendor :STMicroelectronics X-CUBE-ALGOBUILD 1.4.0
2026-08-10 09:02:04,858 [INFO] ThirdParty:939 - CMSIS Pack Vendor :STMicroelectronics X-CUBE-MEMS1 11.3.0
2026-08-10 09:02:04,858 [INFO] ThirdParty:939 - CMSIS Pack Vendor :STMicroelectronics USB_DEVICE 1.0.0
2026-08-10 09:02:04,858 [INFO] ThirdParty:939 - CMSIS Pack Vendor :STMicroelectronics X-CUBE-AZRTOS-H7RS 1.2.0
2026-08-10 09:02:04,858 [INFO] ThirdParty:939 - CMSIS Pack Vendor :STMicroelectronics X-CUBE-AZRTOS-H7RS 1.0.0
2026-08-10 09:02:04,858 [INFO] ThirdParty:939 - CMSIS Pack Vendor :STMicroelectronics X-CUBE-AZRTOS-L4 2.0.0
2026-08-10 09:02:04,858 [INFO] ThirdParty:939 - CMSIS Pack Vendor :WES I-CUBE-Cesium 1.3.0
2026-08-10 09:02:04,858 [INFO] ThirdParty:939 - CMSIS Pack Vendor :STMicroelectronics lwIP 2.1.2
2026-08-10 09:02:04,858 [INFO] ThirdParty:939 - CMSIS Pack Vendor :STMicroelectronics X-CUBE-SFXS2LP1 4.0.0
2026-08-10 09:02:04,858 [INFO] ThirdParty:939 - CMSIS Pack Vendor :STMicroelectronics X-CUBE-BLE2 3.3.0
2026-08-10 09:02:04,858 [INFO] ThirdParty:939 - CMSIS Pack Vendor :STMicroelectronics X-CUBE-NFC13 1.0.0
2026-08-10 09:02:04,858 [INFO] ThirdParty:939 - CMSIS Pack Vendor :STMicroelectronics PDM2PCM 3.2.0
2026-08-10 09:02:04,858 [INFO] ThirdParty:939 - CMSIS Pack Vendor :STMicroelectronics X-CUBE-WB05N 2.1.0
2026-08-10 09:02:04,858 [INFO] ThirdParty:757 - exiting critical section [change project]
2026-08-10 09:02:04,970 [INFO] PinOutPanel:1434 - setPackage(No Configuration,No Configuration)
2026-08-10 09:02:04,970 [INFO] PinOutPanel:1434 - setPackage(STM32F103C8Tx,LQFP48)
2026-08-10 09:02:05,127 [INFO] UtilMem:74 - Before build in PCC Used Memory: 387643168 Bytes (576716800)
2026-08-10 09:02:05,377 [INFO] SharedServices:72 - Folder for power plug-in: C:/Users/Alunos/.stm32cubemx/plugins/power
2026-08-10 09:02:05,393 [INFO] SharedServices:72 - Folder for power plug-in: C:/Users/Alunos/.stm32cubemx/plugins/power
2026-08-10 09:02:05,424 [INFO] SharedServices:72 - Folder for power plug-in: C:/Users/Alunos/.stm32cubemx/plugins/power
2026-08-10 09:02:05,424 [INFO] SharedServices:72 - Folder for power plug-in: C:/Users/Alunos/.stm32cubemx/plugins/power
2026-08-10 09:02:05,532 [INFO] UtilMem:74 - After build in PCC Used Memory: 440598296 Bytes (576716800)
2026-08-10 09:02:05,585 [INFO] ApiDbMcu:456 - Load IP Config File for USB_DEVICE
2026-08-10 09:02:05,595 [INFO] IPUIPlugin:64 - create IPUIPlugin
2026-08-10 09:02:05,595 [INFO] IPUIPlugin:64 - create IPUIPlugin
2026-08-10 09:02:05,595 [INFO] IPUIPlugin:64 - create IPUIPlugin
2026-08-10 09:02:05,595 [INFO] IPUIPlugin:64 - create IPUIPlugin
2026-08-10 09:02:05,595 [INFO] IPUIPlugin:64 - create IPUIPlugin
2026-08-10 09:02:05,595 [INFO] IPUIPlugin:64 - create IPUIPlugin
2026-08-10 09:02:05,595 [INFO] IPUIPlugin:64 - create IPUIPlugin
2026-08-10 09:02:05,595 [INFO] IPUIPlugin:64 - create IPUIPlugin
2026-08-10 09:02:05,595 [INFO] IPUIPlugin:64 - create IPUIPlugin
2026-08-10 09:02:05,595 [INFO] IPUIPlugin:64 - create IPUIPlugin
2026-08-10 09:02:05,595 [INFO] IPUIPlugin:64 - create IPUIPlugin
2026-08-10 09:02:05,595 [INFO] IPUIPlugin:64 - create IPUIPlugin
2026-08-10 09:02:05,595 [INFO] IPUIPlugin:64 - create IPUIPlugin
2026-08-10 09:02:05,595 [INFO] IPUIPlugin:64 - create IPUIPlugin
2026-08-10 09:02:05,595 [INFO] IPUIPlugin:64 - create IPUIPlugin
2026-08-10 09:02:05,595 [INFO] IPUIPlugin:64 - create IPUIPlugin
2026-08-10 09:02:05,595 [INFO] IPUIPlugin:64 - create IPUIPlugin
2026-08-10 09:02:05,595 [INFO] IPUIPlugin:64 - create IPUIPlugin
2026-08-10 09:02:05,595 [INFO] IPUIPlugin:64 - create IPUIPlugin
2026-08-10 09:02:05,595 [INFO] IPUIPlugin:64 - create IPUIPlugin
2026-08-10 09:02:05,595 [INFO] IPUIPlugin:64 - create IPUIPlugin
2026-08-10 09:02:05,595 [INFO] IPUIPlugin:64 - create IPUIPlugin
2026-08-10 09:02:05,595 [INFO] IPUIPlugin:64 - create IPUIPlugin
2026-08-10 09:02:05,595 [INFO] IPUIPlugin:64 - create IPUIPlugin
2026-08-10 09:02:05,595 [INFO] IPUIPlugin:64 - create IPUIPlugin
2026-08-10 09:02:05,595 [INFO] IPUIPlugin:64 - create IPUIPlugin
2026-08-10 09:02:05,595 [INFO] IPUIPlugin:64 - create IPUIPlugin
2026-08-10 09:02:05,626 [INFO] LogOutputStream:76 - [STDOUT_REDIRECT] toolchainItems.length=====1
2026-08-10 09:02:05,705 [INFO] OpenFileManager:294 - Restore cursor
2026-08-10 09:03:29,438 [INFO] UtilMem:74 - End SaveConfig() Used Memory: 774579504 Bytes (952107008)
2026-08-10 09:03:30,783 [INFO] UtilMem:74 - End SaveConfig() Used Memory: 794322608 Bytes (952107008)
2026-08-10 09:03:31,939 [INFO] UtilMem:74 - End SaveConfig() Used Memory: 728380136 Bytes (952107008)
2026-08-10 09:03:32,221 [INFO] BlockDiagram:2735 - set Specific Code input for plugin: NVIC
2026-08-10 09:03:32,221 [INFO] BlockDiagram:2735 - set Specific Code input for plugin: USB_DEVICE
2026-08-10 09:03:32,221 [INFO] BlockDiagram:2735 - set Specific Code input for plugin: USB
2026-08-10 09:03:32,221 [INFO] BlockDiagram:2735 - set Specific Code input for plugin: SYS
2026-08-10 09:03:32,221 [INFO] BlockDiagram:2735 - set Specific Code input for plugin: GPIO
2026-08-10 09:03:32,221 [INFO] BlockDiagram:2735 - set Specific Code input for plugin: ADC
2026-08-10 09:03:32,221 [INFO] BlockDiagram:2735 - set Specific Code input for plugin: RCC
2026-08-10 09:03:32,221 [INFO] CodeGenerator:639 - code generatio: config db path: C:\ST\STM32CubeIDE_1.5.1\STM32CubeIDE\plugins\com.st.stm32cube.common.mx_6.1.1.202012091304\\db\
2026-08-10 09:03:32,486 [INFO] CodeEngine:229 - oldGeneratedFile, C:\ProjetoIntegrado2\ProjetoIntegrado\MXTmpFiles\license.tmp_save
2026-08-10 09:03:32,675 [INFO] CodeEngine:247 - Generated code: C:\ProjetoIntegrado2\ProjetoIntegrado\MXTmpFiles\license.tmp
2026-08-10 09:03:32,693 [INFO] CodeEngine:229 - oldGeneratedFile, C:\ProjetoIntegrado2\ProjetoIntegrado\MXTmpFiles\gpio.tmp_save
2026-08-10 09:03:32,752 [INFO] CodeEngine:247 - Generated code: C:\ProjetoIntegrado2\ProjetoIntegrado\MXTmpFiles\gpio.tmp
2026-08-10 09:03:32,767 [INFO] LogOutputStream:76 - [STDOUT_REDIRECT] Command line test
2026-08-10 09:03:32,799 [INFO] CodeEngine:229 - oldGeneratedFile, C:\ProjetoIntegrado2\ProjetoIntegrado\MXTmpFiles\usb_vars.tmp_save
2026-08-10 09:03:32,845 [INFO] CodeEngine:247 - Generated code: C:\ProjetoIntegrado2\ProjetoIntegrado\MXTmpFiles\usb_vars.tmp
2026-08-10 09:03:32,861 [INFO] CodeEngine:229 - oldGeneratedFile, C:\ProjetoIntegrado2\ProjetoIntegrado\MXTmpFiles\usb_inc.tmp_save
2026-08-10 09:03:32,909 [INFO] CodeEngine:247 - Generated code: C:\ProjetoIntegrado2\ProjetoIntegrado\MXTmpFiles\usb_inc.tmp
2026-08-10 09:03:32,909 [INFO] CodeEngine:229 - oldGeneratedFile, C:\ProjetoIntegrado2\ProjetoIntegrado\MXTmpFiles\usb_HalInit.tmp_save
2026-08-10 09:03:32,970 [INFO] CodeEngine:247 - Generated code: C:\ProjetoIntegrado2\ProjetoIntegrado\MXTmpFiles\usb_HalInit.tmp
2026-08-10 09:03:32,970 [INFO] CodeEngine:229 - oldGeneratedFile, C:\ProjetoIntegrado2\ProjetoIntegrado\MXTmpFiles\usb_Msp.tmp_save
2026-08-10 09:03:33,017 [INFO] CodeEngine:247 - Generated code: C:\ProjetoIntegrado2\ProjetoIntegrado\MXTmpFiles\usb_Msp.tmp
2026-08-10 09:03:33,048 [INFO] LogOutputStream:76 - [STDOUT_REDIRECT] Command line
2026-08-10 09:03:33,048 [INFO] LogOutputStream:76 - [STDOUT_REDIRECT] Command line
2026-08-10 09:03:33,048 [INFO] Middleware:1252 - No code input for Bsp Dependency
2026-08-10 09:03:33,064 [INFO] CodeEngine:229 - oldGeneratedFile, C:\ProjetoIntegrado2\ProjetoIntegrado\USB_DEVICE\App\usb_device.c_save
2026-08-10 09:03:33,111 [INFO] CodeEngine:247 - Generated code: C:\ProjetoIntegrado2\ProjetoIntegrado\USB_DEVICE\App\usb_device.c
2026-08-10 09:03:33,111 [INFO] CodeEngine:229 - oldGeneratedFile, C:\ProjetoIntegrado2\ProjetoIntegrado\USB_DEVICE\App\usb_device.h_save
2026-08-10 09:03:33,158 [INFO] CodeEngine:247 - Generated code: C:\ProjetoIntegrado2\ProjetoIntegrado\USB_DEVICE\App\usb_device.h
2026-08-10 09:03:33,158 [INFO] CodeEngine:229 - oldGeneratedFile, C:\ProjetoIntegrado2\ProjetoIntegrado\USB_DEVICE\Target\usbd_conf.h_save
2026-08-10 09:03:33,225 [INFO] CodeEngine:247 - Generated code: C:\ProjetoIntegrado2\ProjetoIntegrado\USB_DEVICE\Target\usbd_conf.h
2026-08-10 09:03:33,225 [INFO] CodeEngine:229 - oldGeneratedFile, C:\ProjetoIntegrado2\ProjetoIntegrado\USB_DEVICE\Target\usbd_conf.c_save
2026-08-10 09:03:33,299 [INFO] CodeEngine:247 - Generated code: C:\ProjetoIntegrado2\ProjetoIntegrado\USB_DEVICE\Target\usbd_conf.c
2026-08-10 09:03:33,314 [INFO] CodeEngine:229 - oldGeneratedFile, C:\ProjetoIntegrado2\ProjetoIntegrado\USB_DEVICE\App\usbd_desc.h_save
2026-08-10 09:03:33,379 [INFO] CodeEngine:247 - Generated code: C:\ProjetoIntegrado2\ProjetoIntegrado\USB_DEVICE\App\usbd_desc.h
2026-08-10 09:03:33,400 [INFO] CodeEngine:229 - oldGeneratedFile, C:\ProjetoIntegrado2\ProjetoIntegrado\USB_DEVICE\App\usbd_desc.c_save
2026-08-10 09:03:33,456 [INFO] CodeEngine:247 - Generated code: C:\ProjetoIntegrado2\ProjetoIntegrado\USB_DEVICE\App\usbd_desc.c
2026-08-10 09:03:33,466 [INFO] CodeEngine:229 - oldGeneratedFile, C:\ProjetoIntegrado2\ProjetoIntegrado\USB_DEVICE\App\usbd_cdc_if.h_save
2026-08-10 09:03:33,487 [INFO] CodeEngine:247 - Generated code: C:\ProjetoIntegrado2\ProjetoIntegrado\USB_DEVICE\App\usbd_cdc_if.h
2026-08-10 09:03:33,502 [INFO] CodeEngine:229 - oldGeneratedFile, C:\ProjetoIntegrado2\ProjetoIntegrado\USB_DEVICE\App\usbd_cdc_if.c_save
2026-08-10 09:03:33,549 [INFO] CodeEngine:247 - Generated code: C:\ProjetoIntegrado2\ProjetoIntegrado\USB_DEVICE\App\usbd_cdc_if.c
2026-08-10 09:03:33,565 [INFO] CodeEngine:229 - oldGeneratedFile, C:\ProjetoIntegrado2\ProjetoIntegrado\Core\Src\stm32f1xx_it.c_save
2026-08-10 09:03:33,643 [INFO] CodeEngine:247 - Generated code: C:\ProjetoIntegrado2\ProjetoIntegrado\Core\Src\stm32f1xx_it.c
2026-08-10 09:03:33,643 [INFO] CodeEngine:229 - oldGeneratedFile, C:\ProjetoIntegrado2\ProjetoIntegrado\Core\Inc\stm32f1xx_it.h_save
2026-08-10 09:03:33,690 [INFO] CodeEngine:247 - Generated code: C:\ProjetoIntegrado2\ProjetoIntegrado\Core\Inc\stm32f1xx_it.h
2026-08-10 09:03:33,705 [INFO] CodeEngine:229 - oldGeneratedFile, C:\ProjetoIntegrado2\ProjetoIntegrado\Core\Src\stm32f1xx_hal_msp.c_save
2026-08-10 09:03:33,799 [INFO] CodeEngine:247 - Generated code: C:\ProjetoIntegrado2\ProjetoIntegrado\Core\Src\stm32f1xx_hal_msp.c
2026-08-10 09:03:33,799 [INFO] CodeEngine:229 - oldGeneratedFile, C:\ProjetoIntegrado2\ProjetoIntegrado\MXTmpFiles\system.tmp_save
2026-08-10 09:03:33,830 [INFO] CodeEngine:247 - Generated code: C:\ProjetoIntegrado2\ProjetoIntegrado\MXTmpFiles\system.tmp
2026-08-10 09:03:33,862 [INFO] CodeEngine:229 - oldGeneratedFile, C:\ProjetoIntegrado2\ProjetoIntegrado\Core\Inc\stm32f1xx_hal_conf.h_save
2026-08-10 09:03:33,924 [INFO] CodeEngine:247 - Generated code: C:\ProjetoIntegrado2\ProjetoIntegrado\Core\Inc\stm32f1xx_hal_conf.h
2026-08-10 09:03:33,971 [INFO] CodeEngine:229 - oldGeneratedFile, C:\ProjetoIntegrado2\ProjetoIntegrado\Core\Inc\main.h_save
2026-08-10 09:03:34,033 [INFO] CodeEngine:247 - Generated code: C:\ProjetoIntegrado2\ProjetoIntegrado\Core\Inc\main.h
2026-08-10 09:03:34,049 [INFO] CodeEngine:229 - oldGeneratedFile, C:\ProjetoIntegrado2\ProjetoIntegrado\Core\Src\main.c_save
2026-08-10 09:03:34,139 [INFO] CodeEngine:247 - Generated code: C:\ProjetoIntegrado2\ProjetoIntegrado\Core\Src\main.c
2026-08-10 09:03:34,471 [INFO] ProjectBuilder:2328 - Time for Copy HAL[1] : 61mS.
2026-08-10 09:03:34,471 [INFO] ProjectBuilder:3259 - Project Generator version: 3.11.2
2026-08-10 09:03:35,595 [INFO] ConfigFileManager:1238 - The Die is : DIE410
2026-08-10 09:03:35,595 [INFO] ApiDbMcu:456 - Load IP Config File for FATFS
2026-08-10 09:03:35,595 [INFO] ApiDbMcu:456 - Load IP Config File for FREERTOS
2026-08-10 09:03:36,643 [INFO] ProjectBuilder:3425 - Time for Generating toolchain IDE Files: 2172mS.
2026-08-10 09:03:36,643 [INFO] ProjectBuilder:2207 - Time for Copy CMSIS : 0mS.
2026-08-10 09:03:36,643 [INFO] ProjectBuilder:2207 - Time for Copy CMSIS : 0mS.
2026-08-10 09:12:51,299 [INFO] ADCParametersView:97 -                Rank 1 : false
2026-08-10 09:13:06,902 [INFO] ADCParametersView:97 -                Rank 1 : true
2026-08-10 10:20:44,152 [INFO] NvicIntPanel:90 - NVIC parent = com.st.microxplorer.plugins.ip.nvic.MultiNvicIntPanel[,0,0,0x0,invalid,layout=javax.swing.BoxLayout,alignmentX=0.0,alignmentY=0.0,border=,flags=9,maximumSize=,minimumSize=,preferredSize=]
2026-08-10 10:58:30,064 [INFO] Activator:170 - 


2026-08-10 10:58:30,064 [INFO] Activator:171 - !SESSION log4j initialized
2026-08-12 10:06:00,623 [INFO] Activator:170 - 


2026-08-12 10:06:00,623 [INFO] Activator:171 - !SESSION log4j initialized
2026-08-13 08:06:27,588 [INFO] Activator:170 - 


2026-08-13 08:06:27,588 [INFO] Activator:171 - !SESSION log4j initialized
2026-08-13 08:22:32,945 [INFO] McuFinderGlobals:40 - Set McuFinder mode to 2 (CubeIDE integrated)
2026-08-13 08:22:33,187 [INFO] ApplicationProperties:181 - Using Application install path: C:\ST\STM32CubeIDE_1.5.1\STM32CubeIDE\plugins\com.st.stm32cube.common.mx_6.1.1.202012091304
2026-08-13 08:22:33,196 [INFO] DbMcusXml:71 - Set database path to: C:\ST\STM32CubeIDE_1.5.1\STM32CubeIDE\plugins\com.st.stm32cube.common.mx_6.1.1.202012091304\\db\/mcu/
2026-08-13 08:22:33,198 [INFO] DbBoardsPdsc:57 - Set plugin database path to: C:\ST\STM32CubeIDE_1.5.1\STM32CubeIDE\plugins\com.st.stm32cube.common.mx_6.1.1.202012091304\\db\/plugins/boardmanager/
2026-08-13 08:22:33,199 [INFO] DbMcus:259 - Set plugin images path to: C:\ST\STM32CubeIDE_1.5.1\STM32CubeIDE\plugins\com.st.stm32cube.common.mx_6.1.1.202012091304\\db\/plugins/mcufinder/images/
2026-08-13 08:22:33,199 [INFO] DbBoards:265 - Set plugin images path to: C:\ST\STM32CubeIDE_1.5.1\STM32CubeIDE\plugins\com.st.stm32cube.common.mx_6.1.1.202012091304\\db\/plugins/mcufinder/images/
2026-08-13 08:22:33,200 [INFO] DbExamples:329 - Set plugin images path to: C:\ST\STM32CubeIDE_1.5.1\STM32CubeIDE\plugins\com.st.stm32cube.common.mx_6.1.1.202012091304\\db\/plugins/mcufinder/images/
2026-08-13 08:22:33,212 [INFO] DbMcusDocs:112 - Set database path to: C:\Users\Alunos\.stmcufinder\plugins\mcufinder//mcu/
2026-08-13 08:22:33,213 [INFO] DbMcusJson:63 - Set database path to: C:\Users\Alunos\.stmcufinder\plugins\mcufinder//mcu/
2026-08-13 08:22:33,214 [INFO] DbBoardsDocs:112 - Set database path to: C:\Users\Alunos\.stmcufinder\plugins\mcufinder//mcu/
2026-08-13 08:22:33,214 [INFO] DbBoardsJson:56 - Set database path to: C:\Users\Alunos\.stmcufinder\plugins\mcufinder//mcu/
2026-08-13 08:22:33,600 [INFO] CrossReferenceDbSqlite:196 - Set database path to: C:\Users\Alunos\.stmcufinder\plugins\mcufinder//mcu/cs/
2026-08-13 08:22:33,603 [INFO] DbExamplesSqlite:699 - Set database path to: C:\Users\Alunos\.stmcufinder\plugins\mcufinder//mcu/
2026-08-13 08:22:33,686 [INFO] RulesReader:52 - Compatibility file has been processed (228 Rules)
2026-08-13 08:22:33,749 [INFO] MicroXplorer:565 - Detected Java Version = 1.8.0_272
2026-08-13 08:22:33,750 [INFO] DbMcusXml:71 - Set database path to: C:\ST\STM32CubeIDE_1.5.1\STM32CubeIDE\plugins\com.st.stm32cube.common.mx_6.1.1.202012091304\\db\/mcu/
2026-08-13 08:22:33,750 [INFO] DbBoardsPdsc:57 - Set plugin database path to: C:\ST\STM32CubeIDE_1.5.1\STM32CubeIDE\plugins\com.st.stm32cube.common.mx_6.1.1.202012091304\\db\/plugins/boardmanager/
2026-08-13 08:22:33,750 [INFO] DbMcus:259 - Set plugin images path to: C:\ST\STM32CubeIDE_1.5.1\STM32CubeIDE\plugins\com.st.stm32cube.common.mx_6.1.1.202012091304\\db\/plugins/mcufinder/images/
2026-08-13 08:22:33,750 [INFO] DbBoards:265 - Set plugin images path to: C:\ST\STM32CubeIDE_1.5.1\STM32CubeIDE\plugins\com.st.stm32cube.common.mx_6.1.1.202012091304\\db\/plugins/mcufinder/images/
2026-08-13 08:22:33,751 [INFO] DbExamples:329 - Set plugin images path to: C:\ST\STM32CubeIDE_1.5.1\STM32CubeIDE\plugins\com.st.stm32cube.common.mx_6.1.1.202012091304\\db\/plugins/mcufinder/images/
2026-08-13 08:22:33,751 [WARN] DbFile:36 - Overriding database path with different value: C:\Users\Alunos\.stmcufinder\plugins\mcufinder/ => C:\Users\Alunos\.stmcufinder\plugins\mcufinder
2026-08-13 08:22:33,751 [INFO] DbMcusDocs:112 - Set database path to: C:\Users\Alunos\.stmcufinder\plugins\mcufinder//mcu/
2026-08-13 08:22:33,751 [WARN] DbFile:36 - Overriding database path with different value: C:\Users\Alunos\.stmcufinder\plugins\mcufinder/ => C:\Users\Alunos\.stmcufinder\plugins\mcufinder
2026-08-13 08:22:33,751 [INFO] DbMcusJson:63 - Set database path to: C:\Users\Alunos\.stmcufinder\plugins\mcufinder//mcu/
2026-08-13 08:22:33,751 [WARN] DbFile:36 - Overriding database path with different value: C:\Users\Alunos\.stmcufinder\plugins\mcufinder/ => C:\Users\Alunos\.stmcufinder\plugins\mcufinder
2026-08-13 08:22:33,751 [INFO] DbBoardsDocs:112 - Set database path to: C:\Users\Alunos\.stmcufinder\plugins\mcufinder//mcu/
2026-08-13 08:22:33,751 [WARN] DbFile:36 - Overriding database path with different value: C:\Users\Alunos\.stmcufinder\plugins\mcufinder/ => C:\Users\Alunos\.stmcufinder\plugins\mcufinder
2026-08-13 08:22:33,751 [INFO] DbBoardsJson:56 - Set database path to: C:\Users\Alunos\.stmcufinder\plugins\mcufinder//mcu/
2026-08-13 08:22:33,751 [WARN] DbFile:36 - Overriding database path with different value: C:\Users\Alunos\.stmcufinder\plugins\mcufinder/ => C:\Users\Alunos\.stmcufinder\plugins\mcufinder
2026-08-13 08:22:33,751 [WARN] DbFile:36 - Overriding database path with different value: C:\Users\Alunos\.stmcufinder\plugins\mcufinder/ => C:\Users\Alunos\.stmcufinder\plugins\mcufinder
2026-08-13 08:22:33,752 [INFO] CrossReferenceDbSqlite:196 - Set database path to: C:\Users\Alunos\.stmcufinder\plugins\mcufinder//mcu/cs/
2026-08-13 08:22:33,752 [WARN] DbFile:36 - Overriding database path with different value: C:\Users\Alunos\.stmcufinder\plugins\mcufinder/ => C:\Users\Alunos\.stmcufinder\plugins\mcufinder
2026-08-13 08:22:33,752 [INFO] DbExamplesSqlite:699 - Set database path to: C:\Users\Alunos\.stmcufinder\plugins\mcufinder//mcu/
2026-08-13 08:22:33,809 [INFO] MainPanel:190 - HeapMemory: 1029701632
2026-08-13 08:22:33,895 [INFO] DbMcusXml:71 - Set database path to: C:\ST\STM32CubeIDE_1.5.1\STM32CubeIDE\plugins\com.st.stm32cube.common.mx_6.1.1.202012091304\\db\/mcu/
2026-08-13 08:22:33,895 [INFO] DbBoardsPdsc:57 - Set plugin database path to: C:\ST\STM32CubeIDE_1.5.1\STM32CubeIDE\plugins\com.st.stm32cube.common.mx_6.1.1.202012091304\\db\/plugins/boardmanager/
2026-08-13 08:22:33,895 [INFO] DbMcus:259 - Set plugin images path to: C:\ST\STM32CubeIDE_1.5.1\STM32CubeIDE\plugins\com.st.stm32cube.common.mx_6.1.1.202012091304\\db\/plugins/mcufinder/images/
2026-08-13 08:22:33,895 [INFO] DbBoards:265 - Set plugin images path to: C:\ST\STM32CubeIDE_1.5.1\STM32CubeIDE\plugins\com.st.stm32cube.common.mx_6.1.1.202012091304\\db\/plugins/mcufinder/images/
2026-08-13 08:22:33,896 [INFO] DbExamples:329 - Set plugin images path to: C:\ST\STM32CubeIDE_1.5.1\STM32CubeIDE\plugins\com.st.stm32cube.common.mx_6.1.1.202012091304\\db\/plugins/mcufinder/images/
2026-08-13 08:22:33,896 [WARN] DbFile:36 - Overriding database path with different value: C:\Users\Alunos\.stmcufinder\plugins\mcufinder/ => C:\Users\Alunos\.stmcufinder\plugins\mcufinder
2026-08-13 08:22:33,896 [INFO] DbMcusDocs:112 - Set database path to: C:\Users\Alunos\.stmcufinder\plugins\mcufinder//mcu/
2026-08-13 08:22:33,896 [WARN] DbFile:36 - Overriding database path with different value: C:\Users\Alunos\.stmcufinder\plugins\mcufinder/ => C:\Users\Alunos\.stmcufinder\plugins\mcufinder
2026-08-13 08:22:33,896 [INFO] DbMcusJson:63 - Set database path to: C:\Users\Alunos\.stmcufinder\plugins\mcufinder//mcu/
2026-08-13 08:22:33,896 [WARN] DbFile:36 - Overriding database path with different value: C:\Users\Alunos\.stmcufinder\plugins\mcufinder/ => C:\Users\Alunos\.stmcufinder\plugins\mcufinder
2026-08-13 08:22:33,897 [INFO] DbBoardsDocs:112 - Set database path to: C:\Users\Alunos\.stmcufinder\plugins\mcufinder//mcu/
2026-08-13 08:22:33,897 [WARN] DbFile:36 - Overriding database path with different value: C:\Users\Alunos\.stmcufinder\plugins\mcufinder/ => C:\Users\Alunos\.stmcufinder\plugins\mcufinder
2026-08-13 08:22:33,897 [INFO] DbBoardsJson:56 - Set database path to: C:\Users\Alunos\.stmcufinder\plugins\mcufinder//mcu/
2026-08-13 08:22:33,897 [WARN] DbFile:36 - Overriding database path with different value: C:\Users\Alunos\.stmcufinder\plugins\mcufinder/ => C:\Users\Alunos\.stmcufinder\plugins\mcufinder
2026-08-13 08:22:33,897 [WARN] DbFile:36 - Overriding database path with different value: C:\Users\Alunos\.stmcufinder\plugins\mcufinder/ => C:\Users\Alunos\.stmcufinder\plugins\mcufinder
2026-08-13 08:22:33,897 [INFO] CrossReferenceDbSqlite:196 - Set database path to: C:\Users\Alunos\.stmcufinder\plugins\mcufinder//mcu/cs/
2026-08-13 08:22:33,897 [WARN] DbFile:36 - Overriding database path with different value: C:\Users\Alunos\.stmcufinder\plugins\mcufinder/ => C:\Users\Alunos\.stmcufinder\plugins\mcufinder
2026-08-13 08:22:33,897 [INFO] DbExamplesSqlite:699 - Set database path to: C:\Users\Alunos\.stmcufinder\plugins\mcufinder//mcu/
2026-08-13 08:22:33,907 [INFO] ApplicationProperties:181 - Using Application install path: C:\ST\STM32CubeIDE_1.5.1\STM32CubeIDE\plugins\com.st.stm32cube.common.mx_6.1.1.202012091304
2026-08-13 08:22:33,908 [INFO] PluginManage:178 - Search for loadable plugins [exclusion list=, ]
2026-08-13 08:22:33,909 [INFO] PluginManage:292 - Check plugin analytics
2026-08-13 08:22:34,015 [INFO] AnalyticsPlugin:225 - Accepted Software Licenses: STM32CubeMX.6.11.0
2026-08-13 08:22:34,015 [INFO] AnalyticsPlugin:227 - Accepted CMSIS Pack Licenses: 
2026-08-13 08:22:34,016 [INFO] AnalyticsPlugin:229 - Accepted Firmware Licenses: 
2026-08-13 08:22:34,016 [INFO] PluginManage:342 - Loaded plugin analytics (category:tool,tabindex:-1)
2026-08-13 08:22:34,016 [INFO] PluginManage:292 - Check plugin clock
2026-08-13 08:22:34,032 [INFO] PluginManage:342 - Loaded plugin clock (category:base,tabindex:2)
2026-08-13 08:22:34,032 [INFO] PluginManage:292 - Check plugin ddr
2026-08-13 08:22:34,035 [INFO] PluginManage:342 - Loaded plugin ddr (category:tool,tabindex:6)
2026-08-13 08:22:34,035 [INFO] PluginManage:292 - Check plugin filemanager
2026-08-13 08:22:34,119 [INFO] PluginManage:342 - Loaded plugin filemanager (category:base,tabindex:10)
2026-08-13 08:22:34,120 [INFO] PluginManage:292 - Check plugin ipmanager
2026-08-13 08:22:34,125 [INFO] PluginManage:342 - Loaded plugin ipmanager (category:base,tabindex:5)
2026-08-13 08:22:34,125 [INFO] PluginManage:292 - Check plugin pinoutandconfiguration
2026-08-13 08:22:34,138 [INFO] PluginManage:342 - Loaded plugin pinoutandconfiguration (category:base,tabindex:1)
2026-08-13 08:22:34,138 [INFO] PluginManage:292 - Check plugin pinoutconfig
2026-08-13 08:22:34,163 [INFO] PluginManage:342 - Loaded plugin pinoutconfig (category:base,tabindex:0)
2026-08-13 08:22:34,163 [INFO] PluginManage:292 - Check plugin power
2026-08-13 08:22:34,177 [INFO] PluginManage:342 - Loaded plugin power (category:power,tabindex:4)
2026-08-13 08:22:34,177 [INFO] PluginManage:292 - Check plugin projectmanager
2026-08-13 08:22:34,186 [INFO] PluginManage:342 - Loaded plugin projectmanager (category:projectmanager,tabindex:3)
2026-08-13 08:22:34,186 [INFO] PluginManage:292 - Check plugin thirdparty
2026-08-13 08:22:34,348 [INFO] PluginManage:342 - Loaded plugin thirdparty (category:base,tabindex:-1)
2026-08-13 08:22:34,348 [WARN] IntegrityCheckThread:59 - waiting for thirdparty lock release [integrity check]
2026-08-13 08:22:34,348 [INFO] PluginManage:292 - Check plugin tools
2026-08-13 08:22:34,348 [INFO] IntegrityCheckThread:61 - entering critical section [integrity check]
2026-08-13 08:22:34,349 [INFO] ThirdPartyUpdaterWithRetryManager:56 - Updater plugin not ready yet. [1/15]
2026-08-13 08:22:34,399 [INFO] PluginManage:342 - Loaded plugin tools (category:base,tabindex:7)
2026-08-13 08:22:34,399 [INFO] PluginManage:292 - Check plugin tutovideos
2026-08-13 08:22:34,567 [INFO] PluginManage:342 - Loaded plugin tutovideos (category:base,tabindex:-1)
2026-08-13 08:22:34,568 [INFO] PluginManage:292 - Check plugin updater
2026-08-13 08:22:34,579 [INFO] PluginManage:342 - Loaded plugin updater (category:base,tabindex:12)
2026-08-13 08:22:34,579 [INFO] PluginManage:265 - PluginManage : Loaded plugins [13]
2026-08-13 08:22:34,695 [INFO] PinOutPanel:1434 - setPackage(No Configuration,No Configuration)
2026-08-13 08:22:34,762 [INFO] IPUIPlugin:64 - create IPUIPlugin
2026-08-13 08:22:34,763 [INFO] PluginManager:203 - loadIPPluginJar : add adc
2026-08-13 08:22:34,795 [INFO] IPUIPlugin:64 - create IPUIPlugin
2026-08-13 08:22:34,795 [INFO] PluginManager:203 - loadIPPluginJar : add aes
2026-08-13 08:22:34,834 [INFO] IPUIPlugin:64 - create IPUIPlugin
2026-08-13 08:22:34,834 [INFO] PluginManager:203 - loadIPPluginJar : add can
2026-08-13 08:22:34,860 [INFO] IPUIPlugin:64 - create IPUIPlugin
2026-08-13 08:22:34,861 [INFO] PluginManager:203 - loadIPPluginJar : add comp
2026-08-13 08:22:34,895 [INFO] IPUIPlugin:64 - create IPUIPlugin
2026-08-13 08:22:34,895 [INFO] PluginManager:203 - loadIPPluginJar : add cryp
2026-08-13 08:22:34,926 [INFO] IPUIPlugin:64 - create IPUIPlugin
2026-08-13 08:22:34,927 [INFO] PluginManager:203 - loadIPPluginJar : add dfsdm
2026-08-13 08:22:34,938 [INFO] IPUIPlugin:64 - create IPUIPlugin
2026-08-13 08:22:34,938 [INFO] PluginManager:203 - loadIPPluginJar : add dma
2026-08-13 08:22:34,962 [INFO] IPUIPlugin:64 - create IPUIPlugin
2026-08-13 08:22:34,962 [INFO] PluginManager:203 - loadIPPluginJar : add fatfs
2026-08-13 08:22:35,009 [INFO] IPUIPlugin:64 - create IPUIPlugin
2026-08-13 08:22:35,010 [INFO] PluginManager:203 - loadIPPluginJar : add fmc
2026-08-13 08:22:35,022 [INFO] IPUIPlugin:64 - create IPUIPlugin
2026-08-13 08:22:35,022 [INFO] PluginManager:203 - loadIPPluginJar : add freertos
2026-08-13 08:22:35,046 [INFO] IPUIPlugin:64 - create IPUIPlugin
2026-08-13 08:22:35,047 [INFO] PluginManager:203 - loadIPPluginJar : add genericplugin
2026-08-13 08:22:35,123 [INFO] IPUIPlugin:64 - create IPUIPlugin
2026-08-13 08:22:35,124 [INFO] PluginManager:203 - loadIPPluginJar : add gfxmmu
2026-08-13 08:22:35,227 [INFO] IPUIPlugin:64 - create IPUIPlugin
2026-08-13 08:22:35,228 [INFO] PluginManager:203 - loadIPPluginJar : add gic
2026-08-13 08:22:35,238 [INFO] IPUIPlugin:64 - create IPUIPlugin
2026-08-13 08:22:35,238 [INFO] PluginManager:203 - loadIPPluginJar : add gpio
2026-08-13 08:22:35,298 [INFO] IPUIPlugin:64 - create IPUIPlugin
2026-08-13 08:22:35,298 [INFO] PluginManager:203 - loadIPPluginJar : add gtzc
2026-08-13 08:22:35,328 [INFO] IPUIPlugin:64 - create IPUIPlugin
2026-08-13 08:22:35,328 [INFO] PluginManager:203 - loadIPPluginJar : add hash
2026-08-13 08:22:35,377 [INFO] IPUIPlugin:64 - create IPUIPlugin
2026-08-13 08:22:35,377 [INFO] PluginManager:203 - loadIPPluginJar : add i2c
2026-08-13 08:22:35,417 [INFO] IPUIPlugin:64 - create IPUIPlugin
2026-08-13 08:22:35,417 [INFO] PluginManager:203 - loadIPPluginJar : add i2s
2026-08-13 08:22:35,426 [INFO] IPUIPlugin:64 - create IPUIPlugin
2026-08-13 08:22:35,426 [INFO] PluginManager:203 - loadIPPluginJar : add ipddr
2026-08-13 08:22:35,464 [INFO] IPUIPlugin:64 - create IPUIPlugin
2026-08-13 08:22:35,464 [INFO] PluginManager:203 - loadIPPluginJar : add lorawan
2026-08-13 08:22:35,504 [INFO] IPUIPlugin:64 - create IPUIPlugin
2026-08-13 08:22:35,505 [INFO] PluginManager:203 - loadIPPluginJar : add ltdc
2026-08-13 08:22:35,514 [INFO] IPUIPlugin:64 - create IPUIPlugin
2026-08-13 08:22:35,514 [INFO] PluginManager:203 - loadIPPluginJar : add mdma
2026-08-13 08:22:35,523 [INFO] IPUIPlugin:64 - create IPUIPlugin
2026-08-13 08:22:35,523 [INFO] PluginManager:203 - loadIPPluginJar : add nvic
2026-08-13 08:22:35,557 [INFO] IPUIPlugin:64 - create IPUIPlugin
2026-08-13 08:22:35,557 [INFO] PluginManager:203 - loadIPPluginJar : add opamp
2026-08-13 08:22:35,614 [INFO] IPUIPlugin:64 - create IPUIPlugin
2026-08-13 08:22:35,614 [INFO] PluginManager:203 - loadIPPluginJar : add openamp
2026-08-13 08:22:35,656 [INFO] IPUIPlugin:64 - create IPUIPlugin
2026-08-13 08:22:35,656 [INFO] PluginManager:203 - loadIPPluginJar : add pdm2pcm
2026-08-13 08:22:35,667 [INFO] IPUIPlugin:64 - create IPUIPlugin
2026-08-13 08:22:35,669 [INFO] PluginManager:203 - loadIPPluginJar : add plateformsettings
2026-08-13 08:22:35,696 [INFO] IPUIPlugin:64 - create IPUIPlugin
2026-08-13 08:22:35,696 [INFO] PluginManager:203 - loadIPPluginJar : add quadspi
2026-08-13 08:22:35,706 [INFO] IPUIPlugin:64 - create IPUIPlugin
2026-08-13 08:22:35,707 [INFO] PluginManager:203 - loadIPPluginJar : add resmgrutility
2026-08-13 08:22:35,757 [INFO] IPUIPlugin:64 - create IPUIPlugin
2026-08-13 08:22:35,758 [INFO] PluginManager:203 - loadIPPluginJar : add sai
2026-08-13 08:22:35,796 [INFO] IPUIPlugin:64 - create IPUIPlugin
2026-08-13 08:22:35,796 [INFO] PluginManager:203 - loadIPPluginJar : add spi
2026-08-13 08:22:35,844 [INFO] IPUIPlugin:64 - create IPUIPlugin
2026-08-13 08:22:35,844 [INFO] PluginManager:203 - loadIPPluginJar : add stm32_wpan
2026-08-13 08:22:35,870 [INFO] IPUIPlugin:64 - create IPUIPlugin
2026-08-13 08:22:35,870 [INFO] PluginManager:203 - loadIPPluginJar : add tim
2026-08-13 08:22:35,932 [INFO] IPUIPlugin:64 - create IPUIPlugin
2026-08-13 08:22:35,933 [INFO] PluginManager:203 - loadIPPluginJar : add touchsensing
2026-08-13 08:22:35,961 [INFO] IPUIPlugin:64 - create IPUIPlugin
2026-08-13 08:22:35,961 [INFO] PluginManager:203 - loadIPPluginJar : add tracer_emb
2026-08-13 08:22:35,989 [INFO] IPUIPlugin:64 - create IPUIPlugin
2026-08-13 08:22:35,989 [INFO] PluginManager:203 - loadIPPluginJar : add ts
2026-08-13 08:22:36,015 [INFO] IPUIPlugin:64 - create IPUIPlugin
2026-08-13 08:22:36,015 [INFO] PluginManager:203 - loadIPPluginJar : add tsc
2026-08-13 08:22:36,041 [INFO] IPUIPlugin:64 - create IPUIPlugin
2026-08-13 08:22:36,041 [INFO] PluginManager:203 - loadIPPluginJar : add ucpd
2026-08-13 08:22:36,086 [INFO] IPUIPlugin:64 - create IPUIPlugin
2026-08-13 08:22:36,086 [INFO] PluginManager:203 - loadIPPluginJar : add usart
2026-08-13 08:22:36,326 [FATAL] Updater:284 - Updater called before beeing initialized
2026-08-13 08:22:36,396 [FATAL] Updater:284 - Updater called before beeing initialized
2026-08-13 08:22:36,421 [WARN] DetailPanel:347 - Failed to get advertising image, set to default
2026-08-13 08:22:36,423 [FATAL] Updater:284 - Updater called before beeing initialized
2026-08-13 08:22:36,424 [WARN] DetailPanel:347 - Failed to get advertising image, set to default
2026-08-13 08:22:36,451 [FATAL] Updater:284 - Updater called before beeing initialized
2026-08-13 08:22:36,451 [WARN] ThirdParty:783 - waiting for thirdparty lock release [close project]
2026-08-13 08:22:37,356 [INFO] ThirdPartyUpdaterWithRetryManager:56 - Updater plugin not ready yet. [2/15]
2026-08-13 08:22:40,359 [FATAL] Updater:284 - Updater called before beeing initialized
2026-08-13 08:22:40,359 [ERROR] AbstractThirdPartyUpdaterManager:153 - java.lang.Integer cannot be cast to java.util.List
2026-08-13 08:22:40,359 [INFO] ThirdParty:887 - Integrity check success = false
2026-08-13 08:22:40,359 [INFO] IntegrityCheckThread:75 - exiting critical section [integrity check]
2026-08-13 08:22:40,359 [INFO] IntegrityCheckThread:78 - End integrity checks thread
2026-08-13 08:22:40,360 [INFO] ThirdParty:785 - entering critical section [close project]
2026-08-13 08:22:40,361 [INFO] ThirdParty:796 - exiting critical section [close project]
2026-08-13 08:22:40,363 [INFO] PinOutPanel:1434 - setPackage(No Configuration,No Configuration)
2026-08-13 08:22:40,364 [FATAL] Updater:284 - Updater called before beeing initialized
2026-08-13 08:22:40,375 [ERROR] Updater:1065 - MainUpdater not yet initialized. External WinMGr cannot be set.
2026-08-13 08:22:40,385 [INFO] Updater:1002 - Updater Version found : 6.1.1
2026-08-13 08:22:40,400 [INFO] ApplicationProperties:181 - Using Application install path: C:\ST\STM32CubeIDE_1.5.1\STM32CubeIDE\plugins\com.st.stm32cube.common.mx_6.1.1.202012091304
2026-08-13 08:22:41,253 [INFO] MainUpdater:2644 - connection check result : 10
2026-08-13 08:22:41,254 [INFO] MainUpdater:249 - Updater Check For Update Now.
2026-08-13 08:22:41,254 [INFO] MicroXplorer:415 - Change Database Version : DB.6.0.10
2026-08-13 08:22:41,325 [INFO] CheckServerUpdateThread:102 - End of CheckServer Thread
2026-08-13 08:22:41,390 [INFO] MainUpdater:2644 - connection check result : 10
2026-08-13 08:22:41,397 [INFO] MainUpdater:2644 - connection check result : 10
2026-08-13 08:22:41,567 [INFO] MicroXplorer:385 - Change Database Path : 
2026-08-13 08:22:41,568 [INFO] MicroXplorer:415 - Change Database Version : DB.6.0.10
2026-08-13 08:22:41,568 [WARN] ThirdParty:783 - waiting for thirdparty lock release [close project]
2026-08-13 08:22:41,568 [INFO] ThirdParty:785 - entering critical section [close project]
2026-08-13 08:22:41,568 [INFO] ThirdParty:796 - exiting critical section [close project]
2026-08-13 08:22:41,569 [INFO] PinOutPanel:1434 - setPackage(No Configuration,No Configuration)
2026-08-13 08:22:41,570 [INFO] UtilMem:74 - Begin LoadConfig() Used Memory: 788796664 Bytes (1029701632)
2026-08-13 08:22:41,571 [INFO] MicroXplorer:385 - Change Database Path : 
2026-08-13 08:22:41,571 [INFO] MicroXplorer:415 - Change Database Version : DB.6.0.10
2026-08-13 08:22:41,571 [INFO] OpenFileManager:274 - Change cursor
2026-08-13 08:22:41,573 [WARN] ThirdParty:204 - Use empty third party IP manager
2026-08-13 08:22:41,586 [WARN] IntegrityCheckThread:59 - waiting for thirdparty lock release [integrity check]
2026-08-13 08:22:41,587 [INFO] IntegrityCheckThread:61 - entering critical section [integrity check]
2026-08-13 08:22:41,714 [ERROR] Engine:500 - C:\Users\Alunos\.stm32cubemx\thirdparties\pdsc\STMicroelectronics.FP-SNS-MOTENVWB1.1.4.0.pdsc: PDSC version is not supported
2026-08-13 08:22:41,753 [ERROR] Engine:500 - C:\Users\Alunos\.stm32cubemx\thirdparties\pdsc\STMicroelectronics.X-CUBE-SMBUS.2.1.1.pdsc: PDSC version is not supported
2026-08-13 08:22:41,761 [ERROR] Engine:500 - C:\Users\Alunos\.stm32cubemx\thirdparties\pdsc\STMicroelectronics.X-CUBE-SMBUS.2.1.0.pdsc: PDSC version is not supported
2026-08-13 08:22:41,784 [ERROR] Engine:500 - C:\Users\Alunos\.stm32cubemx\thirdparties\pdsc\STMicroelectronics.X-CUBE-ST60.1.0.0.pdsc: PDSC version is not supported
2026-08-13 08:22:41,815 [ERROR] Engine:500 - C:\Users\Alunos\.stm32cubemx\thirdparties\pdsc\STMicroelectronics.X-CUBE-FREERTOS.1.6.0.pdsc: PDSC version is not supported
2026-08-13 08:22:41,823 [ERROR] Engine:500 - C:\Users\Alunos\.stm32cubemx\thirdparties\pdsc\STMicroelectronics.FP-SNS-MOTENV1.5.1.0.pdsc: PDSC version is not supported
2026-08-13 08:22:41,870 [ERROR] Engine:500 - C:\Users\Alunos\.stm32cubemx\thirdparties\pdsc\STMicroelectronics.FP-SNS-FLIGHT1.5.0.2.pdsc: PDSC version is not supported
2026-08-13 08:22:41,880 [ERROR] Engine:500 - C:\Users\Alunos\.stm32cubemx\thirdparties\pdsc\Infineon.AIROC-Wi-Fi-Bluetooth-STM32.1.7.0.pdsc: PDSC version is not supported
2026-08-13 08:22:41,923 [ERROR] Engine:500 - C:\Users\Alunos\.stm32cubemx\thirdparties\pdsc\STMicroelectronics.X-CUBE-DISPLAY.3.0.0.pdsc: PDSC version is not supported
2026-08-13 08:22:41,942 [ERROR] Engine:500 - C:\Users\Alunos\.stm32cubemx\thirdparties\pdsc\STMicroelectronics.FP-SNS-MOTENVWB1.1.5.0.pdsc: PDSC version is not supported
2026-08-13 08:22:41,970 [ERROR] Engine:500 - C:\Users\Alunos\.stm32cubemx\thirdparties\pdsc\STMicroelectronics.X-CUBE-BLEMGR.4.0.0.pdsc: PDSC version is not supported
2026-08-13 08:22:41,978 [ERROR] Engine:500 - C:\Users\Alunos\.stm32cubemx\thirdparties\pdsc\STMicroelectronics.X-CUBE-ST60.1.1.0.pdsc: PDSC version is not supported
2026-08-13 08:22:41,986 [ERROR] Engine:500 - C:\Users\Alunos\.stm32cubemx\thirdparties\pdsc\emotas.I-CUBE-CANOPEN.1.3.0.pdsc: PDSC version is not supported
2026-08-13 08:22:41,994 [ERROR] Engine:500 - C:\Users\Alunos\.stm32cubemx\thirdparties\pdsc\STMicroelectronics.X-CUBE-WBA.1.1.0.pdsc: PDSC version is not supported
2026-08-13 08:22:42,019 [ERROR] Engine:500 - C:\Users\Alunos\.stm32cubemx\thirdparties\pdsc\STMicroelectronics.FP-SNS-STBOX1.2.1.0.pdsc: PDSC version is not supported
2026-08-13 08:22:42,027 [ERROR] Engine:500 - C:\Users\Alunos\.stm32cubemx\thirdparties\pdsc\STMicroelectronics.FP-SNS-SMARTAG2.1.2.0.pdsc: PDSC version is not supported
2026-08-13 08:22:42,036 [ERROR] Engine:500 - C:\Users\Alunos\.stm32cubemx\thirdparties\pdsc\STMicroelectronics.FP-SNS-FLIGHT1.5.1.0.pdsc: PDSC version is not supported
2026-08-13 08:22:42,198 [INFO] LogOutputStream:76 - [STDOUT_REDIRECT] 1 : Invalid condition id : UX_CORESTACK_Condition cause : null
2026-08-13 08:22:42,201 [INFO] LogOutputStream:76 - [STDOUT_REDIRECT] 1 : Invalid condition id : UX_CORESTACK_Condition cause : null
2026-08-13 08:22:42,202 [INFO] LogOutputStream:76 - [STDOUT_REDIRECT] 1 : Invalid condition id : UX_CORESTACK_Condition cause : null
2026-08-13 08:22:42,204 [INFO] LogOutputStream:76 - [STDOUT_REDIRECT] 1 : Invalid condition id : UX_CORESTACK_Condition cause : null
2026-08-13 08:22:42,206 [INFO] LogOutputStream:76 - [STDOUT_REDIRECT] 1 : Invalid condition id : UX_CORESTACK_Condition cause : null
2026-08-13 08:22:42,240 [ERROR] Engine:500 - C:\Users\Alunos\.stm32cubemx\thirdparties\pdsc\STMicroelectronics.FP-SNS-MOTENV1.5.0.0.pdsc: PDSC version is not supported
2026-08-13 08:22:42,355 [ERROR] Engine:500 - C:\Users\Alunos\.stm32cubemx\thirdparties\pdsc\Avnet-IOTCONNECT.X-CUBE-iotc-st67-sdk.1.0.0.pdsc: PDSC version is not supported
2026-08-13 08:22:42,406 [ERROR] Engine:500 - C:\Users\Alunos\.stm32cubemx\thirdparties\pdsc\STMicroelectronics.X-CUBE-FREERTOS.1.4.0.pdsc: PDSC version is not supported
2026-08-13 08:22:42,431 [ERROR] Engine:500 - C:\Users\Alunos\.stm32cubemx\thirdparties\pdsc\STMicroelectronics.X-CUBE-ST67W61.1.1.0.pdsc: PDSC version is not supported
2026-08-13 08:22:42,450 [ERROR] Engine:500 - C:\Users\Alunos\.stm32cubemx\thirdparties\pdsc\STMicroelectronics.FP-SNS-STAIOTCFT.1.1.0.pdsc: PDSC version is not supported
2026-08-13 08:22:42,723 [ERROR] Engine:500 - C:\Users\Alunos\.stm32cubemx\thirdparties\pdsc\EmbeddedOffice.I-CUBE-FS-RTOS.1.0.1.pdsc: PDSC version is not supported
2026-08-13 08:22:42,750 [ERROR] Engine:500 - C:\Users\Alunos\.stm32cubemx\thirdparties\pdsc\STMicroelectronics.X-CUBE-TCPP.4.2.0.pdsc: PDSC version is not supported
2026-08-13 08:22:42,758 [ERROR] Engine:500 - C:\Users\Alunos\.stm32cubemx\thirdparties\pdsc\RealThread.X-CUBE-RT-Thread_Nano.4.1.1.pdsc: PDSC version is not supported
2026-08-13 08:22:42,774 [ERROR] Engine:500 - C:\Users\Alunos\.stm32cubemx\thirdparties\pdsc\quantropi.X-CUBE-qispace-sdk-base.1.9.3.pdsc: PDSC version is not supported
2026-08-13 08:22:42,792 [ERROR] Engine:500 - C:\Users\Alunos\.stm32cubemx\thirdparties\pdsc\STMicroelectronics.X-CUBE-FREERTOS.1.5.0.pdsc: PDSC version is not supported
2026-08-13 08:22:42,809 [ERROR] Engine:500 - C:\Users\Alunos\.stm32cubemx\thirdparties\pdsc\ITTIA_DB.I-CUBE-ITTIADB.8.9.0.pdsc: PDSC version is not supported
2026-08-13 08:22:42,841 [ERROR] Engine:500 - C:\Users\Alunos\.stm32cubemx\thirdparties\pdsc\STMicroelectronics.X-CUBE-ST67W61.1.0.0.pdsc: PDSC version is not supported
2026-08-13 08:22:43,283 [ERROR] Engine:500 - C:\Users\Alunos\.stm32cubemx\thirdparties\pdsc\Avnet-IotConnect.X-CUBE-IoTC-DA16k-PMOD.1.0.0.pdsc: PDSC version is not supported
2026-08-13 08:22:43,303 [ERROR] Engine:500 - C:\Users\Alunos\.stm32cubemx\thirdparties\pdsc\STMicroelectronics.X-CUBE-IPS.3.2.0.pdsc: PDSC version is not supported
2026-08-13 08:22:43,311 [ERROR] Engine:500 - C:\Users\Alunos\.stm32cubemx\thirdparties\pdsc\STMicroelectronics.eDS-WB_DPC_TT-BIDIR.2.1.1.pdsc: PDSC version is not supported
2026-08-13 08:22:43,368 [ERROR] Engine:500 - C:\Users\Alunos\.stm32cubemx\thirdparties\pdsc\STMicroelectronics.X-CUBE-DPower.1.2.0.pdsc: PDSC version is not supported
2026-08-13 08:22:43,376 [ERROR] Engine:500 - C:\Users\Alunos\.stm32cubemx\thirdparties\pdsc\STMicroelectronics.eDS-WB_DPC_VIENNA.1.2.0.pdsc: PDSC version is not supported
2026-08-13 08:22:43,458 [ERROR] Engine:500 - C:\Users\Alunos\.stm32cubemx\thirdparties\pdsc\STMicroelectronics.eDS-WB_DPC_3PH2L-BIDIR.1.1.1.pdsc: PDSC version is not supported
2026-08-13 08:22:43,469 [ERROR] Engine:500 - C:\Users\Alunos\.stm32cubemx\thirdparties\pdsc\STMicroelectronics.X-CUBE-ST67W61.1.3.0.pdsc: PDSC version is not supported
2026-08-13 08:22:43,477 [ERROR] Engine:500 - C:\Users\Alunos\.stm32cubemx\thirdparties\pdsc\STMicroelectronics.X-CUBE-FREERTOS.1.3.1.pdsc: PDSC version is not supported
2026-08-13 08:22:43,485 [ERROR] Engine:500 - C:\Users\Alunos\.stm32cubemx\thirdparties\pdsc\STMicroelectronics.X-CUBE-FREERTOS.1.3.0.pdsc: PDSC version is not supported
2026-08-13 08:22:43,521 [ERROR] Engine:500 - C:\Users\Alunos\.stm32cubemx\thirdparties\pdsc\STMicroelectronics.FP-SNS-STAIOTCFT.1.0.0.pdsc: PDSC version is not supported
2026-08-13 08:22:43,531 [ERROR] Engine:500 - C:\Users\Alunos\.stm32cubemx\thirdparties\pdsc\STMicroelectronics.X-CUBE-DPower.1.3.0.pdsc: PDSC version is not supported
2026-08-13 08:22:43,550 [WARN] ConditionMgr:437 - getConditionDescription Invalid condition id : LAN8742 Phy interface Condition cause : null
2026-08-13 08:22:43,551 [WARN] ConditionMgr:1040 - genDependencies : Invalid condition id : LAN8742 Phy interface Condition cause : null
2026-08-13 08:22:43,551 [WARN] ConditionMgr:1040 - genDependencies : Invalid condition id : LAN8742 Phy interface Condition cause : null
2026-08-13 08:22:43,552 [WARN] ConditionMgr:1040 - genDependencies : Invalid condition id : LAN8742 Phy interface Condition cause : null
2026-08-13 08:22:43,583 [ERROR] Engine:500 - C:\Users\Alunos\.stm32cubemx\thirdparties\pdsc\STMicroelectronics.X-CUBE-ST67W61.1.2.0.pdsc: PDSC version is not supported
2026-08-13 08:22:43,622 [ERROR] Engine:500 - C:\Users\Alunos\.stm32cubemx\thirdparties\pdsc\STMicroelectronics.X-CUBE-BLEMGR.4.1.0.pdsc: PDSC version is not supported
2026-08-13 08:22:43,670 [WARN] ConditionMgr:437 - getConditionDescription Invalid condition id : UX DEVICE CLASS RTOS Condition cause : null
2026-08-13 08:22:43,671 [WARN] ConditionMgr:437 - getConditionDescription Invalid condition id : UX DEVICE CLASS RTOS Condition cause : null
2026-08-13 08:22:43,672 [WARN] ConditionMgr:1040 - genDependencies : Invalid condition id : UX DEVICE CLASS RTOS Condition cause : null
2026-08-13 08:22:43,672 [WARN] ConditionMgr:1040 - genDependencies : Invalid condition id : UX DEVICE CLASS RTOS Condition cause : null
2026-08-13 08:22:43,673 [WARN] ConditionMgr:1040 - genDependencies : Invalid condition id : UX DEVICE CLASS RTOS Condition cause : null
2026-08-13 08:22:43,673 [WARN] ConditionMgr:1040 - genDependencies : Invalid condition id : UX DEVICE CLASS RTOS Condition cause : null
2026-08-13 08:22:43,673 [WARN] ConditionMgr:1040 - genDependencies : Invalid condition id : UX DEVICE CLASS RTOS Condition cause : null
2026-08-13 08:22:43,700 [ERROR] Engine:500 - C:\Users\Alunos\.stm32cubemx\thirdparties\pdsc\STMicroelectronics.FP-SNS-STBOX1.2.0.0.pdsc: PDSC version is not supported
2026-08-13 08:22:43,751 [ERROR] Engine:500 - C:\Users\Alunos\.stm32cubemx\thirdparties\pdsc\Cesanta.I-CUBE-Mongoose.7.13.0.pdsc: PDSC version is not supported
2026-08-13 08:22:43,792 [ERROR] Engine:500 - C:\Users\Alunos\.stm32cubemx\thirdparties\pdsc\STMicroelectronics.X-CUBE-IPS.3.1.0.pdsc: PDSC version is not supported
2026-08-13 08:22:43,800 [ERROR] Engine:500 - C:\Users\Alunos\.stm32cubemx\thirdparties\pdsc\STMicroelectronics.X-CUBE-BLEMGR.4.2.0.pdsc: PDSC version is not supported
2026-08-13 08:22:43,809 [ERROR] Engine:500 - C:\Users\Alunos\.stm32cubemx\thirdparties\pdsc\STMicroelectronics.X-CUBE-ALS.1.0.2.pdsc: PDSC version is not supported
2026-08-13 08:22:43,869 [ERROR] Engine:500 - C:\Users\Alunos\.stm32cubemx\thirdparties\pdsc\STMicroelectronics.X-CUBE-TOF1.3.4.2.pdsc: PDSC version is not supported
2026-08-13 08:22:43,878 [ERROR] Engine:500 - C:\Users\Alunos\.stm32cubemx\thirdparties\pdsc\STMicroelectronics.X-CUBE-TOF1.3.4.3.pdsc: PDSC version is not supported
2026-08-13 08:22:43,878 [INFO] ThirdParty:887 - Integrity check success = true
2026-08-13 08:22:43,878 [INFO] IntegrityCheckThread:75 - exiting critical section [integrity check]
2026-08-13 08:22:43,878 [INFO] IntegrityCheckThread:78 - End integrity checks thread
2026-08-13 08:22:44,614 [WARN] ApiManager:294 - Cannot register API 'Board Extension:PM33A1' from pack STMicroelectronics.X-CUBE-PM33A1.1.0.0: no header file found
2026-08-13 08:22:44,616 [WARN] ApiManager:294 - Cannot register API 'Board Extension:NFC09A1' from pack STMicroelectronics.X-CUBE-NFC9.1.0.0: no header file found
2026-08-13 08:22:44,619 [WARN] ApiManager:294 - Cannot register API 'Wireless:BlueNRG-MS' from pack STMicroelectronics.X-CUBE-BLE1.7.1.0: no header file found
2026-08-13 08:22:44,620 [WARN] ApiManager:294 - Cannot register API 'Wireless:STM32WB05N' from pack STMicroelectronics.X-CUBE-WB05N.1.1.0: no header file found
2026-08-13 08:22:44,621 [WARN] ApiManager:294 - Cannot register API 'Board Extension:EEPRMA2' from pack STMicroelectronics.X-CUBE-EEPRMA1.5.2.0: no header file found
2026-08-13 08:22:44,621 [WARN] ApiManager:294 - Cannot register API 'Board Extension:PGEEZ1' from pack STMicroelectronics.X-CUBE-EEPRMA1.5.2.0: no header file found
2026-08-13 08:22:44,622 [WARN] ApiManager:294 - Cannot register API 'Board Extension:EEICA1' from pack STMicroelectronics.X-CUBE-EEPRMA1.5.2.0: no header file found
2026-08-13 08:22:44,622 [WARN] ApiManager:294 - Cannot register API 'Board Part:M24' from pack STMicroelectronics.X-CUBE-EEPRMA1.5.2.0: no header file found
2026-08-13 08:22:44,622 [WARN] ApiManager:294 - Cannot register API 'Board Part:M95' from pack STMicroelectronics.X-CUBE-EEPRMA1.5.2.0: no header file found
2026-08-13 08:22:44,622 [WARN] ApiManager:294 - Cannot register API 'Board Part:M95P32' from pack STMicroelectronics.X-CUBE-EEPRMA1.5.2.0: no header file found
2026-08-13 08:22:44,622 [WARN] ApiManager:294 - Cannot register API 'Board Part:M24256E-F' from pack STMicroelectronics.X-CUBE-EEPRMA1.5.2.0: no header file found
2026-08-13 08:22:44,622 [WARN] ApiManager:294 - Cannot register API 'Board Part:M24M01E-F' from pack STMicroelectronics.X-CUBE-EEPRMA1.5.2.0: no header file found
2026-08-13 08:22:44,622 [WARN] ApiManager:294 - Cannot register API 'PGEEZ1:SPI' from pack STMicroelectronics.X-CUBE-EEPRMA1.5.2.0: no header file found
2026-08-13 08:22:44,622 [WARN] ApiManager:294 - Cannot register API 'PGEEZ1:QDSPI' from pack STMicroelectronics.X-CUBE-EEPRMA1.5.2.0: no header file found
2026-08-13 08:22:44,623 [WARN] ApiManager:294 - Cannot register API 'Board Extension:GNSS1A1' from pack STMicroelectronics.X-CUBE-GNSS1.7.0.1: no header file found
2026-08-13 08:22:44,623 [WARN] ApiManager:294 - Cannot register API 'Board Support:Custom' from pack STMicroelectronics.X-CUBE-GNSS1.7.0.1: no header file found
2026-08-13 08:22:44,623 [WARN] ApiManager:294 - Cannot register API 'Data Exchange:lib_gnss' from pack STMicroelectronics.X-CUBE-GNSS1.7.0.1: no header file found
2026-08-13 08:22:44,624 [WARN] ApiManager:294 - Cannot register API 'Board Extension:NFC12A1' from pack STMicroelectronics.X-CUBE-NFC12.1.0.0: no header file found
2026-08-13 08:22:44,630 [WARN] ApiManager:294 - Cannot register API 'Board Extension:NFC06A1' from pack STMicroelectronics.X-CUBE-NFC6.3.1.0: no header file found
2026-08-13 08:22:44,630 [WARN] ApiManager:294 - Cannot register API 'Board Extension:NFC08A1' from pack STMicroelectronics.X-CUBE-NFC6.3.1.0: no header file found
2026-08-13 08:22:44,646 [WARN] ApiManager:294 - Cannot register API 'Board Extension:IKS02A1' from pack STMicroelectronics.X-CUBE-MEMS1.12.0.0: no header file found
2026-08-13 08:22:44,646 [WARN] ApiManager:294 - Cannot register API 'Board Extension:IKS4A1' from pack STMicroelectronics.X-CUBE-MEMS1.12.0.0: no header file found
2026-08-13 08:22:44,646 [WARN] ApiManager:294 - Cannot register API 'Board Extension:IKS5A1' from pack STMicroelectronics.X-CUBE-MEMS1.12.0.0: no header file found
2026-08-13 08:22:44,652 [WARN] ApiManager:294 - Cannot register API 'Board Extension:SAFEA1' from pack STMicroelectronics.X-CUBE-STSE01.2.0.0: no header file found
2026-08-13 08:22:44,653 [WARN] ApiManager:294 - Cannot register API 'Board Extension:ESE01A1' from pack STMicroelectronics.X-CUBE-STSE01.2.0.0: no header file found
2026-08-13 08:22:44,653 [WARN] ApiManager:294 - Cannot register API 'Board Extension:ESE02A1' from pack STMicroelectronics.X-CUBE-STSE01.2.0.0: no header file found
2026-08-13 08:22:44,653 [WARN] ApiManager:294 - Cannot register API 'Board Part:STSAFEA110' from pack STMicroelectronics.X-CUBE-STSE01.2.0.0: no header file found
2026-08-13 08:22:44,653 [WARN] ApiManager:294 - Cannot register API 'Board Part:STSAFEA120' from pack STMicroelectronics.X-CUBE-STSE01.2.0.0: no header file found
2026-08-13 08:22:44,653 [WARN] ApiManager:294 - Cannot register API 'Board Part:STSAFEL010' from pack STMicroelectronics.X-CUBE-STSE01.2.0.0: no header file found
2026-08-13 08:22:44,653 [WARN] ApiManager:294 - Cannot register API 'Security:STM32_Cryptographic' from pack STMicroelectronics.X-CUBE-STSE01.2.0.0: no header file found
2026-08-13 08:22:44,653 [WARN] ApiManager:294 - Cannot register API 'Security:STSELib' from pack STMicroelectronics.X-CUBE-STSE01.2.0.0: no header file found
2026-08-13 08:22:44,678 [WARN] ApiManager:294 - Cannot register API 'Board Extension:IKS01A3' from pack STMicroelectronics.X-CUBE-MEMS1.11.2.0: no header file found
2026-08-13 08:22:44,678 [WARN] ApiManager:294 - Cannot register API 'Board Extension:IKS02A1' from pack STMicroelectronics.X-CUBE-MEMS1.11.2.0: no header file found
2026-08-13 08:22:44,678 [WARN] ApiManager:294 - Cannot register API 'Board Extension:IKS4A1' from pack STMicroelectronics.X-CUBE-MEMS1.11.2.0: no header file found
2026-08-13 08:22:44,682 [INFO] RtosManager:464 - Registered RTOS mode: class=CMSIS, group=RTOS, mode=CMSIS_V1, owner=FREERTOS
2026-08-13 08:22:44,682 [INFO] RtosManager:464 - Registered RTOS mode: class=CMSIS, group=RTOS2, mode=CMSIS_V2, owner=FREERTOS
2026-08-13 08:22:44,682 [INFO] RtosManager:464 - Registered RTOS mode: class=RTOS, group=Core, mode=CMSIS_V1, owner=FREERTOS
2026-08-13 08:22:44,682 [INFO] RtosManager:464 - Registered RTOS mode: class=RTOS, group=Core, mode=CMSIS_V2, owner=FREERTOS
2026-08-13 08:22:44,682 [WARN] ModelIntegratedComponent:182 - Missing modes for component STMicroelectronics:FreeRTOS:0.0.1:STMicroelectronics:RTOS:FreeRTOS:Core:::10.2.0:
2026-08-13 08:22:44,684 [WARN] ApiManager:294 - Cannot register API 'Board Extension:STSAFEA1' from pack STMicroelectronics.X-CUBE-SAFEA1.1.2.2: no header file found
2026-08-13 08:22:44,684 [WARN] ApiManager:294 - Cannot register API 'Board Part:STSAFEA110' from pack STMicroelectronics.X-CUBE-SAFEA1.1.2.2: no header file found
2026-08-13 08:22:44,684 [WARN] ApiManager:294 - Cannot register API 'Security:ST_Cryptolib' from pack STMicroelectronics.X-CUBE-SAFEA1.1.2.2: no header file found
2026-08-13 08:22:44,684 [WARN] ApiManager:294 - Cannot register API 'Security:MbedTLS' from pack STMicroelectronics.X-CUBE-SAFEA1.1.2.2: no header file found
2026-08-13 08:22:44,684 [WARN] ApiManager:294 - Cannot register API 'Board Extension:NFC04A1' from pack STMicroelectronics.X-CUBE-NFC4.3.0.0: no header file found
2026-08-13 08:22:44,685 [WARN] ApiManager:294 - Cannot register API 'Board Extension:S2868A1' from pack STMicroelectronics.X-CUBE-SUBG2.5.0.0: no header file found
2026-08-13 08:22:44,685 [WARN] ApiManager:294 - Cannot register API 'Board Extension:S2868A2' from pack STMicroelectronics.X-CUBE-SUBG2.5.0.0: no header file found
2026-08-13 08:22:44,685 [WARN] ApiManager:294 - Cannot register API 'Board Extension:S2915A1' from pack STMicroelectronics.X-CUBE-SUBG2.5.0.0: no header file found
2026-08-13 08:22:44,703 [WARN] ApiManager:294 - Cannot register API 'Board Extension:IKS02A1' from pack STMicroelectronics.X-CUBE-MEMS1.13.0.0: no header file found
2026-08-13 08:22:44,703 [WARN] ApiManager:294 - Cannot register API 'Board Extension:IKS4A1' from pack STMicroelectronics.X-CUBE-MEMS1.13.0.0: no header file found
2026-08-13 08:22:44,703 [WARN] ApiManager:294 - Cannot register API 'Board Extension:IKS5A1' from pack STMicroelectronics.X-CUBE-MEMS1.13.0.0: no header file found
2026-08-13 08:22:44,706 [WARN] ApiManager:294 - Cannot register API 'Wireless:STM32WB05N' from pack STMicroelectronics.X-CUBE-WB05N.2.0.0: no header file found
2026-08-13 08:22:44,707 [WARN] ApiManager:294 - Cannot register API 'Board Extension:NFC07A1' from pack STMicroelectronics.X-CUBE-NFC7.2.0.0: no header file found
2026-08-13 08:22:44,708 [WARN] ApiManager:294 - Cannot register API 'Board Extension:GNSS1A1' from pack STMicroelectronics.X-CUBE-GNSS1.7.1.1: no header file found
2026-08-13 08:22:44,708 [WARN] ApiManager:294 - Cannot register API 'Board Support:Custom' from pack STMicroelectronics.X-CUBE-GNSS1.7.1.1: no header file found
2026-08-13 08:22:44,708 [WARN] ApiManager:294 - Cannot register API 'Data Exchange:lib_gnss' from pack STMicroelectronics.X-CUBE-GNSS1.7.1.1: no header file found
2026-08-13 08:22:44,708 [WARN] ApiManager:294 - Cannot register API 'Wireless:BlueNRG-MS' from pack STMicroelectronics.X-CUBE-BLE1.7.0.0: no header file found
2026-08-13 08:22:44,708 [WARN] ApiManager:294 - Cannot register API 'Board Extension:NFC10A1' from pack STMicroelectronics.X-CUBE-NFC10.1.0.0: no header file found
2026-08-13 08:22:44,709 [WARN] ApiManager:294 - Cannot register API 'Board Extension:EEPRMA2' from pack STMicroelectronics.X-CUBE-EEPRMA1.5.1.0: no header file found
2026-08-13 08:22:44,709 [WARN] ApiManager:294 - Cannot register API 'Board Extension:PGEEZ1' from pack STMicroelectronics.X-CUBE-EEPRMA1.5.1.0: no header file found
2026-08-13 08:22:44,709 [WARN] ApiManager:294 - Cannot register API 'Board Extension:EEICA1' from pack STMicroelectronics.X-CUBE-EEPRMA1.5.1.0: no header file found
2026-08-13 08:22:44,709 [WARN] ApiManager:294 - Cannot register API 'Board Part:M24' from pack STMicroelectronics.X-CUBE-EEPRMA1.5.1.0: no header file found
2026-08-13 08:22:44,709 [WARN] ApiManager:294 - Cannot register API 'Board Part:M95' from pack STMicroelectronics.X-CUBE-EEPRMA1.5.1.0: no header file found
2026-08-13 08:22:44,709 [WARN] ApiManager:294 - Cannot register API 'Board Part:M95P32' from pack STMicroelectronics.X-CUBE-EEPRMA1.5.1.0: no header file found
2026-08-13 08:22:44,709 [WARN] ApiManager:294 - Cannot register API 'Board Part:M24256E-F' from pack STMicroelectronics.X-CUBE-EEPRMA1.5.1.0: no header file found
2026-08-13 08:22:44,709 [WARN] ApiManager:294 - Cannot register API 'Board Part:M24M01E-F' from pack STMicroelectronics.X-CUBE-EEPRMA1.5.1.0: no header file found
2026-08-13 08:22:44,709 [WARN] ApiManager:294 - Cannot register API 'PGEEZ1:SPI' from pack STMicroelectronics.X-CUBE-EEPRMA1.5.1.0: no header file found
2026-08-13 08:22:44,709 [WARN] ApiManager:294 - Cannot register API 'PGEEZ1:QDSPI' from pack STMicroelectronics.X-CUBE-EEPRMA1.5.1.0: no header file found
2026-08-13 08:22:44,710 [WARN] ModelIntegratedComponent:51 - No mode defined for component null
2026-08-13 08:22:44,710 [WARN] ModelIntegratedComponent:51 - No mode defined for component null
2026-08-13 08:22:44,710 [WARN] ModelIntegratedComponent:51 - No mode defined for component null
2026-08-13 08:22:44,710 [WARN] ModelIntegratedComponent:51 - No mode defined for component null
2026-08-13 08:22:44,710 [WARN] ModelIntegratedComponent:51 - No mode defined for component null
2026-08-13 08:22:44,711 [WARN] ModelIntegratedComponent:51 - No mode defined for component null
2026-08-13 08:22:44,711 [WARN] ModelIntegratedComponent:51 - No mode defined for component null
2026-08-13 08:22:44,711 [WARN] ModelIntegratedComponent:51 - No mode defined for component null
2026-08-13 08:22:44,711 [WARN] ModelIntegratedComponent:51 - No mode defined for component null
2026-08-13 08:22:44,711 [WARN] ModelIntegratedComponent:51 - No mode defined for component null
2026-08-13 08:22:44,711 [WARN] ModelIntegratedComponent:51 - No mode defined for component null
2026-08-13 08:22:44,711 [WARN] ModelIntegratedComponent:51 - No mode defined for component null
2026-08-13 08:22:44,711 [WARN] ModelIntegratedComponent:51 - No mode defined for component null
2026-08-13 08:22:44,711 [WARN] ModelIntegratedComponent:51 - No mode defined for component null
2026-08-13 08:22:44,711 [WARN] ModelIntegratedComponent:51 - No mode defined for component null
2026-08-13 08:22:44,711 [WARN] ModelIntegratedComponent:51 - No mode defined for component null
2026-08-13 08:22:44,711 [WARN] ModelIntegratedComponent:51 - No mode defined for component null
2026-08-13 08:22:44,711 [WARN] ModelIntegratedComponent:51 - No mode defined for component null
2026-08-13 08:22:44,711 [WARN] ModelIntegratedComponent:51 - No mode defined for component null
2026-08-13 08:22:44,711 [WARN] ModelIntegratedComponent:51 - No mode defined for component null
2026-08-13 08:22:44,711 [WARN] ModelIntegratedComponent:51 - No mode defined for component null
2026-08-13 08:22:44,711 [WARN] ModelIntegratedComponent:51 - No mode defined for component null
2026-08-13 08:22:44,711 [WARN] ModelIntegratedComponent:51 - No mode defined for component null
2026-08-13 08:22:44,711 [WARN] ModelIntegratedComponent:51 - No mode defined for component null
2026-08-13 08:22:44,711 [WARN] ModelIntegratedComponent:51 - No mode defined for component null
2026-08-13 08:22:44,711 [WARN] ModelIntegratedComponent:51 - No mode defined for component null
2026-08-13 08:22:44,711 [WARN] ModelIntegratedComponent:51 - No mode defined for component null
2026-08-13 08:22:44,711 [WARN] ModelIntegratedComponent:51 - No mode defined for component null
2026-08-13 08:22:44,711 [WARN] ModelIntegratedComponent:51 - No mode defined for component null
2026-08-13 08:22:44,711 [WARN] ModelIntegratedComponent:51 - No mode defined for component null
2026-08-13 08:22:44,711 [WARN] ModelIntegratedComponent:51 - No mode defined for component null
2026-08-13 08:22:44,712 [WARN] ModelIntegratedComponent:51 - No mode defined for component null
2026-08-13 08:22:44,712 [WARN] ModelIntegratedComponent:51 - No mode defined for component null
2026-08-13 08:22:44,712 [WARN] ModelIntegratedComponent:51 - No mode defined for component null
2026-08-13 08:22:44,712 [WARN] ModelIntegratedComponent:51 - No mode defined for component null
2026-08-13 08:22:44,712 [WARN] ModelIntegratedComponent:51 - No mode defined for component null
2026-08-13 08:22:44,712 [WARN] ModelIntegratedComponent:51 - No mode defined for component null
2026-08-13 08:22:44,712 [WARN] ModelIntegratedComponent:51 - No mode defined for component null
2026-08-13 08:22:44,712 [WARN] ApiManager:294 - Cannot register API 'Board Extension:NFC07A1' from pack STMicroelectronics.X-CUBE-NFC7.1.0.1: no header file found
2026-08-13 08:22:44,713 [WARN] ApiManager:294 - Cannot register API 'Board Extension:GNSS1A1' from pack STMicroelectronics.X-CUBE-GNSS1.7.1.0: no header file found
2026-08-13 08:22:44,713 [WARN] ApiManager:294 - Cannot register API 'Board Support:Custom' from pack STMicroelectronics.X-CUBE-GNSS1.7.1.0: no header file found
2026-08-13 08:22:44,713 [WARN] ApiManager:294 - Cannot register API 'Data Exchange:lib_gnss' from pack STMicroelectronics.X-CUBE-GNSS1.7.1.0: no header file found
2026-08-13 08:22:44,714 [WARN] ApiManager:294 - Cannot register API 'Board Extension:SAFEA1' from pack STMicroelectronics.X-CUBE-STSE01.1.0.0: no header file found
2026-08-13 08:22:44,714 [WARN] ApiManager:294 - Cannot register API 'Board Extension:ESE01A1' from pack STMicroelectronics.X-CUBE-STSE01.1.0.0: no header file found
2026-08-13 08:22:44,714 [WARN] ApiManager:294 - Cannot register API 'Board Part:STSAFEA110' from pack STMicroelectronics.X-CUBE-STSE01.1.0.0: no header file found
2026-08-13 08:22:44,714 [WARN] ApiManager:294 - Cannot register API 'Board Part:STSAFEA120' from pack STMicroelectronics.X-CUBE-STSE01.1.0.0: no header file found
2026-08-13 08:22:44,714 [WARN] ApiManager:294 - Cannot register API 'Security:STM32_Cryptographic' from pack STMicroelectronics.X-CUBE-STSE01.1.0.0: no header file found
2026-08-13 08:22:44,714 [WARN] ApiManager:294 - Cannot register API 'Security:STSELib' from pack STMicroelectronics.X-CUBE-STSE01.1.0.0: no header file found
2026-08-13 08:22:44,714 [WARN] ApiManager:294 - Cannot register API 'Board Extension:NFC06A1' from pack STMicroelectronics.X-CUBE-NFC6.3.2.0: no header file found
2026-08-13 08:22:44,714 [WARN] ApiManager:294 - Cannot register API 'Board Extension:NFC08A1' from pack STMicroelectronics.X-CUBE-NFC6.3.2.0: no header file found
2026-08-13 08:22:44,730 [WARN] ApiManager:294 - Cannot register API 'Board Extension:IKS02A1' from pack STMicroelectronics.X-CUBE-MEMS1.12.1.0: no header file found
2026-08-13 08:22:44,730 [WARN] ApiManager:294 - Cannot register API 'Board Extension:IKS4A1' from pack STMicroelectronics.X-CUBE-MEMS1.12.1.0: no header file found
2026-08-13 08:22:44,730 [WARN] ApiManager:294 - Cannot register API 'Board Extension:IKS5A1' from pack STMicroelectronics.X-CUBE-MEMS1.12.1.0: no header file found
2026-08-13 08:22:44,755 [WARN] ApiManager:294 - Cannot register API 'Board Extension:IKS01A3' from pack STMicroelectronics.X-CUBE-MEMS1.11.1.0: no header file found
2026-08-13 08:22:44,756 [WARN] ApiManager:294 - Cannot register API 'Board Extension:IKS02A1' from pack STMicroelectronics.X-CUBE-MEMS1.11.1.0: no header file found
2026-08-13 08:22:44,756 [WARN] ApiManager:294 - Cannot register API 'Board Extension:IKS4A1' from pack STMicroelectronics.X-CUBE-MEMS1.11.1.0: no header file found
2026-08-13 08:22:44,787 [WARN] ApiManager:294 - Cannot register API 'Board Extension:IKS01A3' from pack STMicroelectronics.X-CUBE-MEMS1.11.3.0: no header file found
2026-08-13 08:22:44,787 [WARN] ApiManager:294 - Cannot register API 'Board Extension:IKS02A1' from pack STMicroelectronics.X-CUBE-MEMS1.11.3.0: no header file found
2026-08-13 08:22:44,788 [WARN] ApiManager:294 - Cannot register API 'Board Extension:IKS4A1' from pack STMicroelectronics.X-CUBE-MEMS1.11.3.0: no header file found
2026-08-13 08:22:44,803 [WARN] ApiManager:294 - Cannot register API 'Board Extension:S2868A1' from pack STMicroelectronics.X-CUBE-SFXS2LP1.4.0.0: no header file found
2026-08-13 08:22:44,803 [WARN] ApiManager:294 - Cannot register API 'Board Extension:S2868A2' from pack STMicroelectronics.X-CUBE-SFXS2LP1.4.0.0: no header file found
2026-08-13 08:22:44,803 [WARN] ApiManager:294 - Cannot register API 'Board Extension:S2915A1' from pack STMicroelectronics.X-CUBE-SFXS2LP1.4.0.0: no header file found
2026-08-13 08:22:44,803 [WARN] ApiManager:294 - Cannot register API 'Wireless:BlueNRG-2' from pack STMicroelectronics.X-CUBE-BLE2.3.3.0: no header file found
2026-08-13 08:22:44,804 [WARN] ApiManager:294 - Cannot register API 'Board Extension:NFC13A1' from pack STMicroelectronics.X-CUBE-NFC13.1.0.0: no header file found
2026-08-13 08:22:44,804 [WARN] ApiManager:294 - Cannot register API 'Wireless:STM32WB05N' from pack STMicroelectronics.X-CUBE-WB05N.2.1.0: no header file found
2026-08-13 08:22:47,119 [INFO] ImportTextPane:162 - (OptionalMessage_ERROR) IP (RCC) : Invalid parameter (FamilyName)
2026-08-13 08:22:47,194 [INFO] UtilMem:74 - End LoadConfig() Used Memory: 783240600 Bytes (1029701632)
2026-08-13 08:22:47,195 [INFO] DbMcusXml:97 - Load MCU database from C:\ST\STM32CubeIDE_1.5.1\STM32CubeIDE\plugins\com.st.stm32cube.common.mx_6.1.1.202012091304\\db\/mcu/families.xml
2026-08-13 08:22:47,598 [INFO] DbMcusJson:92 - JSON generation date=Tue Nov 16 13:17:54 BRT 2021 (1637079474)
2026-08-13 08:22:48,062 [INFO] DbMcus:176 - Found 1835 MCUs (1796 are supported by CubeMX, 1920 are visible in CubeMX)
2026-08-13 08:22:48,070 [INFO] ApiDb:238 - Load user favorites file C:\Users\Alunos/.stm32cubeide/favorites.mcus.txt: 1 item(s)
2026-08-13 08:22:48,070 [INFO] ApiDb:242 - User favorites MCUs=[STM32F103C8Tx]
2026-08-13 08:22:48,070 [INFO] DbMcus:188 - Set 1 / 1 favorites MCUs
2026-08-13 08:22:48,077 [WARN] ThirdParty:749 - waiting for thirdparty lock release [change project]
2026-08-13 08:22:48,077 [INFO] ThirdParty:751 - entering critical section [change project]
2026-08-13 08:22:48,077 [INFO] ThirdParty:939 - CMSIS Pack Vendor :STMicroelectronics X-CUBE-AZRTOS-H7 3.5.0
2026-08-13 08:22:48,077 [INFO] ThirdParty:939 - CMSIS Pack Vendor :STMicroelectronics X-CUBE-PM33A1 1.0.0
2026-08-13 08:22:48,077 [INFO] ThirdParty:939 - CMSIS Pack Vendor :STMicroelectronics X-CUBE-AZRTOS-H7 3.3.0
2026-08-13 08:22:48,077 [INFO] ThirdParty:939 - CMSIS Pack Vendor :STMicroelectronics X-CUBE-NFC9 1.0.0
2026-08-13 08:22:48,077 [INFO] ThirdParty:939 - CMSIS Pack Vendor :STMicroelectronics USB_HOST 2.0.0
2026-08-13 08:22:48,077 [INFO] ThirdParty:939 - CMSIS Pack Vendor :STMicroelectronics FP-ATR-ASTRA1 2.0.3
2026-08-13 08:22:48,077 [INFO] ThirdParty:939 - CMSIS Pack Vendor :STMicroelectronics X-CUBE-AZRTOS-F4 1.1.0
2026-08-13 08:22:48,077 [INFO] ThirdParty:939 - CMSIS Pack Vendor :STMicroelectronics FP-ATR-ASTRA1 2.0.2
2026-08-13 08:22:48,077 [INFO] ThirdParty:939 - CMSIS Pack Vendor :STMicroelectronics FP-ATR-ASTRA1 2.0.1
2026-08-13 08:22:48,077 [INFO] ThirdParty:939 - CMSIS Pack Vendor :STMicroelectronics X-CUBE-BLE1 7.1.0
2026-08-13 08:22:48,077 [INFO] ThirdParty:939 - CMSIS Pack Vendor :STMicroelectronics X-CUBE-WB05N 1.1.0
2026-08-13 08:22:48,077 [INFO] ThirdParty:939 - CMSIS Pack Vendor :wolfSSL I-CUBE-wolfMQTT 1.19.2
2026-08-13 08:22:48,077 [INFO] ThirdParty:939 - CMSIS Pack Vendor :STMicroelectronics USB_DEVICE 3.0.0
2026-08-13 08:22:48,077 [INFO] ThirdParty:939 - CMSIS Pack Vendor :STMicroelectronics X-CUBE-ISPU 2.1.0
2026-08-13 08:22:48,077 [INFO] ThirdParty:939 - CMSIS Pack Vendor :STMicroelectronics X-CUBE-EEPRMA1 5.2.0
2026-08-13 08:22:48,077 [INFO] ThirdParty:939 - CMSIS Pack Vendor :STMicroelectronics X-CUBE-AZRTOS-WB 2.0.0
2026-08-13 08:22:48,077 [INFO] ThirdParty:939 - CMSIS Pack Vendor :STMicroelectronics X-CUBE-GNSS1 7.0.1
2026-08-13 08:22:48,078 [INFO] ThirdParty:939 - CMSIS Pack Vendor :STMicroelectronics X-CUBE-NFC12 1.0.0
2026-08-13 08:22:48,078 [INFO] ThirdParty:939 - CMSIS Pack Vendor :STMicroelectronics X-CUBE-AZRTOS-F7 1.1.0
2026-08-13 08:22:48,078 [INFO] ThirdParty:939 - CMSIS Pack Vendor :STMicroelectronics X-CUBE-AZRTOS-L5 2.0.0
2026-08-13 08:22:48,078 [INFO] ThirdParty:939 - CMSIS Pack Vendor :STMicroelectronics X-CUBE-TOUCHGFX 4.25.0
2026-08-13 08:22:48,078 [INFO] ThirdParty:939 - CMSIS Pack Vendor :STMicroelectronics USB_DEVICE 2.0.0
2026-08-13 08:22:48,078 [INFO] ThirdParty:939 - CMSIS Pack Vendor :STMicroelectronics X-CUBE-NFC6 3.1.0
2026-08-13 08:22:48,078 [INFO] ThirdParty:939 - CMSIS Pack Vendor :STMicroelectronics X-CUBE-AI 10.1.0
2026-08-13 08:22:48,078 [INFO] ThirdParty:939 - CMSIS Pack Vendor :STMicroelectronics X-CUBE-MEMS1 12.0.0
2026-08-13 08:22:48,078 [INFO] ThirdParty:939 - CMSIS Pack Vendor :STMicroelectronics X-CUBE-STSE01 2.0.0
2026-08-13 08:22:48,078 [INFO] ThirdParty:939 - CMSIS Pack Vendor :STMicroelectronics X-CUBE-ALGOBUILD 1.5.0
2026-08-13 08:22:48,078 [INFO] ThirdParty:939 - CMSIS Pack Vendor :STMicroelectronics X-CUBE-MEMS1 11.2.0
2026-08-13 08:22:48,078 [INFO] ThirdParty:939 - CMSIS Pack Vendor :STMicroelectronics FreeRTOS 0.0.1
2026-08-13 08:22:48,078 [INFO] ThirdParty:939 - CMSIS Pack Vendor :STMicroelectronics X-CUBE-AZRTOS-H7RS 1.3.0
2026-08-13 08:22:48,078 [INFO] ThirdParty:939 - CMSIS Pack Vendor :STMicroelectronics X-CUBE-AZRTOS-G0 1.1.0
2026-08-13 08:22:48,078 [INFO] ThirdParty:939 - CMSIS Pack Vendor :STMicroelectronics X-CUBE-SAFEA1 1.2.2
2026-08-13 08:22:48,078 [INFO] ThirdParty:939 - CMSIS Pack Vendor :STMicroelectronics X-CUBE-NFC4 3.0.0
2026-08-13 08:22:48,078 [INFO] ThirdParty:939 - CMSIS Pack Vendor :STMicroelectronics X-CUBE-SUBG2 5.0.0
2026-08-13 08:22:48,078 [INFO] ThirdParty:939 - CMSIS Pack Vendor :STMicroelectronics X-CUBE-AZRTOS-H7RS 1.1.0
2026-08-13 08:22:48,078 [INFO] ThirdParty:939 - CMSIS Pack Vendor :STMicroelectronics lwIP 2.0.3
2026-08-13 08:22:48,078 [INFO] ThirdParty:939 - CMSIS Pack Vendor :STMicroelectronics X-CUBE-MEMS1 13.0.0
2026-08-13 08:22:48,078 [INFO] ThirdParty:939 - CMSIS Pack Vendor :STMicroelectronics USB_HOST 1.0.0
2026-08-13 08:22:48,078 [INFO] ThirdParty:939 - CMSIS Pack Vendor :STMicroelectronics X-CUBE-AZRTOS-G4 2.0.0
2026-08-13 08:22:48,078 [INFO] ThirdParty:939 - CMSIS Pack Vendor :STMicroelectronics X-CUBE-WB05N 2.0.0
2026-08-13 08:22:48,078 [INFO] ThirdParty:939 - CMSIS Pack Vendor :STMicroelectronics PDM2PCM 3.1.0
2026-08-13 08:22:48,078 [INFO] ThirdParty:939 - CMSIS Pack Vendor :STMicroelectronics PDM2PCM 3.3.0
2026-08-13 08:22:48,078 [INFO] ThirdParty:939 - CMSIS Pack Vendor :wolfSSL I-CUBE-wolfTPM 3.8.0
2026-08-13 08:22:48,078 [INFO] ThirdParty:939 - CMSIS Pack Vendor :STMicroelectronics X-CUBE-AZRTOS-H7 3.4.0
2026-08-13 08:22:48,078 [INFO] ThirdParty:939 - CMSIS Pack Vendor :wolfSSL I-CUBE-wolfSSH 1.4.20
2026-08-13 08:22:48,078 [INFO] ThirdParty:939 - CMSIS Pack Vendor :STMicroelectronics X-CUBE-NFC7 2.0.0
2026-08-13 08:22:48,078 [INFO] ThirdParty:939 - CMSIS Pack Vendor :STMicroelectronics X-CUBE-GNSS1 7.1.1
2026-08-13 08:22:48,078 [INFO] ThirdParty:939 - CMSIS Pack Vendor :STMicroelectronics X-CUBE-BLE1 7.0.0
2026-08-13 08:22:48,079 [INFO] ThirdParty:939 - CMSIS Pack Vendor :STMicroelectronics FP-ATR-SIGFOX1 3.2.0
2026-08-13 08:22:48,079 [INFO] ThirdParty:939 - CMSIS Pack Vendor :STMicroelectronics X-CUBE-NFC10 1.0.0
2026-08-13 08:22:48,079 [INFO] ThirdParty:939 - CMSIS Pack Vendor :STMicroelectronics X-CUBE-EEPRMA1 5.1.0
2026-08-13 08:22:48,079 [INFO] ThirdParty:939 - CMSIS Pack Vendor :STMicroelectronics HAL Drivers 0.0.0
2026-08-13 08:22:48,079 [INFO] ThirdParty:939 - CMSIS Pack Vendor :STMicroelectronics MBEDTLS 2.16.2
2026-08-13 08:22:48,079 [INFO] ThirdParty:939 - CMSIS Pack Vendor :STMicroelectronics X-CUBE-NFC7 1.0.1
2026-08-13 08:22:48,079 [INFO] ThirdParty:939 - CMSIS Pack Vendor :STMicroelectronics MBEDTLS 2.14.1
2026-08-13 08:22:48,079 [INFO] ThirdParty:939 - CMSIS Pack Vendor :STMicroelectronics X-CUBE-GNSS1 7.1.0
2026-08-13 08:22:48,079 [INFO] ThirdParty:939 - CMSIS Pack Vendor :wolfSSL I-CUBE-wolfSSL 5.7.6
2026-08-13 08:22:48,079 [INFO] ThirdParty:939 - CMSIS Pack Vendor :STMicroelectronics X-CUBE-TOUCHGFX 4.26.0
2026-08-13 08:22:48,079 [INFO] ThirdParty:939 - CMSIS Pack Vendor :STMicroelectronics X-CUBE-TOUCHGFX 4.24.2
2026-08-13 08:22:48,079 [INFO] ThirdParty:939 - CMSIS Pack Vendor :STMicroelectronics X-CUBE-STSE01 1.0.0
2026-08-13 08:22:48,079 [INFO] ThirdParty:939 - CMSIS Pack Vendor :STMicroelectronics X-CUBE-TOUCHGFX 4.26.1
2026-08-13 08:22:48,079 [INFO] ThirdParty:939 - CMSIS Pack Vendor :portGmbH I-Cube-SoM-uGOAL 1.1.0
2026-08-13 08:22:48,079 [INFO] ThirdParty:939 - CMSIS Pack Vendor :STMicroelectronics X-CUBE-NFC6 3.2.0
2026-08-13 08:22:48,079 [INFO] ThirdParty:939 - CMSIS Pack Vendor :STMicroelectronics X-CUBE-AI 10.0.0
2026-08-13 08:22:48,079 [INFO] ThirdParty:939 - CMSIS Pack Vendor :STMicroelectronics X-CUBE-AI 10.2.1
2026-08-13 08:22:48,079 [INFO] ThirdParty:939 - CMSIS Pack Vendor :STMicroelectronics X-CUBE-AI 10.2.0
2026-08-13 08:22:48,079 [INFO] ThirdParty:939 - CMSIS Pack Vendor :STMicroelectronics X-CUBE-MEMS1 12.1.0
2026-08-13 08:22:48,079 [INFO] ThirdParty:939 - CMSIS Pack Vendor :STMicroelectronics X-CUBE-MEMS1 11.1.0
2026-08-13 08:22:48,079 [INFO] ThirdParty:939 - CMSIS Pack Vendor :STMicroelectronics X-CUBE-AZRTOS-WL 2.0.0
2026-08-13 08:22:48,079 [INFO] ThirdParty:939 - CMSIS Pack Vendor :SEGGER I-CUBE-embOS 1.3.1
2026-08-13 08:22:48,079 [INFO] ThirdParty:939 - CMSIS Pack Vendor :STMicroelectronics X-CUBE-ALGOBUILD 1.4.0
2026-08-13 08:22:48,079 [INFO] ThirdParty:939 - CMSIS Pack Vendor :STMicroelectronics X-CUBE-MEMS1 11.3.0
2026-08-13 08:22:48,079 [INFO] ThirdParty:939 - CMSIS Pack Vendor :STMicroelectronics USB_DEVICE 1.0.0
2026-08-13 08:22:48,079 [INFO] ThirdParty:939 - CMSIS Pack Vendor :STMicroelectronics X-CUBE-AZRTOS-H7RS 1.2.0
2026-08-13 08:22:48,079 [INFO] ThirdParty:939 - CMSIS Pack Vendor :STMicroelectronics X-CUBE-AZRTOS-H7RS 1.0.0
2026-08-13 08:22:48,079 [INFO] ThirdParty:939 - CMSIS Pack Vendor :STMicroelectronics X-CUBE-AZRTOS-L4 2.0.0
2026-08-13 08:22:48,079 [INFO] ThirdParty:939 - CMSIS Pack Vendor :WES I-CUBE-Cesium 1.3.0
2026-08-13 08:22:48,079 [INFO] ThirdParty:939 - CMSIS Pack Vendor :STMicroelectronics lwIP 2.1.2
2026-08-13 08:22:48,079 [INFO] ThirdParty:939 - CMSIS Pack Vendor :STMicroelectronics X-CUBE-SFXS2LP1 4.0.0
2026-08-13 08:22:48,079 [INFO] ThirdParty:939 - CMSIS Pack Vendor :STMicroelectronics X-CUBE-BLE2 3.3.0
2026-08-13 08:22:48,080 [INFO] ThirdParty:939 - CMSIS Pack Vendor :STMicroelectronics X-CUBE-NFC13 1.0.0
2026-08-13 08:22:48,080 [INFO] ThirdParty:939 - CMSIS Pack Vendor :STMicroelectronics PDM2PCM 3.2.0
2026-08-13 08:22:48,080 [INFO] ThirdParty:939 - CMSIS Pack Vendor :STMicroelectronics X-CUBE-WB05N 2.1.0
2026-08-13 08:22:48,080 [INFO] ThirdParty:757 - exiting critical section [change project]
2026-08-13 08:22:48,238 [INFO] PinOutPanel:1434 - setPackage(No Configuration,No Configuration)
2026-08-13 08:22:48,239 [INFO] PinOutPanel:1434 - setPackage(STM32F103C8Tx,LQFP48)
2026-08-13 08:22:48,488 [INFO] UtilMem:74 - Before build in PCC Used Memory: 947654544 Bytes (1071644672)
2026-08-13 08:22:48,789 [INFO] SharedServices:72 - Folder for power plug-in: C:/Users/Alunos/.stm32cubemx/plugins/power
2026-08-13 08:22:48,814 [INFO] SharedServices:72 - Folder for power plug-in: C:/Users/Alunos/.stm32cubemx/plugins/power
2026-08-13 08:22:48,846 [INFO] SharedServices:72 - Folder for power plug-in: C:/Users/Alunos/.stm32cubemx/plugins/power
2026-08-13 08:22:48,849 [INFO] SharedServices:72 - Folder for power plug-in: C:/Users/Alunos/.stm32cubemx/plugins/power
2026-08-13 08:22:48,988 [INFO] UtilMem:74 - After build in PCC Used Memory: 968099736 Bytes (1072693248)
2026-08-13 08:22:49,063 [INFO] ApiDbMcu:456 - Load IP Config File for USB_DEVICE
2026-08-13 08:22:49,094 [INFO] IPUIPlugin:64 - create IPUIPlugin
2026-08-13 08:22:49,094 [INFO] IPUIPlugin:64 - create IPUIPlugin
2026-08-13 08:22:49,094 [INFO] IPUIPlugin:64 - create IPUIPlugin
2026-08-13 08:22:49,094 [INFO] IPUIPlugin:64 - create IPUIPlugin
2026-08-13 08:22:49,094 [INFO] IPUIPlugin:64 - create IPUIPlugin
2026-08-13 08:22:49,095 [INFO] IPUIPlugin:64 - create IPUIPlugin
2026-08-13 08:22:49,095 [INFO] IPUIPlugin:64 - create IPUIPlugin
2026-08-13 08:22:49,095 [INFO] IPUIPlugin:64 - create IPUIPlugin
2026-08-13 08:22:49,095 [INFO] IPUIPlugin:64 - create IPUIPlugin
2026-08-13 08:22:49,095 [INFO] IPUIPlugin:64 - create IPUIPlugin
2026-08-13 08:22:49,095 [INFO] IPUIPlugin:64 - create IPUIPlugin
2026-08-13 08:22:49,095 [INFO] IPUIPlugin:64 - create IPUIPlugin
2026-08-13 08:22:49,095 [INFO] IPUIPlugin:64 - create IPUIPlugin
2026-08-13 08:22:49,095 [INFO] IPUIPlugin:64 - create IPUIPlugin
2026-08-13 08:22:49,095 [INFO] IPUIPlugin:64 - create IPUIPlugin
2026-08-13 08:22:49,095 [INFO] IPUIPlugin:64 - create IPUIPlugin
2026-08-13 08:22:49,096 [INFO] IPUIPlugin:64 - create IPUIPlugin
2026-08-13 08:22:49,096 [INFO] IPUIPlugin:64 - create IPUIPlugin
2026-08-13 08:22:49,096 [INFO] IPUIPlugin:64 - create IPUIPlugin
2026-08-13 08:22:49,096 [INFO] IPUIPlugin:64 - create IPUIPlugin
2026-08-13 08:22:49,096 [INFO] IPUIPlugin:64 - create IPUIPlugin
2026-08-13 08:22:49,096 [INFO] IPUIPlugin:64 - create IPUIPlugin
2026-08-13 08:22:49,096 [INFO] IPUIPlugin:64 - create IPUIPlugin
2026-08-13 08:22:49,096 [INFO] IPUIPlugin:64 - create IPUIPlugin
2026-08-13 08:22:49,097 [INFO] IPUIPlugin:64 - create IPUIPlugin
2026-08-13 08:22:49,097 [INFO] IPUIPlugin:64 - create IPUIPlugin
2026-08-13 08:22:49,097 [INFO] IPUIPlugin:64 - create IPUIPlugin
2026-08-13 08:22:49,130 [INFO] LogOutputStream:76 - [STDOUT_REDIRECT] toolchainItems.length=====1
2026-08-13 08:22:49,208 [INFO] OpenFileManager:294 - Restore cursor
2026-08-13 08:22:57,206 [INFO] Gpio:248 - dependency for GPIO [ADC1, RCC, SYS, USB]
2026-08-13 08:23:06,421 [INFO] UtilMem:74 - End SaveConfig() Used Memory: 918048008 Bytes (1073741824)
2026-08-13 08:23:07,499 [INFO] UtilMem:74 - End SaveConfig() Used Memory: 835680552 Bytes (1073741824)
2026-08-13 08:23:08,618 [INFO] UtilMem:74 - End SaveConfig() Used Memory: 871903592 Bytes (1073741824)
2026-08-13 08:23:08,905 [INFO] BlockDiagram:2735 - set Specific Code input for plugin: NVIC
2026-08-13 08:23:08,905 [INFO] BlockDiagram:2735 - set Specific Code input for plugin: USB_DEVICE
2026-08-13 08:23:08,905 [INFO] BlockDiagram:2735 - set Specific Code input for plugin: USB
2026-08-13 08:23:08,905 [INFO] BlockDiagram:2735 - set Specific Code input for plugin: SYS
2026-08-13 08:23:08,905 [INFO] BlockDiagram:2735 - set Specific Code input for plugin: GPIO
2026-08-13 08:23:08,905 [INFO] BlockDiagram:2735 - set Specific Code input for plugin: ADC
2026-08-13 08:23:08,905 [INFO] BlockDiagram:2735 - set Specific Code input for plugin: RCC
2026-08-13 08:23:08,907 [INFO] CodeGenerator:639 - code generatio: config db path: C:\ST\STM32CubeIDE_1.5.1\STM32CubeIDE\plugins\com.st.stm32cube.common.mx_6.1.1.202012091304\\db\
2026-08-13 08:23:09,172 [INFO] CodeEngine:229 - oldGeneratedFile, C:\ProjetoIntegrado2\ProjetoIntegrado\MXTmpFiles\license.tmp_save
2026-08-13 08:23:09,368 [INFO] CodeEngine:247 - Generated code: C:\ProjetoIntegrado2\ProjetoIntegrado\MXTmpFiles\license.tmp
2026-08-13 08:23:09,409 [INFO] CodeEngine:229 - oldGeneratedFile, C:\ProjetoIntegrado2\ProjetoIntegrado\MXTmpFiles\gpio.tmp_save
2026-08-13 08:23:09,512 [INFO] CodeEngine:247 - Generated code: C:\ProjetoIntegrado2\ProjetoIntegrado\MXTmpFiles\gpio.tmp
2026-08-13 08:23:09,514 [INFO] LogOutputStream:76 - [STDOUT_REDIRECT] Command line test
2026-08-13 08:23:09,561 [INFO] CodeEngine:229 - oldGeneratedFile, C:\ProjetoIntegrado2\ProjetoIntegrado\MXTmpFiles\usb_vars.tmp_save
2026-08-13 08:23:09,605 [INFO] CodeEngine:247 - Generated code: C:\ProjetoIntegrado2\ProjetoIntegrado\MXTmpFiles\usb_vars.tmp
2026-08-13 08:23:09,612 [INFO] CodeEngine:229 - oldGeneratedFile, C:\ProjetoIntegrado2\ProjetoIntegrado\MXTmpFiles\usb_inc.tmp_save
2026-08-13 08:23:09,650 [INFO] CodeEngine:247 - Generated code: C:\ProjetoIntegrado2\ProjetoIntegrado\MXTmpFiles\usb_inc.tmp
2026-08-13 08:23:09,664 [INFO] CodeEngine:229 - oldGeneratedFile, C:\ProjetoIntegrado2\ProjetoIntegrado\MXTmpFiles\usb_HalInit.tmp_save
2026-08-13 08:23:09,716 [INFO] CodeEngine:247 - Generated code: C:\ProjetoIntegrado2\ProjetoIntegrado\MXTmpFiles\usb_HalInit.tmp
2026-08-13 08:23:09,727 [INFO] CodeEngine:229 - oldGeneratedFile, C:\ProjetoIntegrado2\ProjetoIntegrado\MXTmpFiles\usb_Msp.tmp_save
2026-08-13 08:23:09,771 [INFO] CodeEngine:247 - Generated code: C:\ProjetoIntegrado2\ProjetoIntegrado\MXTmpFiles\usb_Msp.tmp
2026-08-13 08:23:09,838 [INFO] LogOutputStream:76 - [STDOUT_REDIRECT] Command line
2026-08-13 08:23:09,839 [INFO] LogOutputStream:76 - [STDOUT_REDIRECT] Command line
2026-08-13 08:23:09,846 [INFO] Middleware:1252 - No code input for Bsp Dependency
2026-08-13 08:23:09,867 [INFO] CodeEngine:229 - oldGeneratedFile, C:\ProjetoIntegrado2\ProjetoIntegrado\USB_DEVICE\App\usb_device.c_save
2026-08-13 08:23:09,926 [INFO] CodeEngine:247 - Generated code: C:\ProjetoIntegrado2\ProjetoIntegrado\USB_DEVICE\App\usb_device.c
2026-08-13 08:23:09,944 [INFO] CodeEngine:229 - oldGeneratedFile, C:\ProjetoIntegrado2\ProjetoIntegrado\USB_DEVICE\App\usb_device.h_save
2026-08-13 08:23:09,987 [INFO] CodeEngine:247 - Generated code: C:\ProjetoIntegrado2\ProjetoIntegrado\USB_DEVICE\App\usb_device.h
2026-08-13 08:23:10,001 [INFO] CodeEngine:229 - oldGeneratedFile, C:\ProjetoIntegrado2\ProjetoIntegrado\USB_DEVICE\Target\usbd_conf.h_save
2026-08-13 08:23:10,063 [INFO] CodeEngine:247 - Generated code: C:\ProjetoIntegrado2\ProjetoIntegrado\USB_DEVICE\Target\usbd_conf.h
2026-08-13 08:23:10,078 [INFO] CodeEngine:229 - oldGeneratedFile, C:\ProjetoIntegrado2\ProjetoIntegrado\USB_DEVICE\Target\usbd_conf.c_save
2026-08-13 08:23:10,138 [INFO] CodeEngine:247 - Generated code: C:\ProjetoIntegrado2\ProjetoIntegrado\USB_DEVICE\Target\usbd_conf.c
2026-08-13 08:23:10,154 [INFO] CodeEngine:229 - oldGeneratedFile, C:\ProjetoIntegrado2\ProjetoIntegrado\USB_DEVICE\App\usbd_desc.h_save
2026-08-13 08:23:10,199 [INFO] CodeEngine:247 - Generated code: C:\ProjetoIntegrado2\ProjetoIntegrado\USB_DEVICE\App\usbd_desc.h
2026-08-13 08:23:10,215 [INFO] CodeEngine:229 - oldGeneratedFile, C:\ProjetoIntegrado2\ProjetoIntegrado\USB_DEVICE\App\usbd_desc.c_save
2026-08-13 08:23:10,269 [INFO] CodeEngine:247 - Generated code: C:\ProjetoIntegrado2\ProjetoIntegrado\USB_DEVICE\App\usbd_desc.c
2026-08-13 08:23:10,284 [INFO] CodeEngine:229 - oldGeneratedFile, C:\ProjetoIntegrado2\ProjetoIntegrado\USB_DEVICE\App\usbd_cdc_if.h_save
2026-08-13 08:23:10,339 [INFO] CodeEngine:247 - Generated code: C:\ProjetoIntegrado2\ProjetoIntegrado\USB_DEVICE\App\usbd_cdc_if.h
2026-08-13 08:23:10,358 [INFO] CodeEngine:229 - oldGeneratedFile, C:\ProjetoIntegrado2\ProjetoIntegrado\USB_DEVICE\App\usbd_cdc_if.c_save
2026-08-13 08:23:10,421 [INFO] CodeEngine:247 - Generated code: C:\ProjetoIntegrado2\ProjetoIntegrado\USB_DEVICE\App\usbd_cdc_if.c
2026-08-13 08:23:10,444 [INFO] CodeEngine:229 - oldGeneratedFile, C:\ProjetoIntegrado2\ProjetoIntegrado\Core\Src\stm32f1xx_it.c_save
2026-08-13 08:23:10,568 [INFO] CodeEngine:247 - Generated code: C:\ProjetoIntegrado2\ProjetoIntegrado\Core\Src\stm32f1xx_it.c
2026-08-13 08:23:10,583 [INFO] CodeEngine:229 - oldGeneratedFile, C:\ProjetoIntegrado2\ProjetoIntegrado\Core\Inc\stm32f1xx_it.h_save
2026-08-13 08:23:10,638 [INFO] CodeEngine:247 - Generated code: C:\ProjetoIntegrado2\ProjetoIntegrado\Core\Inc\stm32f1xx_it.h
2026-08-13 08:23:10,657 [INFO] CodeEngine:229 - oldGeneratedFile, C:\ProjetoIntegrado2\ProjetoIntegrado\Core\Src\stm32f1xx_hal_msp.c_save
2026-08-13 08:23:10,730 [INFO] CodeEngine:247 - Generated code: C:\ProjetoIntegrado2\ProjetoIntegrado\Core\Src\stm32f1xx_hal_msp.c
2026-08-13 08:23:10,738 [INFO] CodeEngine:229 - oldGeneratedFile, C:\ProjetoIntegrado2\ProjetoIntegrado\MXTmpFiles\system.tmp_save
2026-08-13 08:23:10,771 [INFO] CodeEngine:247 - Generated code: C:\ProjetoIntegrado2\ProjetoIntegrado\MXTmpFiles\system.tmp
2026-08-13 08:23:10,787 [INFO] CodeEngine:229 - oldGeneratedFile, C:\ProjetoIntegrado2\ProjetoIntegrado\Core\Inc\stm32f1xx_hal_conf.h_save
2026-08-13 08:23:10,857 [INFO] CodeEngine:247 - Generated code: C:\ProjetoIntegrado2\ProjetoIntegrado\Core\Inc\stm32f1xx_hal_conf.h
2026-08-13 08:23:10,889 [INFO] CodeEngine:229 - oldGeneratedFile, C:\ProjetoIntegrado2\ProjetoIntegrado\Core\Inc\main.h_save
2026-08-13 08:23:10,943 [INFO] CodeEngine:247 - Generated code: C:\ProjetoIntegrado2\ProjetoIntegrado\Core\Inc\main.h
2026-08-13 08:23:10,959 [INFO] CodeEngine:229 - oldGeneratedFile, C:\ProjetoIntegrado2\ProjetoIntegrado\Core\Src\main.c_save
2026-08-13 08:23:11,033 [INFO] CodeEngine:247 - Generated code: C:\ProjetoIntegrado2\ProjetoIntegrado\Core\Src\main.c
2026-08-13 08:23:11,409 [INFO] ProjectBuilder:2328 - Time for Copy HAL[1] : 128mS.
2026-08-13 08:23:11,414 [INFO] ProjectBuilder:3259 - Project Generator version: 3.11.2
2026-08-13 08:23:12,658 [INFO] ConfigFileManager:1238 - The Die is : DIE410
2026-08-13 08:23:12,670 [INFO] ApiDbMcu:456 - Load IP Config File for FATFS
2026-08-13 08:23:12,681 [INFO] ApiDbMcu:456 - Load IP Config File for FREERTOS
2026-08-13 08:23:14,817 [INFO] ProjectBuilder:3425 - Time for Generating toolchain IDE Files: 3403mS.
2026-08-13 08:23:14,818 [INFO] ProjectBuilder:2207 - Time for Copy CMSIS : 1mS.
2026-08-13 08:23:14,820 [INFO] ProjectBuilder:2207 - Time for Copy CMSIS : 0mS.
2026-08-13 08:40:57,643 [INFO] Activator:170 - 


2026-08-13 08:40:57,644 [INFO] Activator:171 - !SESSION log4j initialized
2026-08-14 10:12:55,031 [INFO] Activator:170 - 


2026-08-14 10:12:55,032 [INFO] Activator:171 - !SESSION log4j initialized
2026-08-14 10:29:45,152 [INFO] Activator:170 - 


2026-08-14 10:29:45,152 [INFO] Activator:171 - !SESSION log4j initialized
2026-08-14 11:01:16,031 [INFO] McuFinderGlobals:40 - Set McuFinder mode to 2 (CubeIDE integrated)
2026-08-14 11:01:16,262 [INFO] ApplicationProperties:181 - Using Application install path: C:\ST\STM32CubeIDE_1.5.1\STM32CubeIDE\plugins\com.st.stm32cube.common.mx_6.1.1.202012091304
2026-08-14 11:01:16,271 [INFO] DbMcusXml:71 - Set database path to: C:\ST\STM32CubeIDE_1.5.1\STM32CubeIDE\plugins\com.st.stm32cube.common.mx_6.1.1.202012091304\\db\/mcu/
2026-08-14 11:01:16,274 [INFO] DbBoardsPdsc:57 - Set plugin database path to: C:\ST\STM32CubeIDE_1.5.1\STM32CubeIDE\plugins\com.st.stm32cube.common.mx_6.1.1.202012091304\\db\/plugins/boardmanager/
2026-08-14 11:01:16,274 [INFO] DbMcus:259 - Set plugin images path to: C:\ST\STM32CubeIDE_1.5.1\STM32CubeIDE\plugins\com.st.stm32cube.common.mx_6.1.1.202012091304\\db\/plugins/mcufinder/images/
2026-08-14 11:01:16,274 [INFO] DbBoards:265 - Set plugin images path to: C:\ST\STM32CubeIDE_1.5.1\STM32CubeIDE\plugins\com.st.stm32cube.common.mx_6.1.1.202012091304\\db\/plugins/mcufinder/images/
2026-08-14 11:01:16,276 [INFO] DbExamples:329 - Set plugin images path to: C:\ST\STM32CubeIDE_1.5.1\STM32CubeIDE\plugins\com.st.stm32cube.common.mx_6.1.1.202012091304\\db\/plugins/mcufinder/images/
2026-08-14 11:01:16,286 [INFO] DbMcusDocs:112 - Set database path to: C:\Users\Alunos\.stmcufinder\plugins\mcufinder//mcu/
2026-08-14 11:01:16,288 [INFO] DbMcusJson:63 - Set database path to: C:\Users\Alunos\.stmcufinder\plugins\mcufinder//mcu/
2026-08-14 11:01:16,288 [INFO] DbBoardsDocs:112 - Set database path to: C:\Users\Alunos\.stmcufinder\plugins\mcufinder//mcu/
2026-08-14 11:01:16,289 [INFO] DbBoardsJson:56 - Set database path to: C:\Users\Alunos\.stmcufinder\plugins\mcufinder//mcu/
2026-08-14 11:01:16,310 [INFO] CrossReferenceDbSqlite:196 - Set database path to: C:\Users\Alunos\.stmcufinder\plugins\mcufinder//mcu/cs/
2026-08-14 11:01:16,313 [INFO] DbExamplesSqlite:699 - Set database path to: C:\Users\Alunos\.stmcufinder\plugins\mcufinder//mcu/
2026-08-14 11:01:16,390 [INFO] RulesReader:52 - Compatibility file has been processed (228 Rules)
2026-08-14 11:01:16,444 [INFO] MicroXplorer:565 - Detected Java Version = 1.8.0_272
2026-08-14 11:01:16,445 [INFO] DbMcusXml:71 - Set database path to: C:\ST\STM32CubeIDE_1.5.1\STM32CubeIDE\plugins\com.st.stm32cube.common.mx_6.1.1.202012091304\\db\/mcu/
2026-08-14 11:01:16,445 [INFO] DbBoardsPdsc:57 - Set plugin database path to: C:\ST\STM32CubeIDE_1.5.1\STM32CubeIDE\plugins\com.st.stm32cube.common.mx_6.1.1.202012091304\\db\/plugins/boardmanager/
2026-08-14 11:01:16,446 [INFO] DbMcus:259 - Set plugin images path to: C:\ST\STM32CubeIDE_1.5.1\STM32CubeIDE\plugins\com.st.stm32cube.common.mx_6.1.1.202012091304\\db\/plugins/mcufinder/images/
2026-08-14 11:01:16,446 [INFO] DbBoards:265 - Set plugin images path to: C:\ST\STM32CubeIDE_1.5.1\STM32CubeIDE\plugins\com.st.stm32cube.common.mx_6.1.1.202012091304\\db\/plugins/mcufinder/images/
2026-08-14 11:01:16,446 [INFO] DbExamples:329 - Set plugin images path to: C:\ST\STM32CubeIDE_1.5.1\STM32CubeIDE\plugins\com.st.stm32cube.common.mx_6.1.1.202012091304\\db\/plugins/mcufinder/images/
2026-08-14 11:01:16,446 [WARN] DbFile:36 - Overriding database path with different value: C:\Users\Alunos\.stmcufinder\plugins\mcufinder/ => C:\Users\Alunos\.stmcufinder\plugins\mcufinder
2026-08-14 11:01:16,446 [INFO] DbMcusDocs:112 - Set database path to: C:\Users\Alunos\.stmcufinder\plugins\mcufinder//mcu/
2026-08-14 11:01:16,446 [WARN] DbFile:36 - Overriding database path with different value: C:\Users\Alunos\.stmcufinder\plugins\mcufinder/ => C:\Users\Alunos\.stmcufinder\plugins\mcufinder
2026-08-14 11:01:16,446 [INFO] DbMcusJson:63 - Set database path to: C:\Users\Alunos\.stmcufinder\plugins\mcufinder//mcu/
2026-08-14 11:01:16,446 [WARN] DbFile:36 - Overriding database path with different value: C:\Users\Alunos\.stmcufinder\plugins\mcufinder/ => C:\Users\Alunos\.stmcufinder\plugins\mcufinder
2026-08-14 11:01:16,446 [INFO] DbBoardsDocs:112 - Set database path to: C:\Users\Alunos\.stmcufinder\plugins\mcufinder//mcu/
2026-08-14 11:01:16,446 [WARN] DbFile:36 - Overriding database path with different value: C:\Users\Alunos\.stmcufinder\plugins\mcufinder/ => C:\Users\Alunos\.stmcufinder\plugins\mcufinder
2026-08-14 11:01:16,447 [INFO] DbBoardsJson:56 - Set database path to: C:\Users\Alunos\.stmcufinder\plugins\mcufinder//mcu/
2026-08-14 11:01:16,447 [WARN] DbFile:36 - Overriding database path with different value: C:\Users\Alunos\.stmcufinder\plugins\mcufinder/ => C:\Users\Alunos\.stmcufinder\plugins\mcufinder
2026-08-14 11:01:16,447 [WARN] DbFile:36 - Overriding database path with different value: C:\Users\Alunos\.stmcufinder\plugins\mcufinder/ => C:\Users\Alunos\.stmcufinder\plugins\mcufinder
2026-08-14 11:01:16,447 [INFO] CrossReferenceDbSqlite:196 - Set database path to: C:\Users\Alunos\.stmcufinder\plugins\mcufinder//mcu/cs/
2026-08-14 11:01:16,447 [WARN] DbFile:36 - Overriding database path with different value: C:\Users\Alunos\.stmcufinder\plugins\mcufinder/ => C:\Users\Alunos\.stmcufinder\plugins\mcufinder
2026-08-14 11:01:16,447 [INFO] DbExamplesSqlite:699 - Set database path to: C:\Users\Alunos\.stmcufinder\plugins\mcufinder//mcu/
2026-08-14 11:01:16,495 [INFO] MainPanel:190 - HeapMemory: 1039138816
2026-08-14 11:01:16,571 [INFO] DbMcusXml:71 - Set database path to: C:\ST\STM32CubeIDE_1.5.1\STM32CubeIDE\plugins\com.st.stm32cube.common.mx_6.1.1.202012091304\\db\/mcu/
2026-08-14 11:01:16,571 [INFO] DbBoardsPdsc:57 - Set plugin database path to: C:\ST\STM32CubeIDE_1.5.1\STM32CubeIDE\plugins\com.st.stm32cube.common.mx_6.1.1.202012091304\\db\/plugins/boardmanager/
2026-08-14 11:01:16,571 [INFO] DbMcus:259 - Set plugin images path to: C:\ST\STM32CubeIDE_1.5.1\STM32CubeIDE\plugins\com.st.stm32cube.common.mx_6.1.1.202012091304\\db\/plugins/mcufinder/images/
2026-08-14 11:01:16,571 [INFO] DbBoards:265 - Set plugin images path to: C:\ST\STM32CubeIDE_1.5.1\STM32CubeIDE\plugins\com.st.stm32cube.common.mx_6.1.1.202012091304\\db\/plugins/mcufinder/images/
2026-08-14 11:01:16,571 [INFO] DbExamples:329 - Set plugin images path to: C:\ST\STM32CubeIDE_1.5.1\STM32CubeIDE\plugins\com.st.stm32cube.common.mx_6.1.1.202012091304\\db\/plugins/mcufinder/images/
2026-08-14 11:01:16,572 [WARN] DbFile:36 - Overriding database path with different value: C:\Users\Alunos\.stmcufinder\plugins\mcufinder/ => C:\Users\Alunos\.stmcufinder\plugins\mcufinder
2026-08-14 11:01:16,572 [INFO] DbMcusDocs:112 - Set database path to: C:\Users\Alunos\.stmcufinder\plugins\mcufinder//mcu/
2026-08-14 11:01:16,572 [WARN] DbFile:36 - Overriding database path with different value: C:\Users\Alunos\.stmcufinder\plugins\mcufinder/ => C:\Users\Alunos\.stmcufinder\plugins\mcufinder
2026-08-14 11:01:16,572 [INFO] DbMcusJson:63 - Set database path to: C:\Users\Alunos\.stmcufinder\plugins\mcufinder//mcu/
2026-08-14 11:01:16,572 [WARN] DbFile:36 - Overriding database path with different value: C:\Users\Alunos\.stmcufinder\plugins\mcufinder/ => C:\Users\Alunos\.stmcufinder\plugins\mcufinder
2026-08-14 11:01:16,572 [INFO] DbBoardsDocs:112 - Set database path to: C:\Users\Alunos\.stmcufinder\plugins\mcufinder//mcu/
2026-08-14 11:01:16,572 [WARN] DbFile:36 - Overriding database path with different value: C:\Users\Alunos\.stmcufinder\plugins\mcufinder/ => C:\Users\Alunos\.stmcufinder\plugins\mcufinder
2026-08-14 11:01:16,572 [INFO] DbBoardsJson:56 - Set database path to: C:\Users\Alunos\.stmcufinder\plugins\mcufinder//mcu/
2026-08-14 11:01:16,572 [WARN] DbFile:36 - Overriding database path with different value: C:\Users\Alunos\.stmcufinder\plugins\mcufinder/ => C:\Users\Alunos\.stmcufinder\plugins\mcufinder
2026-08-14 11:01:16,573 [WARN] DbFile:36 - Overriding database path with different value: C:\Users\Alunos\.stmcufinder\plugins\mcufinder/ => C:\Users\Alunos\.stmcufinder\plugins\mcufinder
2026-08-14 11:01:16,573 [INFO] CrossReferenceDbSqlite:196 - Set database path to: C:\Users\Alunos\.stmcufinder\plugins\mcufinder//mcu/cs/
2026-08-14 11:01:16,573 [WARN] DbFile:36 - Overriding database path with different value: C:\Users\Alunos\.stmcufinder\plugins\mcufinder/ => C:\Users\Alunos\.stmcufinder\plugins\mcufinder
2026-08-14 11:01:16,573 [INFO] DbExamplesSqlite:699 - Set database path to: C:\Users\Alunos\.stmcufinder\plugins\mcufinder//mcu/
2026-08-14 11:01:16,584 [INFO] ApplicationProperties:181 - Using Application install path: C:\ST\STM32CubeIDE_1.5.1\STM32CubeIDE\plugins\com.st.stm32cube.common.mx_6.1.1.202012091304
2026-08-14 11:01:16,585 [INFO] PluginManage:178 - Search for loadable plugins [exclusion list=, ]
2026-08-14 11:01:16,586 [INFO] PluginManage:292 - Check plugin analytics
2026-08-14 11:01:16,675 [INFO] AnalyticsPlugin:225 - Accepted Software Licenses: STM32CubeMX.6.11.0
2026-08-14 11:01:16,675 [INFO] AnalyticsPlugin:227 - Accepted CMSIS Pack Licenses: 
2026-08-14 11:01:16,676 [INFO] AnalyticsPlugin:229 - Accepted Firmware Licenses: 
2026-08-14 11:01:16,676 [INFO] PluginManage:342 - Loaded plugin analytics (category:tool,tabindex:-1)
2026-08-14 11:01:16,676 [INFO] PluginManage:292 - Check plugin clock
2026-08-14 11:01:16,693 [INFO] PluginManage:342 - Loaded plugin clock (category:base,tabindex:2)
2026-08-14 11:01:16,693 [INFO] PluginManage:292 - Check plugin ddr
2026-08-14 11:01:16,694 [INFO] PluginManage:342 - Loaded plugin ddr (category:tool,tabindex:6)
2026-08-14 11:01:16,694 [INFO] PluginManage:292 - Check plugin filemanager
2026-08-14 11:01:16,774 [INFO] PluginManage:342 - Loaded plugin filemanager (category:base,tabindex:10)
2026-08-14 11:01:16,774 [INFO] PluginManage:292 - Check plugin ipmanager
2026-08-14 11:01:16,781 [INFO] PluginManage:342 - Loaded plugin ipmanager (category:base,tabindex:5)
2026-08-14 11:01:16,781 [INFO] PluginManage:292 - Check plugin pinoutandconfiguration
2026-08-14 11:01:16,794 [INFO] PluginManage:342 - Loaded plugin pinoutandconfiguration (category:base,tabindex:1)
2026-08-14 11:01:16,794 [INFO] PluginManage:292 - Check plugin pinoutconfig
2026-08-14 11:01:16,823 [INFO] PluginManage:342 - Loaded plugin pinoutconfig (category:base,tabindex:0)
2026-08-14 11:01:16,824 [INFO] PluginManage:292 - Check plugin power
2026-08-14 11:01:16,839 [INFO] PluginManage:342 - Loaded plugin power (category:power,tabindex:4)
2026-08-14 11:01:16,839 [INFO] PluginManage:292 - Check plugin projectmanager
2026-08-14 11:01:16,849 [INFO] PluginManage:342 - Loaded plugin projectmanager (category:projectmanager,tabindex:3)
2026-08-14 11:01:16,849 [INFO] PluginManage:292 - Check plugin thirdparty
2026-08-14 11:01:17,037 [INFO] PluginManage:342 - Loaded plugin thirdparty (category:base,tabindex:-1)
2026-08-14 11:01:17,037 [INFO] PluginManage:292 - Check plugin tools
2026-08-14 11:01:17,037 [WARN] IntegrityCheckThread:59 - waiting for thirdparty lock release [integrity check]
2026-08-14 11:01:17,038 [INFO] IntegrityCheckThread:61 - entering critical section [integrity check]
2026-08-14 11:01:17,038 [INFO] ThirdPartyUpdaterWithRetryManager:56 - Updater plugin not ready yet. [1/15]
2026-08-14 11:01:17,086 [INFO] PluginManage:342 - Loaded plugin tools (category:base,tabindex:7)
2026-08-14 11:01:17,086 [INFO] PluginManage:292 - Check plugin tutovideos
2026-08-14 11:01:17,238 [INFO] PluginManage:342 - Loaded plugin tutovideos (category:base,tabindex:-1)
2026-08-14 11:01:17,238 [INFO] PluginManage:292 - Check plugin updater
2026-08-14 11:01:17,247 [INFO] PluginManage:342 - Loaded plugin updater (category:base,tabindex:12)
2026-08-14 11:01:17,247 [INFO] PluginManage:265 - PluginManage : Loaded plugins [13]
2026-08-14 11:01:17,355 [INFO] PinOutPanel:1434 - setPackage(No Configuration,No Configuration)
2026-08-14 11:01:17,425 [INFO] IPUIPlugin:64 - create IPUIPlugin
2026-08-14 11:01:17,425 [INFO] PluginManager:203 - loadIPPluginJar : add adc
2026-08-14 11:01:17,458 [INFO] IPUIPlugin:64 - create IPUIPlugin
2026-08-14 11:01:17,459 [INFO] PluginManager:203 - loadIPPluginJar : add aes
2026-08-14 11:01:17,498 [INFO] IPUIPlugin:64 - create IPUIPlugin
2026-08-14 11:01:17,498 [INFO] PluginManager:203 - loadIPPluginJar : add can
2026-08-14 11:01:17,525 [INFO] IPUIPlugin:64 - create IPUIPlugin
2026-08-14 11:01:17,525 [INFO] PluginManager:203 - loadIPPluginJar : add comp
2026-08-14 11:01:17,556 [INFO] IPUIPlugin:64 - create IPUIPlugin
2026-08-14 11:01:17,556 [INFO] PluginManager:203 - loadIPPluginJar : add cryp
2026-08-14 11:01:17,593 [INFO] IPUIPlugin:64 - create IPUIPlugin
2026-08-14 11:01:17,593 [INFO] PluginManager:203 - loadIPPluginJar : add dfsdm
2026-08-14 11:01:17,604 [INFO] IPUIPlugin:64 - create IPUIPlugin
2026-08-14 11:01:17,605 [INFO] PluginManager:203 - loadIPPluginJar : add dma
2026-08-14 11:01:17,631 [INFO] IPUIPlugin:64 - create IPUIPlugin
2026-08-14 11:01:17,632 [INFO] PluginManager:203 - loadIPPluginJar : add fatfs
2026-08-14 11:01:17,684 [INFO] IPUIPlugin:64 - create IPUIPlugin
2026-08-14 11:01:17,684 [INFO] PluginManager:203 - loadIPPluginJar : add fmc
2026-08-14 11:01:17,697 [INFO] IPUIPlugin:64 - create IPUIPlugin
2026-08-14 11:01:17,697 [INFO] PluginManager:203 - loadIPPluginJar : add freertos
2026-08-14 11:01:17,727 [INFO] IPUIPlugin:64 - create IPUIPlugin
2026-08-14 11:01:17,727 [INFO] PluginManager:203 - loadIPPluginJar : add genericplugin
2026-08-14 11:01:17,810 [INFO] IPUIPlugin:64 - create IPUIPlugin
2026-08-14 11:01:17,810 [INFO] PluginManager:203 - loadIPPluginJar : add gfxmmu
2026-08-14 11:01:17,913 [INFO] IPUIPlugin:64 - create IPUIPlugin
2026-08-14 11:01:17,914 [INFO] PluginManager:203 - loadIPPluginJar : add gic
2026-08-14 11:01:17,925 [INFO] IPUIPlugin:64 - create IPUIPlugin
2026-08-14 11:01:17,926 [INFO] PluginManager:203 - loadIPPluginJar : add gpio
2026-08-14 11:01:17,983 [INFO] IPUIPlugin:64 - create IPUIPlugin
2026-08-14 11:01:17,984 [INFO] PluginManager:203 - loadIPPluginJar : add gtzc
2026-08-14 11:01:18,017 [INFO] IPUIPlugin:64 - create IPUIPlugin
2026-08-14 11:01:18,017 [INFO] PluginManager:203 - loadIPPluginJar : add hash
2026-08-14 11:01:18,065 [INFO] IPUIPlugin:64 - create IPUIPlugin
2026-08-14 11:01:18,065 [INFO] PluginManager:203 - loadIPPluginJar : add i2c
2026-08-14 11:01:18,104 [INFO] IPUIPlugin:64 - create IPUIPlugin
2026-08-14 11:01:18,105 [INFO] PluginManager:203 - loadIPPluginJar : add i2s
2026-08-14 11:01:18,114 [INFO] IPUIPlugin:64 - create IPUIPlugin
2026-08-14 11:01:18,114 [INFO] PluginManager:203 - loadIPPluginJar : add ipddr
2026-08-14 11:01:18,149 [INFO] IPUIPlugin:64 - create IPUIPlugin
2026-08-14 11:01:18,149 [INFO] PluginManager:203 - loadIPPluginJar : add lorawan
2026-08-14 11:01:18,186 [INFO] IPUIPlugin:64 - create IPUIPlugin
2026-08-14 11:01:18,186 [INFO] PluginManager:203 - loadIPPluginJar : add ltdc
2026-08-14 11:01:18,197 [INFO] IPUIPlugin:64 - create IPUIPlugin
2026-08-14 11:01:18,197 [INFO] PluginManager:203 - loadIPPluginJar : add mdma
2026-08-14 11:01:18,205 [INFO] IPUIPlugin:64 - create IPUIPlugin
2026-08-14 11:01:18,206 [INFO] PluginManager:203 - loadIPPluginJar : add nvic
2026-08-14 11:01:18,240 [INFO] IPUIPlugin:64 - create IPUIPlugin
2026-08-14 11:01:18,240 [INFO] PluginManager:203 - loadIPPluginJar : add opamp
2026-08-14 11:01:18,295 [INFO] IPUIPlugin:64 - create IPUIPlugin
2026-08-14 11:01:18,295 [INFO] PluginManager:203 - loadIPPluginJar : add openamp
2026-08-14 11:01:18,336 [INFO] IPUIPlugin:64 - create IPUIPlugin
2026-08-14 11:01:18,336 [INFO] PluginManager:203 - loadIPPluginJar : add pdm2pcm
2026-08-14 11:01:18,348 [INFO] IPUIPlugin:64 - create IPUIPlugin
2026-08-14 11:01:18,350 [INFO] PluginManager:203 - loadIPPluginJar : add plateformsettings
2026-08-14 11:01:18,376 [INFO] IPUIPlugin:64 - create IPUIPlugin
2026-08-14 11:01:18,376 [INFO] PluginManager:203 - loadIPPluginJar : add quadspi
2026-08-14 11:01:18,387 [INFO] IPUIPlugin:64 - create IPUIPlugin
2026-08-14 11:01:18,387 [INFO] PluginManager:203 - loadIPPluginJar : add resmgrutility
2026-08-14 11:01:18,437 [INFO] IPUIPlugin:64 - create IPUIPlugin
2026-08-14 11:01:18,437 [INFO] PluginManager:203 - loadIPPluginJar : add sai
2026-08-14 11:01:18,475 [INFO] IPUIPlugin:64 - create IPUIPlugin
2026-08-14 11:01:18,475 [INFO] PluginManager:203 - loadIPPluginJar : add spi
2026-08-14 11:01:18,522 [INFO] IPUIPlugin:64 - create IPUIPlugin
2026-08-14 11:01:18,522 [INFO] PluginManager:203 - loadIPPluginJar : add stm32_wpan
2026-08-14 11:01:18,549 [INFO] IPUIPlugin:64 - create IPUIPlugin
2026-08-14 11:01:18,550 [INFO] PluginManager:203 - loadIPPluginJar : add tim
2026-08-14 11:01:18,609 [INFO] IPUIPlugin:64 - create IPUIPlugin
2026-08-14 11:01:18,609 [INFO] PluginManager:203 - loadIPPluginJar : add touchsensing
2026-08-14 11:01:18,636 [INFO] IPUIPlugin:64 - create IPUIPlugin
2026-08-14 11:01:18,637 [INFO] PluginManager:203 - loadIPPluginJar : add tracer_emb
2026-08-14 11:01:18,665 [INFO] IPUIPlugin:64 - create IPUIPlugin
2026-08-14 11:01:18,665 [INFO] PluginManager:203 - loadIPPluginJar : add ts
2026-08-14 11:01:18,690 [INFO] IPUIPlugin:64 - create IPUIPlugin
2026-08-14 11:01:18,690 [INFO] PluginManager:203 - loadIPPluginJar : add tsc
2026-08-14 11:01:18,718 [INFO] IPUIPlugin:64 - create IPUIPlugin
2026-08-14 11:01:18,719 [INFO] PluginManager:203 - loadIPPluginJar : add ucpd
2026-08-14 11:01:18,761 [INFO] IPUIPlugin:64 - create IPUIPlugin
2026-08-14 11:01:18,762 [INFO] PluginManager:203 - loadIPPluginJar : add usart
2026-08-14 11:01:19,005 [FATAL] Updater:284 - Updater called before beeing initialized
2026-08-14 11:01:19,072 [FATAL] Updater:284 - Updater called before beeing initialized
2026-08-14 11:01:19,098 [WARN] DetailPanel:347 - Failed to get advertising image, set to default
2026-08-14 11:01:19,101 [FATAL] Updater:284 - Updater called before beeing initialized
2026-08-14 11:01:19,102 [WARN] DetailPanel:347 - Failed to get advertising image, set to default
2026-08-14 11:01:19,128 [FATAL] Updater:284 - Updater called before beeing initialized
2026-08-14 11:01:19,128 [WARN] ThirdParty:783 - waiting for thirdparty lock release [close project]
2026-08-14 11:01:20,051 [INFO] ThirdPartyUpdaterWithRetryManager:56 - Updater plugin not ready yet. [2/15]
2026-08-14 11:01:23,053 [FATAL] Updater:284 - Updater called before beeing initialized
2026-08-14 11:01:23,054 [ERROR] AbstractThirdPartyUpdaterManager:153 - java.lang.Integer cannot be cast to java.util.List
2026-08-14 11:01:23,054 [INFO] ThirdParty:887 - Integrity check success = false
2026-08-14 11:01:23,055 [INFO] IntegrityCheckThread:75 - exiting critical section [integrity check]
2026-08-14 11:01:23,055 [INFO] IntegrityCheckThread:78 - End integrity checks thread
2026-08-14 11:01:23,055 [INFO] ThirdParty:785 - entering critical section [close project]
2026-08-14 11:01:23,059 [INFO] ThirdParty:796 - exiting critical section [close project]
2026-08-14 11:01:23,064 [INFO] PinOutPanel:1434 - setPackage(No Configuration,No Configuration)
2026-08-14 11:01:23,065 [FATAL] Updater:284 - Updater called before beeing initialized
2026-08-14 11:01:23,082 [ERROR] Updater:1065 - MainUpdater not yet initialized. External WinMGr cannot be set.
2026-08-14 11:01:23,097 [INFO] Updater:1002 - Updater Version found : 6.1.1
2026-08-14 11:01:23,113 [INFO] ApplicationProperties:181 - Using Application install path: C:\ST\STM32CubeIDE_1.5.1\STM32CubeIDE\plugins\com.st.stm32cube.common.mx_6.1.1.202012091304
2026-08-14 11:01:23,284 [INFO] MainUpdater:2644 - connection check result : 10
2026-08-14 11:01:23,286 [INFO] MainUpdater:249 - Updater Check For Update Now.
2026-08-14 11:01:23,286 [INFO] MicroXplorer:415 - Change Database Version : DB.6.0.10
2026-08-14 11:01:23,349 [INFO] CheckServerUpdateThread:102 - End of CheckServer Thread
2026-08-14 11:01:23,419 [INFO] MainUpdater:2644 - connection check result : 10
2026-08-14 11:01:23,438 [INFO] MainUpdater:2644 - connection check result : 10
2026-08-14 11:01:23,590 [INFO] MicroXplorer:385 - Change Database Path : 
2026-08-14 11:01:23,590 [INFO] MicroXplorer:415 - Change Database Version : DB.6.0.10
2026-08-14 11:01:23,591 [WARN] ThirdParty:783 - waiting for thirdparty lock release [close project]
2026-08-14 11:01:23,591 [INFO] ThirdParty:785 - entering critical section [close project]
2026-08-14 11:01:23,591 [INFO] ThirdParty:796 - exiting critical section [close project]
2026-08-14 11:01:23,592 [INFO] PinOutPanel:1434 - setPackage(No Configuration,No Configuration)
2026-08-14 11:01:23,593 [INFO] UtilMem:74 - Begin LoadConfig() Used Memory: 801251992 Bytes (1039138816)
2026-08-14 11:01:23,593 [INFO] MicroXplorer:385 - Change Database Path : 
2026-08-14 11:01:23,593 [INFO] MicroXplorer:415 - Change Database Version : DB.6.0.10
2026-08-14 11:01:23,593 [INFO] OpenFileManager:274 - Change cursor
2026-08-14 11:01:23,595 [WARN] ThirdParty:204 - Use empty third party IP manager
2026-08-14 11:01:23,607 [WARN] IntegrityCheckThread:59 - waiting for thirdparty lock release [integrity check]
2026-08-14 11:01:23,607 [INFO] IntegrityCheckThread:61 - entering critical section [integrity check]
2026-08-14 11:01:23,708 [ERROR] Engine:500 - C:\Users\Alunos\.stm32cubemx\thirdparties\pdsc\STMicroelectronics.FP-SNS-MOTENVWB1.1.4.0.pdsc: PDSC version is not supported
2026-08-14 11:01:23,747 [ERROR] Engine:500 - C:\Users\Alunos\.stm32cubemx\thirdparties\pdsc\STMicroelectronics.X-CUBE-SMBUS.2.1.1.pdsc: PDSC version is not supported
2026-08-14 11:01:23,756 [ERROR] Engine:500 - C:\Users\Alunos\.stm32cubemx\thirdparties\pdsc\STMicroelectronics.X-CUBE-SMBUS.2.1.0.pdsc: PDSC version is not supported
2026-08-14 11:01:23,776 [ERROR] Engine:500 - C:\Users\Alunos\.stm32cubemx\thirdparties\pdsc\STMicroelectronics.X-CUBE-ST60.1.0.0.pdsc: PDSC version is not supported
2026-08-14 11:01:23,809 [ERROR] Engine:500 - C:\Users\Alunos\.stm32cubemx\thirdparties\pdsc\STMicroelectronics.X-CUBE-FREERTOS.1.6.0.pdsc: PDSC version is not supported
2026-08-14 11:01:23,817 [ERROR] Engine:500 - C:\Users\Alunos\.stm32cubemx\thirdparties\pdsc\STMicroelectronics.FP-SNS-MOTENV1.5.1.0.pdsc: PDSC version is not supported
2026-08-14 11:01:23,860 [ERROR] Engine:500 - C:\Users\Alunos\.stm32cubemx\thirdparties\pdsc\STMicroelectronics.FP-SNS-FLIGHT1.5.0.2.pdsc: PDSC version is not supported
2026-08-14 11:01:23,870 [ERROR] Engine:500 - C:\Users\Alunos\.stm32cubemx\thirdparties\pdsc\Infineon.AIROC-Wi-Fi-Bluetooth-STM32.1.7.0.pdsc: PDSC version is not supported
2026-08-14 11:01:23,925 [ERROR] Engine:500 - C:\Users\Alunos\.stm32cubemx\thirdparties\pdsc\STMicroelectronics.X-CUBE-DISPLAY.3.0.0.pdsc: PDSC version is not supported
2026-08-14 11:01:23,941 [ERROR] Engine:500 - C:\Users\Alunos\.stm32cubemx\thirdparties\pdsc\STMicroelectronics.FP-SNS-MOTENVWB1.1.5.0.pdsc: PDSC version is not supported
2026-08-14 11:01:23,967 [ERROR] Engine:500 - C:\Users\Alunos\.stm32cubemx\thirdparties\pdsc\STMicroelectronics.X-CUBE-BLEMGR.4.0.0.pdsc: PDSC version is not supported
2026-08-14 11:01:23,973 [ERROR] Engine:500 - C:\Users\Alunos\.stm32cubemx\thirdparties\pdsc\STMicroelectronics.X-CUBE-ST60.1.1.0.pdsc: PDSC version is not supported
2026-08-14 11:01:23,982 [ERROR] Engine:500 - C:\Users\Alunos\.stm32cubemx\thirdparties\pdsc\emotas.I-CUBE-CANOPEN.1.3.0.pdsc: PDSC version is not supported
2026-08-14 11:01:23,988 [ERROR] Engine:500 - C:\Users\Alunos\.stm32cubemx\thirdparties\pdsc\STMicroelectronics.X-CUBE-WBA.1.1.0.pdsc: PDSC version is not supported
2026-08-14 11:01:24,014 [ERROR] Engine:500 - C:\Users\Alunos\.stm32cubemx\thirdparties\pdsc\STMicroelectronics.FP-SNS-STBOX1.2.1.0.pdsc: PDSC version is not supported
2026-08-14 11:01:24,021 [ERROR] Engine:500 - C:\Users\Alunos\.stm32cubemx\thirdparties\pdsc\STMicroelectronics.FP-SNS-SMARTAG2.1.2.0.pdsc: PDSC version is not supported
2026-08-14 11:01:24,029 [ERROR] Engine:500 - C:\Users\Alunos\.stm32cubemx\thirdparties\pdsc\STMicroelectronics.FP-SNS-FLIGHT1.5.1.0.pdsc: PDSC version is not supported
2026-08-14 11:01:24,210 [INFO] LogOutputStream:76 - [STDOUT_REDIRECT] 1 : Invalid condition id : UX_CORESTACK_Condition cause : null
2026-08-14 11:01:24,212 [INFO] LogOutputStream:76 - [STDOUT_REDIRECT] 1 : Invalid condition id : UX_CORESTACK_Condition cause : null
2026-08-14 11:01:24,214 [INFO] LogOutputStream:76 - [STDOUT_REDIRECT] 1 : Invalid condition id : UX_CORESTACK_Condition cause : null
2026-08-14 11:01:24,216 [INFO] LogOutputStream:76 - [STDOUT_REDIRECT] 1 : Invalid condition id : UX_CORESTACK_Condition cause : null
2026-08-14 11:01:24,218 [INFO] LogOutputStream:76 - [STDOUT_REDIRECT] 1 : Invalid condition id : UX_CORESTACK_Condition cause : null
2026-08-14 11:01:24,240 [ERROR] Engine:500 - C:\Users\Alunos\.stm32cubemx\thirdparties\pdsc\STMicroelectronics.FP-SNS-MOTENV1.5.0.0.pdsc: PDSC version is not supported
2026-08-14 11:01:24,359 [ERROR] Engine:500 - C:\Users\Alunos\.stm32cubemx\thirdparties\pdsc\Avnet-IOTCONNECT.X-CUBE-iotc-st67-sdk.1.0.0.pdsc: PDSC version is not supported
2026-08-14 11:01:24,410 [ERROR] Engine:500 - C:\Users\Alunos\.stm32cubemx\thirdparties\pdsc\STMicroelectronics.X-CUBE-FREERTOS.1.4.0.pdsc: PDSC version is not supported
2026-08-14 11:01:24,433 [ERROR] Engine:500 - C:\Users\Alunos\.stm32cubemx\thirdparties\pdsc\STMicroelectronics.X-CUBE-ST67W61.1.1.0.pdsc: PDSC version is not supported
2026-08-14 11:01:24,452 [ERROR] Engine:500 - C:\Users\Alunos\.stm32cubemx\thirdparties\pdsc\STMicroelectronics.FP-SNS-STAIOTCFT.1.1.0.pdsc: PDSC version is not supported
2026-08-14 11:01:24,736 [ERROR] Engine:500 - C:\Users\Alunos\.stm32cubemx\thirdparties\pdsc\EmbeddedOffice.I-CUBE-FS-RTOS.1.0.1.pdsc: PDSC version is not supported
2026-08-14 11:01:24,761 [ERROR] Engine:500 - C:\Users\Alunos\.stm32cubemx\thirdparties\pdsc\STMicroelectronics.X-CUBE-TCPP.4.2.0.pdsc: PDSC version is not supported
2026-08-14 11:01:24,768 [ERROR] Engine:500 - C:\Users\Alunos\.stm32cubemx\thirdparties\pdsc\RealThread.X-CUBE-RT-Thread_Nano.4.1.1.pdsc: PDSC version is not supported
2026-08-14 11:01:24,783 [ERROR] Engine:500 - C:\Users\Alunos\.stm32cubemx\thirdparties\pdsc\quantropi.X-CUBE-qispace-sdk-base.1.9.3.pdsc: PDSC version is not supported
2026-08-14 11:01:24,799 [ERROR] Engine:500 - C:\Users\Alunos\.stm32cubemx\thirdparties\pdsc\STMicroelectronics.X-CUBE-FREERTOS.1.5.0.pdsc: PDSC version is not supported
2026-08-14 11:01:24,815 [ERROR] Engine:500 - C:\Users\Alunos\.stm32cubemx\thirdparties\pdsc\ITTIA_DB.I-CUBE-ITTIADB.8.9.0.pdsc: PDSC version is not supported
2026-08-14 11:01:24,833 [ERROR] Engine:500 - C:\Users\Alunos\.stm32cubemx\thirdparties\pdsc\STMicroelectronics.X-CUBE-ST67W61.1.0.0.pdsc: PDSC version is not supported
2026-08-14 11:01:25,281 [ERROR] Engine:500 - C:\Users\Alunos\.stm32cubemx\thirdparties\pdsc\Avnet-IotConnect.X-CUBE-IoTC-DA16k-PMOD.1.0.0.pdsc: PDSC version is not supported
2026-08-14 11:01:25,300 [ERROR] Engine:500 - C:\Users\Alunos\.stm32cubemx\thirdparties\pdsc\STMicroelectronics.X-CUBE-IPS.3.2.0.pdsc: PDSC version is not supported
2026-08-14 11:01:25,307 [ERROR] Engine:500 - C:\Users\Alunos\.stm32cubemx\thirdparties\pdsc\STMicroelectronics.eDS-WB_DPC_TT-BIDIR.2.1.1.pdsc: PDSC version is not supported
2026-08-14 11:01:25,366 [ERROR] Engine:500 - C:\Users\Alunos\.stm32cubemx\thirdparties\pdsc\STMicroelectronics.X-CUBE-DPower.1.2.0.pdsc: PDSC version is not supported
2026-08-14 11:01:25,373 [ERROR] Engine:500 - C:\Users\Alunos\.stm32cubemx\thirdparties\pdsc\STMicroelectronics.eDS-WB_DPC_VIENNA.1.2.0.pdsc: PDSC version is not supported
2026-08-14 11:01:25,474 [ERROR] Engine:500 - C:\Users\Alunos\.stm32cubemx\thirdparties\pdsc\STMicroelectronics.eDS-WB_DPC_3PH2L-BIDIR.1.1.1.pdsc: PDSC version is not supported
2026-08-14 11:01:25,485 [ERROR] Engine:500 - C:\Users\Alunos\.stm32cubemx\thirdparties\pdsc\STMicroelectronics.X-CUBE-ST67W61.1.3.0.pdsc: PDSC version is not supported
2026-08-14 11:01:25,493 [ERROR] Engine:500 - C:\Users\Alunos\.stm32cubemx\thirdparties\pdsc\STMicroelectronics.X-CUBE-FREERTOS.1.3.1.pdsc: PDSC version is not supported
2026-08-14 11:01:25,502 [ERROR] Engine:500 - C:\Users\Alunos\.stm32cubemx\thirdparties\pdsc\STMicroelectronics.X-CUBE-FREERTOS.1.3.0.pdsc: PDSC version is not supported
2026-08-14 11:01:25,537 [ERROR] Engine:500 - C:\Users\Alunos\.stm32cubemx\thirdparties\pdsc\STMicroelectronics.FP-SNS-STAIOTCFT.1.0.0.pdsc: PDSC version is not supported
2026-08-14 11:01:25,546 [ERROR] Engine:500 - C:\Users\Alunos\.stm32cubemx\thirdparties\pdsc\STMicroelectronics.X-CUBE-DPower.1.3.0.pdsc: PDSC version is not supported
2026-08-14 11:01:25,565 [WARN] ConditionMgr:437 - getConditionDescription Invalid condition id : LAN8742 Phy interface Condition cause : null
2026-08-14 11:01:25,566 [WARN] ConditionMgr:1040 - genDependencies : Invalid condition id : LAN8742 Phy interface Condition cause : null
2026-08-14 11:01:25,566 [WARN] ConditionMgr:1040 - genDependencies : Invalid condition id : LAN8742 Phy interface Condition cause : null
2026-08-14 11:01:25,566 [WARN] ConditionMgr:1040 - genDependencies : Invalid condition id : LAN8742 Phy interface Condition cause : null
2026-08-14 11:01:25,596 [ERROR] Engine:500 - C:\Users\Alunos\.stm32cubemx\thirdparties\pdsc\STMicroelectronics.X-CUBE-ST67W61.1.2.0.pdsc: PDSC version is not supported
2026-08-14 11:01:25,663 [ERROR] Engine:500 - C:\Users\Alunos\.stm32cubemx\thirdparties\pdsc\STMicroelectronics.X-CUBE-BLEMGR.4.1.0.pdsc: PDSC version is not supported
2026-08-14 11:01:25,679 [WARN] ConditionMgr:437 - getConditionDescription Invalid condition id : UX DEVICE CLASS RTOS Condition cause : null
2026-08-14 11:01:25,679 [WARN] ConditionMgr:437 - getConditionDescription Invalid condition id : UX DEVICE CLASS RTOS Condition cause : null
2026-08-14 11:01:25,681 [WARN] ConditionMgr:1040 - genDependencies : Invalid condition id : UX DEVICE CLASS RTOS Condition cause : null
2026-08-14 11:01:25,681 [WARN] ConditionMgr:1040 - genDependencies : Invalid condition id : UX DEVICE CLASS RTOS Condition cause : null
2026-08-14 11:01:25,681 [WARN] ConditionMgr:1040 - genDependencies : Invalid condition id : UX DEVICE CLASS RTOS Condition cause : null
2026-08-14 11:01:25,681 [WARN] ConditionMgr:1040 - genDependencies : Invalid condition id : UX DEVICE CLASS RTOS Condition cause : null
2026-08-14 11:01:25,681 [WARN] ConditionMgr:1040 - genDependencies : Invalid condition id : UX DEVICE CLASS RTOS Condition cause : null
2026-08-14 11:01:25,706 [ERROR] Engine:500 - C:\Users\Alunos\.stm32cubemx\thirdparties\pdsc\STMicroelectronics.FP-SNS-STBOX1.2.0.0.pdsc: PDSC version is not supported
2026-08-14 11:01:25,772 [ERROR] Engine:500 - C:\Users\Alunos\.stm32cubemx\thirdparties\pdsc\Cesanta.I-CUBE-Mongoose.7.13.0.pdsc: PDSC version is not supported
2026-08-14 11:01:25,810 [ERROR] Engine:500 - C:\Users\Alunos\.stm32cubemx\thirdparties\pdsc\STMicroelectronics.X-CUBE-IPS.3.1.0.pdsc: PDSC version is not supported
2026-08-14 11:01:25,817 [ERROR] Engine:500 - C:\Users\Alunos\.stm32cubemx\thirdparties\pdsc\STMicroelectronics.X-CUBE-BLEMGR.4.2.0.pdsc: PDSC version is not supported
2026-08-14 11:01:25,824 [ERROR] Engine:500 - C:\Users\Alunos\.stm32cubemx\thirdparties\pdsc\STMicroelectronics.X-CUBE-ALS.1.0.2.pdsc: PDSC version is not supported
2026-08-14 11:01:25,894 [ERROR] Engine:500 - C:\Users\Alunos\.stm32cubemx\thirdparties\pdsc\STMicroelectronics.X-CUBE-TOF1.3.4.2.pdsc: PDSC version is not supported
2026-08-14 11:01:25,903 [ERROR] Engine:500 - C:\Users\Alunos\.stm32cubemx\thirdparties\pdsc\STMicroelectronics.X-CUBE-TOF1.3.4.3.pdsc: PDSC version is not supported
2026-08-14 11:01:25,903 [INFO] ThirdParty:887 - Integrity check success = true
2026-08-14 11:01:25,903 [INFO] IntegrityCheckThread:75 - exiting critical section [integrity check]
2026-08-14 11:01:25,903 [INFO] IntegrityCheckThread:78 - End integrity checks thread
2026-08-14 11:01:26,627 [WARN] ApiManager:294 - Cannot register API 'Board Extension:PM33A1' from pack STMicroelectronics.X-CUBE-PM33A1.1.0.0: no header file found
2026-08-14 11:01:26,630 [WARN] ApiManager:294 - Cannot register API 'Board Extension:NFC09A1' from pack STMicroelectronics.X-CUBE-NFC9.1.0.0: no header file found
2026-08-14 11:01:26,632 [WARN] ApiManager:294 - Cannot register API 'Wireless:BlueNRG-MS' from pack STMicroelectronics.X-CUBE-BLE1.7.1.0: no header file found
2026-08-14 11:01:26,633 [WARN] ApiManager:294 - Cannot register API 'Wireless:STM32WB05N' from pack STMicroelectronics.X-CUBE-WB05N.1.1.0: no header file found
2026-08-14 11:01:26,635 [WARN] ApiManager:294 - Cannot register API 'Board Extension:EEPRMA2' from pack STMicroelectronics.X-CUBE-EEPRMA1.5.2.0: no header file found
2026-08-14 11:01:26,635 [WARN] ApiManager:294 - Cannot register API 'Board Extension:PGEEZ1' from pack STMicroelectronics.X-CUBE-EEPRMA1.5.2.0: no header file found
2026-08-14 11:01:26,635 [WARN] ApiManager:294 - Cannot register API 'Board Extension:EEICA1' from pack STMicroelectronics.X-CUBE-EEPRMA1.5.2.0: no header file found
2026-08-14 11:01:26,635 [WARN] ApiManager:294 - Cannot register API 'Board Part:M24' from pack STMicroelectronics.X-CUBE-EEPRMA1.5.2.0: no header file found
2026-08-14 11:01:26,635 [WARN] ApiManager:294 - Cannot register API 'Board Part:M95' from pack STMicroelectronics.X-CUBE-EEPRMA1.5.2.0: no header file found
2026-08-14 11:01:26,635 [WARN] ApiManager:294 - Cannot register API 'Board Part:M95P32' from pack STMicroelectronics.X-CUBE-EEPRMA1.5.2.0: no header file found
2026-08-14 11:01:26,635 [WARN] ApiManager:294 - Cannot register API 'Board Part:M24256E-F' from pack STMicroelectronics.X-CUBE-EEPRMA1.5.2.0: no header file found
2026-08-14 11:01:26,635 [WARN] ApiManager:294 - Cannot register API 'Board Part:M24M01E-F' from pack STMicroelectronics.X-CUBE-EEPRMA1.5.2.0: no header file found
2026-08-14 11:01:26,635 [WARN] ApiManager:294 - Cannot register API 'PGEEZ1:SPI' from pack STMicroelectronics.X-CUBE-EEPRMA1.5.2.0: no header file found
2026-08-14 11:01:26,635 [WARN] ApiManager:294 - Cannot register API 'PGEEZ1:QDSPI' from pack STMicroelectronics.X-CUBE-EEPRMA1.5.2.0: no header file found
2026-08-14 11:01:26,636 [WARN] ApiManager:294 - Cannot register API 'Board Extension:GNSS1A1' from pack STMicroelectronics.X-CUBE-GNSS1.7.0.1: no header file found
2026-08-14 11:01:26,636 [WARN] ApiManager:294 - Cannot register API 'Board Support:Custom' from pack STMicroelectronics.X-CUBE-GNSS1.7.0.1: no header file found
2026-08-14 11:01:26,636 [WARN] ApiManager:294 - Cannot register API 'Data Exchange:lib_gnss' from pack STMicroelectronics.X-CUBE-GNSS1.7.0.1: no header file found
2026-08-14 11:01:26,637 [WARN] ApiManager:294 - Cannot register API 'Board Extension:NFC12A1' from pack STMicroelectronics.X-CUBE-NFC12.1.0.0: no header file found
2026-08-14 11:01:26,643 [WARN] ApiManager:294 - Cannot register API 'Board Extension:NFC06A1' from pack STMicroelectronics.X-CUBE-NFC6.3.1.0: no header file found
2026-08-14 11:01:26,643 [WARN] ApiManager:294 - Cannot register API 'Board Extension:NFC08A1' from pack STMicroelectronics.X-CUBE-NFC6.3.1.0: no header file found
2026-08-14 11:01:26,659 [WARN] ApiManager:294 - Cannot register API 'Board Extension:IKS02A1' from pack STMicroelectronics.X-CUBE-MEMS1.12.0.0: no header file found
2026-08-14 11:01:26,660 [WARN] ApiManager:294 - Cannot register API 'Board Extension:IKS4A1' from pack STMicroelectronics.X-CUBE-MEMS1.12.0.0: no header file found
2026-08-14 11:01:26,660 [WARN] ApiManager:294 - Cannot register API 'Board Extension:IKS5A1' from pack STMicroelectronics.X-CUBE-MEMS1.12.0.0: no header file found
2026-08-14 11:01:26,668 [WARN] ApiManager:294 - Cannot register API 'Board Extension:SAFEA1' from pack STMicroelectronics.X-CUBE-STSE01.2.0.0: no header file found
2026-08-14 11:01:26,668 [WARN] ApiManager:294 - Cannot register API 'Board Extension:ESE01A1' from pack STMicroelectronics.X-CUBE-STSE01.2.0.0: no header file found
2026-08-14 11:01:26,668 [WARN] ApiManager:294 - Cannot register API 'Board Extension:ESE02A1' from pack STMicroelectronics.X-CUBE-STSE01.2.0.0: no header file found
2026-08-14 11:01:26,668 [WARN] ApiManager:294 - Cannot register API 'Board Part:STSAFEA110' from pack STMicroelectronics.X-CUBE-STSE01.2.0.0: no header file found
2026-08-14 11:01:26,668 [WARN] ApiManager:294 - Cannot register API 'Board Part:STSAFEA120' from pack STMicroelectronics.X-CUBE-STSE01.2.0.0: no header file found
2026-08-14 11:01:26,668 [WARN] ApiManager:294 - Cannot register API 'Board Part:STSAFEL010' from pack STMicroelectronics.X-CUBE-STSE01.2.0.0: no header file found
2026-08-14 11:01:26,668 [WARN] ApiManager:294 - Cannot register API 'Security:STM32_Cryptographic' from pack STMicroelectronics.X-CUBE-STSE01.2.0.0: no header file found
2026-08-14 11:01:26,668 [WARN] ApiManager:294 - Cannot register API 'Security:STSELib' from pack STMicroelectronics.X-CUBE-STSE01.2.0.0: no header file found
2026-08-14 11:01:26,693 [WARN] ApiManager:294 - Cannot register API 'Board Extension:IKS01A3' from pack STMicroelectronics.X-CUBE-MEMS1.11.2.0: no header file found
2026-08-14 11:01:26,693 [WARN] ApiManager:294 - Cannot register API 'Board Extension:IKS02A1' from pack STMicroelectronics.X-CUBE-MEMS1.11.2.0: no header file found
2026-08-14 11:01:26,693 [WARN] ApiManager:294 - Cannot register API 'Board Extension:IKS4A1' from pack STMicroelectronics.X-CUBE-MEMS1.11.2.0: no header file found
2026-08-14 11:01:26,697 [INFO] RtosManager:464 - Registered RTOS mode: class=CMSIS, group=RTOS, mode=CMSIS_V1, owner=FREERTOS
2026-08-14 11:01:26,698 [INFO] RtosManager:464 - Registered RTOS mode: class=CMSIS, group=RTOS2, mode=CMSIS_V2, owner=FREERTOS
2026-08-14 11:01:26,698 [INFO] RtosManager:464 - Registered RTOS mode: class=RTOS, group=Core, mode=CMSIS_V1, owner=FREERTOS
2026-08-14 11:01:26,698 [INFO] RtosManager:464 - Registered RTOS mode: class=RTOS, group=Core, mode=CMSIS_V2, owner=FREERTOS
2026-08-14 11:01:26,698 [WARN] ModelIntegratedComponent:182 - Missing modes for component STMicroelectronics:FreeRTOS:0.0.1:STMicroelectronics:RTOS:FreeRTOS:Core:::10.2.0:
2026-08-14 11:01:26,699 [WARN] ApiManager:294 - Cannot register API 'Board Extension:STSAFEA1' from pack STMicroelectronics.X-CUBE-SAFEA1.1.2.2: no header file found
2026-08-14 11:01:26,699 [WARN] ApiManager:294 - Cannot register API 'Board Part:STSAFEA110' from pack STMicroelectronics.X-CUBE-SAFEA1.1.2.2: no header file found
2026-08-14 11:01:26,699 [WARN] ApiManager:294 - Cannot register API 'Security:ST_Cryptolib' from pack STMicroelectronics.X-CUBE-SAFEA1.1.2.2: no header file found
2026-08-14 11:01:26,699 [WARN] ApiManager:294 - Cannot register API 'Security:MbedTLS' from pack STMicroelectronics.X-CUBE-SAFEA1.1.2.2: no header file found
2026-08-14 11:01:26,699 [WARN] ApiManager:294 - Cannot register API 'Board Extension:NFC04A1' from pack STMicroelectronics.X-CUBE-NFC4.3.0.0: no header file found
2026-08-14 11:01:26,700 [WARN] ApiManager:294 - Cannot register API 'Board Extension:S2868A1' from pack STMicroelectronics.X-CUBE-SUBG2.5.0.0: no header file found
2026-08-14 11:01:26,700 [WARN] ApiManager:294 - Cannot register API 'Board Extension:S2868A2' from pack STMicroelectronics.X-CUBE-SUBG2.5.0.0: no header file found
2026-08-14 11:01:26,700 [WARN] ApiManager:294 - Cannot register API 'Board Extension:S2915A1' from pack STMicroelectronics.X-CUBE-SUBG2.5.0.0: no header file found
2026-08-14 11:01:26,717 [WARN] ApiManager:294 - Cannot register API 'Board Extension:IKS02A1' from pack STMicroelectronics.X-CUBE-MEMS1.13.0.0: no header file found
2026-08-14 11:01:26,718 [WARN] ApiManager:294 - Cannot register API 'Board Extension:IKS4A1' from pack STMicroelectronics.X-CUBE-MEMS1.13.0.0: no header file found
2026-08-14 11:01:26,718 [WARN] ApiManager:294 - Cannot register API 'Board Extension:IKS5A1' from pack STMicroelectronics.X-CUBE-MEMS1.13.0.0: no header file found
2026-08-14 11:01:26,721 [WARN] ApiManager:294 - Cannot register API 'Wireless:STM32WB05N' from pack STMicroelectronics.X-CUBE-WB05N.2.0.0: no header file found
2026-08-14 11:01:26,723 [WARN] ApiManager:294 - Cannot register API 'Board Extension:NFC07A1' from pack STMicroelectronics.X-CUBE-NFC7.2.0.0: no header file found
2026-08-14 11:01:26,723 [WARN] ApiManager:294 - Cannot register API 'Board Extension:GNSS1A1' from pack STMicroelectronics.X-CUBE-GNSS1.7.1.1: no header file found
2026-08-14 11:01:26,723 [WARN] ApiManager:294 - Cannot register API 'Board Support:Custom' from pack STMicroelectronics.X-CUBE-GNSS1.7.1.1: no header file found
2026-08-14 11:01:26,723 [WARN] ApiManager:294 - Cannot register API 'Data Exchange:lib_gnss' from pack STMicroelectronics.X-CUBE-GNSS1.7.1.1: no header file found
2026-08-14 11:01:26,723 [WARN] ApiManager:294 - Cannot register API 'Wireless:BlueNRG-MS' from pack STMicroelectronics.X-CUBE-BLE1.7.0.0: no header file found
2026-08-14 11:01:26,724 [WARN] ApiManager:294 - Cannot register API 'Board Extension:NFC10A1' from pack STMicroelectronics.X-CUBE-NFC10.1.0.0: no header file found
2026-08-14 11:01:26,724 [WARN] ApiManager:294 - Cannot register API 'Board Extension:EEPRMA2' from pack STMicroelectronics.X-CUBE-EEPRMA1.5.1.0: no header file found
2026-08-14 11:01:26,724 [WARN] ApiManager:294 - Cannot register API 'Board Extension:PGEEZ1' from pack STMicroelectronics.X-CUBE-EEPRMA1.5.1.0: no header file found
2026-08-14 11:01:26,724 [WARN] ApiManager:294 - Cannot register API 'Board Extension:EEICA1' from pack STMicroelectronics.X-CUBE-EEPRMA1.5.1.0: no header file found
2026-08-14 11:01:26,724 [WARN] ApiManager:294 - Cannot register API 'Board Part:M24' from pack STMicroelectronics.X-CUBE-EEPRMA1.5.1.0: no header file found
2026-08-14 11:01:26,724 [WARN] ApiManager:294 - Cannot register API 'Board Part:M95' from pack STMicroelectronics.X-CUBE-EEPRMA1.5.1.0: no header file found
2026-08-14 11:01:26,724 [WARN] ApiManager:294 - Cannot register API 'Board Part:M95P32' from pack STMicroelectronics.X-CUBE-EEPRMA1.5.1.0: no header file found
2026-08-14 11:01:26,724 [WARN] ApiManager:294 - Cannot register API 'Board Part:M24256E-F' from pack STMicroelectronics.X-CUBE-EEPRMA1.5.1.0: no header file found
2026-08-14 11:01:26,724 [WARN] ApiManager:294 - Cannot register API 'Board Part:M24M01E-F' from pack STMicroelectronics.X-CUBE-EEPRMA1.5.1.0: no header file found
2026-08-14 11:01:26,724 [WARN] ApiManager:294 - Cannot register API 'PGEEZ1:SPI' from pack STMicroelectronics.X-CUBE-EEPRMA1.5.1.0: no header file found
2026-08-14 11:01:26,724 [WARN] ApiManager:294 - Cannot register API 'PGEEZ1:QDSPI' from pack STMicroelectronics.X-CUBE-EEPRMA1.5.1.0: no header file found
2026-08-14 11:01:26,726 [WARN] ModelIntegratedComponent:51 - No mode defined for component null
2026-08-14 11:01:26,726 [WARN] ModelIntegratedComponent:51 - No mode defined for component null
2026-08-14 11:01:26,726 [WARN] ModelIntegratedComponent:51 - No mode defined for component null
2026-08-14 11:01:26,726 [WARN] ModelIntegratedComponent:51 - No mode defined for component null
2026-08-14 11:01:26,726 [WARN] ModelIntegratedComponent:51 - No mode defined for component null
2026-08-14 11:01:26,726 [WARN] ModelIntegratedComponent:51 - No mode defined for component null
2026-08-14 11:01:26,726 [WARN] ModelIntegratedComponent:51 - No mode defined for component null
2026-08-14 11:01:26,726 [WARN] ModelIntegratedComponent:51 - No mode defined for component null
2026-08-14 11:01:26,726 [WARN] ModelIntegratedComponent:51 - No mode defined for component null
2026-08-14 11:01:26,726 [WARN] ModelIntegratedComponent:51 - No mode defined for component null
2026-08-14 11:01:26,726 [WARN] ModelIntegratedComponent:51 - No mode defined for component null
2026-08-14 11:01:26,726 [WARN] ModelIntegratedComponent:51 - No mode defined for component null
2026-08-14 11:01:26,726 [WARN] ModelIntegratedComponent:51 - No mode defined for component null
2026-08-14 11:01:26,726 [WARN] ModelIntegratedComponent:51 - No mode defined for component null
2026-08-14 11:01:26,726 [WARN] ModelIntegratedComponent:51 - No mode defined for component null
2026-08-14 11:01:26,726 [WARN] ModelIntegratedComponent:51 - No mode defined for component null
2026-08-14 11:01:26,727 [WARN] ModelIntegratedComponent:51 - No mode defined for component null
2026-08-14 11:01:26,727 [WARN] ModelIntegratedComponent:51 - No mode defined for component null
2026-08-14 11:01:26,727 [WARN] ModelIntegratedComponent:51 - No mode defined for component null
2026-08-14 11:01:26,727 [WARN] ModelIntegratedComponent:51 - No mode defined for component null
2026-08-14 11:01:26,727 [WARN] ModelIntegratedComponent:51 - No mode defined for component null
2026-08-14 11:01:26,727 [WARN] ModelIntegratedComponent:51 - No mode defined for component null
2026-08-14 11:01:26,727 [WARN] ModelIntegratedComponent:51 - No mode defined for component null
2026-08-14 11:01:26,727 [WARN] ModelIntegratedComponent:51 - No mode defined for component null
2026-08-14 11:01:26,727 [WARN] ModelIntegratedComponent:51 - No mode defined for component null
2026-08-14 11:01:26,727 [WARN] ModelIntegratedComponent:51 - No mode defined for component null
2026-08-14 11:01:26,727 [WARN] ModelIntegratedComponent:51 - No mode defined for component null
2026-08-14 11:01:26,727 [WARN] ModelIntegratedComponent:51 - No mode defined for component null
2026-08-14 11:01:26,727 [WARN] ModelIntegratedComponent:51 - No mode defined for component null
2026-08-14 11:01:26,727 [WARN] ModelIntegratedComponent:51 - No mode defined for component null
2026-08-14 11:01:26,727 [WARN] ModelIntegratedComponent:51 - No mode defined for component null
2026-08-14 11:01:26,727 [WARN] ModelIntegratedComponent:51 - No mode defined for component null
2026-08-14 11:01:26,727 [WARN] ModelIntegratedComponent:51 - No mode defined for component null
2026-08-14 11:01:26,727 [WARN] ModelIntegratedComponent:51 - No mode defined for component null
2026-08-14 11:01:26,727 [WARN] ModelIntegratedComponent:51 - No mode defined for component null
2026-08-14 11:01:26,727 [WARN] ModelIntegratedComponent:51 - No mode defined for component null
2026-08-14 11:01:26,727 [WARN] ModelIntegratedComponent:51 - No mode defined for component null
2026-08-14 11:01:26,727 [WARN] ModelIntegratedComponent:51 - No mode defined for component null
2026-08-14 11:01:26,728 [WARN] ApiManager:294 - Cannot register API 'Board Extension:NFC07A1' from pack STMicroelectronics.X-CUBE-NFC7.1.0.1: no header file found
2026-08-14 11:01:26,729 [WARN] ApiManager:294 - Cannot register API 'Board Extension:GNSS1A1' from pack STMicroelectronics.X-CUBE-GNSS1.7.1.0: no header file found
2026-08-14 11:01:26,729 [WARN] ApiManager:294 - Cannot register API 'Board Support:Custom' from pack STMicroelectronics.X-CUBE-GNSS1.7.1.0: no header file found
2026-08-14 11:01:26,729 [WARN] ApiManager:294 - Cannot register API 'Data Exchange:lib_gnss' from pack STMicroelectronics.X-CUBE-GNSS1.7.1.0: no header file found
2026-08-14 11:01:26,729 [WARN] ApiManager:294 - Cannot register API 'Board Extension:SAFEA1' from pack STMicroelectronics.X-CUBE-STSE01.1.0.0: no header file found
2026-08-14 11:01:26,730 [WARN] ApiManager:294 - Cannot register API 'Board Extension:ESE01A1' from pack STMicroelectronics.X-CUBE-STSE01.1.0.0: no header file found
2026-08-14 11:01:26,730 [WARN] ApiManager:294 - Cannot register API 'Board Part:STSAFEA110' from pack STMicroelectronics.X-CUBE-STSE01.1.0.0: no header file found
2026-08-14 11:01:26,730 [WARN] ApiManager:294 - Cannot register API 'Board Part:STSAFEA120' from pack STMicroelectronics.X-CUBE-STSE01.1.0.0: no header file found
2026-08-14 11:01:26,730 [WARN] ApiManager:294 - Cannot register API 'Security:STM32_Cryptographic' from pack STMicroelectronics.X-CUBE-STSE01.1.0.0: no header file found
2026-08-14 11:01:26,730 [WARN] ApiManager:294 - Cannot register API 'Security:STSELib' from pack STMicroelectronics.X-CUBE-STSE01.1.0.0: no header file found
2026-08-14 11:01:26,730 [WARN] ApiManager:294 - Cannot register API 'Board Extension:NFC06A1' from pack STMicroelectronics.X-CUBE-NFC6.3.2.0: no header file found
2026-08-14 11:01:26,730 [WARN] ApiManager:294 - Cannot register API 'Board Extension:NFC08A1' from pack STMicroelectronics.X-CUBE-NFC6.3.2.0: no header file found
2026-08-14 11:01:26,747 [WARN] ApiManager:294 - Cannot register API 'Board Extension:IKS02A1' from pack STMicroelectronics.X-CUBE-MEMS1.12.1.0: no header file found
2026-08-14 11:01:26,747 [WARN] ApiManager:294 - Cannot register API 'Board Extension:IKS4A1' from pack STMicroelectronics.X-CUBE-MEMS1.12.1.0: no header file found
2026-08-14 11:01:26,748 [WARN] ApiManager:294 - Cannot register API 'Board Extension:IKS5A1' from pack STMicroelectronics.X-CUBE-MEMS1.12.1.0: no header file found
2026-08-14 11:01:26,774 [WARN] ApiManager:294 - Cannot register API 'Board Extension:IKS01A3' from pack STMicroelectronics.X-CUBE-MEMS1.11.1.0: no header file found
2026-08-14 11:01:26,774 [WARN] ApiManager:294 - Cannot register API 'Board Extension:IKS02A1' from pack STMicroelectronics.X-CUBE-MEMS1.11.1.0: no header file found
2026-08-14 11:01:26,774 [WARN] ApiManager:294 - Cannot register API 'Board Extension:IKS4A1' from pack STMicroelectronics.X-CUBE-MEMS1.11.1.0: no header file found
2026-08-14 11:01:26,805 [WARN] ApiManager:294 - Cannot register API 'Board Extension:IKS01A3' from pack STMicroelectronics.X-CUBE-MEMS1.11.3.0: no header file found
2026-08-14 11:01:26,805 [WARN] ApiManager:294 - Cannot register API 'Board Extension:IKS02A1' from pack STMicroelectronics.X-CUBE-MEMS1.11.3.0: no header file found
2026-08-14 11:01:26,805 [WARN] ApiManager:294 - Cannot register API 'Board Extension:IKS4A1' from pack STMicroelectronics.X-CUBE-MEMS1.11.3.0: no header file found
2026-08-14 11:01:26,809 [WARN] ApiManager:294 - Cannot register API 'Board Extension:S2868A1' from pack STMicroelectronics.X-CUBE-SFXS2LP1.4.0.0: no header file found
2026-08-14 11:01:26,809 [WARN] ApiManager:294 - Cannot register API 'Board Extension:S2868A2' from pack STMicroelectronics.X-CUBE-SFXS2LP1.4.0.0: no header file found
2026-08-14 11:01:26,809 [WARN] ApiManager:294 - Cannot register API 'Board Extension:S2915A1' from pack STMicroelectronics.X-CUBE-SFXS2LP1.4.0.0: no header file found
2026-08-14 11:01:26,810 [WARN] ApiManager:294 - Cannot register API 'Wireless:BlueNRG-2' from pack STMicroelectronics.X-CUBE-BLE2.3.3.0: no header file found
2026-08-14 11:01:26,810 [WARN] ApiManager:294 - Cannot register API 'Board Extension:NFC13A1' from pack STMicroelectronics.X-CUBE-NFC13.1.0.0: no header file found
2026-08-14 11:01:26,810 [WARN] ApiManager:294 - Cannot register API 'Wireless:STM32WB05N' from pack STMicroelectronics.X-CUBE-WB05N.2.1.0: no header file found
2026-08-14 11:01:29,214 [INFO] ImportTextPane:162 - (OptionalMessage_ERROR) IP (RCC) : Invalid parameter (FamilyName)
2026-08-14 11:01:29,261 [INFO] UtilMem:74 - End LoadConfig() Used Memory: 882677240 Bytes (1052770304)
2026-08-14 11:01:29,262 [INFO] DbMcusXml:97 - Load MCU database from C:\ST\STM32CubeIDE_1.5.1\STM32CubeIDE\plugins\com.st.stm32cube.common.mx_6.1.1.202012091304\\db\/mcu/families.xml
2026-08-14 11:01:29,684 [INFO] DbMcusJson:92 - JSON generation date=Tue Nov 16 13:17:54 BRT 2021 (1637079474)
2026-08-14 11:01:30,120 [INFO] DbMcus:176 - Found 1835 MCUs (1796 are supported by CubeMX, 1920 are visible in CubeMX)
2026-08-14 11:01:30,127 [INFO] ApiDb:238 - Load user favorites file C:\Users\Alunos/.stm32cubeide/favorites.mcus.txt: 1 item(s)
2026-08-14 11:01:30,127 [INFO] ApiDb:242 - User favorites MCUs=[STM32F103C8Tx]
2026-08-14 11:01:30,127 [INFO] DbMcus:188 - Set 1 / 1 favorites MCUs
2026-08-14 11:01:30,135 [WARN] ThirdParty:749 - waiting for thirdparty lock release [change project]
2026-08-14 11:01:30,135 [INFO] ThirdParty:751 - entering critical section [change project]
2026-08-14 11:01:30,135 [INFO] ThirdParty:939 - CMSIS Pack Vendor :STMicroelectronics X-CUBE-AZRTOS-H7 3.5.0
2026-08-14 11:01:30,135 [INFO] ThirdParty:939 - CMSIS Pack Vendor :STMicroelectronics X-CUBE-PM33A1 1.0.0
2026-08-14 11:01:30,135 [INFO] ThirdParty:939 - CMSIS Pack Vendor :STMicroelectronics X-CUBE-AZRTOS-H7 3.3.0
2026-08-14 11:01:30,135 [INFO] ThirdParty:939 - CMSIS Pack Vendor :STMicroelectronics X-CUBE-NFC9 1.0.0
2026-08-14 11:01:30,135 [INFO] ThirdParty:939 - CMSIS Pack Vendor :STMicroelectronics USB_HOST 2.0.0
2026-08-14 11:01:30,135 [INFO] ThirdParty:939 - CMSIS Pack Vendor :STMicroelectronics FP-ATR-ASTRA1 2.0.3
2026-08-14 11:01:30,135 [INFO] ThirdParty:939 - CMSIS Pack Vendor :STMicroelectronics X-CUBE-AZRTOS-F4 1.1.0
2026-08-14 11:01:30,135 [INFO] ThirdParty:939 - CMSIS Pack Vendor :STMicroelectronics FP-ATR-ASTRA1 2.0.2
2026-08-14 11:01:30,135 [INFO] ThirdParty:939 - CMSIS Pack Vendor :STMicroelectronics FP-ATR-ASTRA1 2.0.1
2026-08-14 11:01:30,135 [INFO] ThirdParty:939 - CMSIS Pack Vendor :STMicroelectronics X-CUBE-BLE1 7.1.0
2026-08-14 11:01:30,136 [INFO] ThirdParty:939 - CMSIS Pack Vendor :STMicroelectronics X-CUBE-WB05N 1.1.0
2026-08-14 11:01:30,136 [INFO] ThirdParty:939 - CMSIS Pack Vendor :wolfSSL I-CUBE-wolfMQTT 1.19.2
2026-08-14 11:01:30,136 [INFO] ThirdParty:939 - CMSIS Pack Vendor :STMicroelectronics USB_DEVICE 3.0.0
2026-08-14 11:01:30,136 [INFO] ThirdParty:939 - CMSIS Pack Vendor :STMicroelectronics X-CUBE-ISPU 2.1.0
2026-08-14 11:01:30,136 [INFO] ThirdParty:939 - CMSIS Pack Vendor :STMicroelectronics X-CUBE-EEPRMA1 5.2.0
2026-08-14 11:01:30,136 [INFO] ThirdParty:939 - CMSIS Pack Vendor :STMicroelectronics X-CUBE-AZRTOS-WB 2.0.0
2026-08-14 11:01:30,136 [INFO] ThirdParty:939 - CMSIS Pack Vendor :STMicroelectronics X-CUBE-GNSS1 7.0.1
2026-08-14 11:01:30,136 [INFO] ThirdParty:939 - CMSIS Pack Vendor :STMicroelectronics X-CUBE-NFC12 1.0.0
2026-08-14 11:01:30,136 [INFO] ThirdParty:939 - CMSIS Pack Vendor :STMicroelectronics X-CUBE-AZRTOS-F7 1.1.0
2026-08-14 11:01:30,136 [INFO] ThirdParty:939 - CMSIS Pack Vendor :STMicroelectronics X-CUBE-AZRTOS-L5 2.0.0
2026-08-14 11:01:30,136 [INFO] ThirdParty:939 - CMSIS Pack Vendor :STMicroelectronics X-CUBE-TOUCHGFX 4.25.0
2026-08-14 11:01:30,136 [INFO] ThirdParty:939 - CMSIS Pack Vendor :STMicroelectronics USB_DEVICE 2.0.0
2026-08-14 11:01:30,136 [INFO] ThirdParty:939 - CMSIS Pack Vendor :STMicroelectronics X-CUBE-NFC6 3.1.0
2026-08-14 11:01:30,136 [INFO] ThirdParty:939 - CMSIS Pack Vendor :STMicroelectronics X-CUBE-AI 10.1.0
2026-08-14 11:01:30,136 [INFO] ThirdParty:939 - CMSIS Pack Vendor :STMicroelectronics X-CUBE-MEMS1 12.0.0
2026-08-14 11:01:30,136 [INFO] ThirdParty:939 - CMSIS Pack Vendor :STMicroelectronics X-CUBE-STSE01 2.0.0
2026-08-14 11:01:30,136 [INFO] ThirdParty:939 - CMSIS Pack Vendor :STMicroelectronics X-CUBE-ALGOBUILD 1.5.0
2026-08-14 11:01:30,136 [INFO] ThirdParty:939 - CMSIS Pack Vendor :STMicroelectronics X-CUBE-MEMS1 11.2.0
2026-08-14 11:01:30,136 [INFO] ThirdParty:939 - CMSIS Pack Vendor :STMicroelectronics FreeRTOS 0.0.1
2026-08-14 11:01:30,136 [INFO] ThirdParty:939 - CMSIS Pack Vendor :STMicroelectronics X-CUBE-AZRTOS-H7RS 1.3.0
2026-08-14 11:01:30,136 [INFO] ThirdParty:939 - CMSIS Pack Vendor :STMicroelectronics X-CUBE-AZRTOS-G0 1.1.0
2026-08-14 11:01:30,136 [INFO] ThirdParty:939 - CMSIS Pack Vendor :STMicroelectronics X-CUBE-SAFEA1 1.2.2
2026-08-14 11:01:30,136 [INFO] ThirdParty:939 - CMSIS Pack Vendor :STMicroelectronics X-CUBE-NFC4 3.0.0
2026-08-14 11:01:30,136 [INFO] ThirdParty:939 - CMSIS Pack Vendor :STMicroelectronics X-CUBE-SUBG2 5.0.0
2026-08-14 11:01:30,136 [INFO] ThirdParty:939 - CMSIS Pack Vendor :STMicroelectronics X-CUBE-AZRTOS-H7RS 1.1.0
2026-08-14 11:01:30,136 [INFO] ThirdParty:939 - CMSIS Pack Vendor :STMicroelectronics lwIP 2.0.3
2026-08-14 11:01:30,136 [INFO] ThirdParty:939 - CMSIS Pack Vendor :STMicroelectronics X-CUBE-MEMS1 13.0.0
2026-08-14 11:01:30,136 [INFO] ThirdParty:939 - CMSIS Pack Vendor :STMicroelectronics USB_HOST 1.0.0
2026-08-14 11:01:30,136 [INFO] ThirdParty:939 - CMSIS Pack Vendor :STMicroelectronics X-CUBE-AZRTOS-G4 2.0.0
2026-08-14 11:01:30,136 [INFO] ThirdParty:939 - CMSIS Pack Vendor :STMicroelectronics X-CUBE-WB05N 2.0.0
2026-08-14 11:01:30,136 [INFO] ThirdParty:939 - CMSIS Pack Vendor :STMicroelectronics PDM2PCM 3.1.0
2026-08-14 11:01:30,137 [INFO] ThirdParty:939 - CMSIS Pack Vendor :STMicroelectronics PDM2PCM 3.3.0
2026-08-14 11:01:30,137 [INFO] ThirdParty:939 - CMSIS Pack Vendor :wolfSSL I-CUBE-wolfTPM 3.8.0
2026-08-14 11:01:30,137 [INFO] ThirdParty:939 - CMSIS Pack Vendor :STMicroelectronics X-CUBE-AZRTOS-H7 3.4.0
2026-08-14 11:01:30,137 [INFO] ThirdParty:939 - CMSIS Pack Vendor :wolfSSL I-CUBE-wolfSSH 1.4.20
2026-08-14 11:01:30,137 [INFO] ThirdParty:939 - CMSIS Pack Vendor :STMicroelectronics X-CUBE-NFC7 2.0.0
2026-08-14 11:01:30,137 [INFO] ThirdParty:939 - CMSIS Pack Vendor :STMicroelectronics X-CUBE-GNSS1 7.1.1
2026-08-14 11:01:30,137 [INFO] ThirdParty:939 - CMSIS Pack Vendor :STMicroelectronics X-CUBE-BLE1 7.0.0
2026-08-14 11:01:30,137 [INFO] ThirdParty:939 - CMSIS Pack Vendor :STMicroelectronics FP-ATR-SIGFOX1 3.2.0
2026-08-14 11:01:30,137 [INFO] ThirdParty:939 - CMSIS Pack Vendor :STMicroelectronics X-CUBE-NFC10 1.0.0
2026-08-14 11:01:30,137 [INFO] ThirdParty:939 - CMSIS Pack Vendor :STMicroelectronics X-CUBE-EEPRMA1 5.1.0
2026-08-14 11:01:30,137 [INFO] ThirdParty:939 - CMSIS Pack Vendor :STMicroelectronics HAL Drivers 0.0.0
2026-08-14 11:01:30,137 [INFO] ThirdParty:939 - CMSIS Pack Vendor :STMicroelectronics MBEDTLS 2.16.2
2026-08-14 11:01:30,137 [INFO] ThirdParty:939 - CMSIS Pack Vendor :STMicroelectronics X-CUBE-NFC7 1.0.1
2026-08-14 11:01:30,137 [INFO] ThirdParty:939 - CMSIS Pack Vendor :STMicroelectronics MBEDTLS 2.14.1
2026-08-14 11:01:30,137 [INFO] ThirdParty:939 - CMSIS Pack Vendor :STMicroelectronics X-CUBE-GNSS1 7.1.0
2026-08-14 11:01:30,137 [INFO] ThirdParty:939 - CMSIS Pack Vendor :wolfSSL I-CUBE-wolfSSL 5.7.6
2026-08-14 11:01:30,137 [INFO] ThirdParty:939 - CMSIS Pack Vendor :STMicroelectronics X-CUBE-TOUCHGFX 4.26.0
2026-08-14 11:01:30,137 [INFO] ThirdParty:939 - CMSIS Pack Vendor :STMicroelectronics X-CUBE-TOUCHGFX 4.24.2
2026-08-14 11:01:30,137 [INFO] ThirdParty:939 - CMSIS Pack Vendor :STMicroelectronics X-CUBE-STSE01 1.0.0
2026-08-14 11:01:30,137 [INFO] ThirdParty:939 - CMSIS Pack Vendor :STMicroelectronics X-CUBE-TOUCHGFX 4.26.1
2026-08-14 11:01:30,137 [INFO] ThirdParty:939 - CMSIS Pack Vendor :portGmbH I-Cube-SoM-uGOAL 1.1.0
2026-08-14 11:01:30,137 [INFO] ThirdParty:939 - CMSIS Pack Vendor :STMicroelectronics X-CUBE-NFC6 3.2.0
2026-08-14 11:01:30,137 [INFO] ThirdParty:939 - CMSIS Pack Vendor :STMicroelectronics X-CUBE-AI 10.0.0
2026-08-14 11:01:30,137 [INFO] ThirdParty:939 - CMSIS Pack Vendor :STMicroelectronics X-CUBE-AI 10.2.1
2026-08-14 11:01:30,137 [INFO] ThirdParty:939 - CMSIS Pack Vendor :STMicroelectronics X-CUBE-AI 10.2.0
2026-08-14 11:01:30,137 [INFO] ThirdParty:939 - CMSIS Pack Vendor :STMicroelectronics X-CUBE-MEMS1 12.1.0
2026-08-14 11:01:30,137 [INFO] ThirdParty:939 - CMSIS Pack Vendor :STMicroelectronics X-CUBE-MEMS1 11.1.0
2026-08-14 11:01:30,137 [INFO] ThirdParty:939 - CMSIS Pack Vendor :STMicroelectronics X-CUBE-AZRTOS-WL 2.0.0
2026-08-14 11:01:30,137 [INFO] ThirdParty:939 - CMSIS Pack Vendor :SEGGER I-CUBE-embOS 1.3.1
2026-08-14 11:01:30,138 [INFO] ThirdParty:939 - CMSIS Pack Vendor :STMicroelectronics X-CUBE-ALGOBUILD 1.4.0
2026-08-14 11:01:30,138 [INFO] ThirdParty:939 - CMSIS Pack Vendor :STMicroelectronics X-CUBE-MEMS1 11.3.0
2026-08-14 11:01:30,138 [INFO] ThirdParty:939 - CMSIS Pack Vendor :STMicroelectronics USB_DEVICE 1.0.0
2026-08-14 11:01:30,138 [INFO] ThirdParty:939 - CMSIS Pack Vendor :STMicroelectronics X-CUBE-AZRTOS-H7RS 1.2.0
2026-08-14 11:01:30,138 [INFO] ThirdParty:939 - CMSIS Pack Vendor :STMicroelectronics X-CUBE-AZRTOS-H7RS 1.0.0
2026-08-14 11:01:30,138 [INFO] ThirdParty:939 - CMSIS Pack Vendor :STMicroelectronics X-CUBE-AZRTOS-L4 2.0.0
2026-08-14 11:01:30,138 [INFO] ThirdParty:939 - CMSIS Pack Vendor :WES I-CUBE-Cesium 1.3.0
2026-08-14 11:01:30,138 [INFO] ThirdParty:939 - CMSIS Pack Vendor :STMicroelectronics lwIP 2.1.2
2026-08-14 11:01:30,138 [INFO] ThirdParty:939 - CMSIS Pack Vendor :STMicroelectronics X-CUBE-SFXS2LP1 4.0.0
2026-08-14 11:01:30,138 [INFO] ThirdParty:939 - CMSIS Pack Vendor :STMicroelectronics X-CUBE-BLE2 3.3.0
2026-08-14 11:01:30,138 [INFO] ThirdParty:939 - CMSIS Pack Vendor :STMicroelectronics X-CUBE-NFC13 1.0.0
2026-08-14 11:01:30,138 [INFO] ThirdParty:939 - CMSIS Pack Vendor :STMicroelectronics PDM2PCM 3.2.0
2026-08-14 11:01:30,138 [INFO] ThirdParty:939 - CMSIS Pack Vendor :STMicroelectronics X-CUBE-WB05N 2.1.0
2026-08-14 11:01:30,138 [INFO] ThirdParty:757 - exiting critical section [change project]
2026-08-14 11:01:30,341 [INFO] PinOutPanel:1434 - setPackage(No Configuration,No Configuration)
2026-08-14 11:01:30,341 [INFO] PinOutPanel:1434 - setPackage(STM32F103C8Tx,LQFP48)
2026-08-14 11:01:30,529 [INFO] UtilMem:74 - Before build in PCC Used Memory: 995364744 Bytes (1073741824)
2026-08-14 11:01:30,811 [INFO] SharedServices:72 - Folder for power plug-in: C:/Users/Alunos/.stm32cubemx/plugins/power
2026-08-14 11:01:30,839 [INFO] SharedServices:72 - Folder for power plug-in: C:/Users/Alunos/.stm32cubemx/plugins/power
2026-08-14 11:01:30,868 [INFO] SharedServices:72 - Folder for power plug-in: C:/Users/Alunos/.stm32cubemx/plugins/power
2026-08-14 11:01:30,871 [INFO] SharedServices:72 - Folder for power plug-in: C:/Users/Alunos/.stm32cubemx/plugins/power
2026-08-14 11:01:31,068 [INFO] UtilMem:74 - After build in PCC Used Memory: 979636104 Bytes (1073741824)
2026-08-14 11:01:31,138 [INFO] ApiDbMcu:456 - Load IP Config File for USB_DEVICE
2026-08-14 11:01:31,153 [INFO] IPUIPlugin:64 - create IPUIPlugin
2026-08-14 11:01:31,153 [INFO] IPUIPlugin:64 - create IPUIPlugin
2026-08-14 11:01:31,153 [INFO] IPUIPlugin:64 - create IPUIPlugin
2026-08-14 11:01:31,153 [INFO] IPUIPlugin:64 - create IPUIPlugin
2026-08-14 11:01:31,153 [INFO] IPUIPlugin:64 - create IPUIPlugin
2026-08-14 11:01:31,153 [INFO] IPUIPlugin:64 - create IPUIPlugin
2026-08-14 11:01:31,153 [INFO] IPUIPlugin:64 - create IPUIPlugin
2026-08-14 11:01:31,153 [INFO] IPUIPlugin:64 - create IPUIPlugin
2026-08-14 11:01:31,153 [INFO] IPUIPlugin:64 - create IPUIPlugin
2026-08-14 11:01:31,154 [INFO] IPUIPlugin:64 - create IPUIPlugin
2026-08-14 11:01:31,154 [INFO] IPUIPlugin:64 - create IPUIPlugin
2026-08-14 11:01:31,154 [INFO] IPUIPlugin:64 - create IPUIPlugin
2026-08-14 11:01:31,154 [INFO] IPUIPlugin:64 - create IPUIPlugin
2026-08-14 11:01:31,154 [INFO] IPUIPlugin:64 - create IPUIPlugin
2026-08-14 11:01:31,154 [INFO] IPUIPlugin:64 - create IPUIPlugin
2026-08-14 11:01:31,154 [INFO] IPUIPlugin:64 - create IPUIPlugin
2026-08-14 11:01:31,154 [INFO] IPUIPlugin:64 - create IPUIPlugin
2026-08-14 11:01:31,154 [INFO] IPUIPlugin:64 - create IPUIPlugin
2026-08-14 11:01:31,154 [INFO] IPUIPlugin:64 - create IPUIPlugin
2026-08-14 11:01:31,154 [INFO] IPUIPlugin:64 - create IPUIPlugin
2026-08-14 11:01:31,155 [INFO] IPUIPlugin:64 - create IPUIPlugin
2026-08-14 11:01:31,155 [INFO] IPUIPlugin:64 - create IPUIPlugin
2026-08-14 11:01:31,155 [INFO] IPUIPlugin:64 - create IPUIPlugin
2026-08-14 11:01:31,155 [INFO] IPUIPlugin:64 - create IPUIPlugin
2026-08-14 11:01:31,155 [INFO] IPUIPlugin:64 - create IPUIPlugin
2026-08-14 11:01:31,155 [INFO] IPUIPlugin:64 - create IPUIPlugin
2026-08-14 11:01:31,155 [INFO] IPUIPlugin:64 - create IPUIPlugin
2026-08-14 11:01:31,185 [INFO] LogOutputStream:76 - [STDOUT_REDIRECT] toolchainItems.length=====1
2026-08-14 11:01:31,258 [INFO] OpenFileManager:294 - Restore cursor
